
*** Running vivado
    with args -log top.vdi -applog -m64 -product Vivado -messageDb vivado.pb -mode batch -source top.tcl -notrace


ECHO is off.
ECHO is off.

****** Vivado v2023.2 (64-bit)
  **** SW Build 4029153 on Fri Oct 13 20:14:34 MDT 2023
  **** IP Build 4028589 on Sat Oct 14 00:45:43 MDT 2023
  **** SharedData Build 4025554 on Tue Oct 10 17:18:54 MDT 2023
    ** Copyright 1986-2022 Xilinx, Inc. All Rights Reserved.
    ** Copyright 2022-2023 Advanced Micro Devices, Inc. All Rights Reserved.

source top.tcl -notrace
create_project: Time (s): cpu = 00:00:07 ; elapsed = 00:00:07 . Memory (MB): peak = 484.914 ; gain = 180.359
Command: link_design -top top -part xc7a100tcsg324-1
Design is defaulting to srcset: sources_1
Design is defaulting to constrset: constrs_1
INFO: [Device 21-403] Loading part xc7a100tcsg324-1
INFO: [Project 1-454] Reading design checkpoint 'd:/CodeProject/Verilog_Project/COCP/Verilog/build/bupt_riscv_vivado_acceptance_final/bupt_riscv.gen/sources_1/ip/bupt_riscv_mig/bupt_riscv_mig.dcp' for cell 'u_bupt_riscv_mig'
Netlist sorting complete. Time (s): cpu = 00:00:00 ; elapsed = 00:00:00.231 . Memory (MB): peak = 1009.977 ; gain = 0.000
INFO: [Netlist 29-17] Analyzing 5752 Unisim elements for replacement
INFO: [Netlist 29-28] Unisim Transformation completed in 0 CPU seconds
INFO: [Project 1-479] Netlist was created with Vivado 2023.2
INFO: [Project 1-570] Preparing netlist for logic optimization
Parsing XDC File [d:/CodeProject/Verilog_Project/COCP/Verilog/build/bupt_riscv_vivado_acceptance_final/bupt_riscv.gen/sources_1/ip/bupt_riscv_mig/bupt_riscv_mig/user_design/constraints/bupt_riscv_mig.xdc] for cell 'u_bupt_riscv_mig'
Finished Parsing XDC File [d:/CodeProject/Verilog_Project/COCP/Verilog/build/bupt_riscv_vivado_acceptance_final/bupt_riscv.gen/sources_1/ip/bupt_riscv_mig/bupt_riscv_mig/user_design/constraints/bupt_riscv_mig.xdc] for cell 'u_bupt_riscv_mig'
Parsing XDC File [D:/CodeProject/Verilog_Project/COCP/Verilog/constr/nexys4ddr_bupt_riscv.xdc]
Finished Parsing XDC File [D:/CodeProject/Verilog_Project/COCP/Verilog/constr/nexys4ddr_bupt_riscv.xdc]
INFO: [Opt 31-138] Pushed 0 inverter(s) to 0 load pin(s).
Netlist sorting complete. Time (s): cpu = 00:00:00 ; elapsed = 00:00:00.006 . Memory (MB): peak = 1777.320 ; gain = 0.000
INFO: [Project 1-111] Unisim Transformation Summary:
  A total of 171 instances were transformed.
  IOBUFDS_INTERMDISABLE => IOBUFDS_INTERMDISABLE (IBUFDS_INTERMDISABLE_INT(x2), INV, OBUFTDS(x2)): 2 instances
  IOBUF_INTERMDISABLE => IOBUF_INTERMDISABLE (IBUF_INTERMDISABLE, OBUFT): 16 instances
  LUT6_2 => LUT6_2 (LUT5, LUT6): 24 instances
  OBUFDS => OBUFDS_DUAL_BUF (INV, OBUFDS(x2)): 1 instance 
  RAM32M => RAM32M (RAMD32(x6), RAMS32(x2)): 112 instances
  RAM32M => RAM32M (inverted pins: WCLK) (RAMD32(x6), RAMS32(x2)): 10 instances
  RAM32X1D => RAM32X1D (RAMD32(x2)): 2 instances
  RAM32X1D => RAM32X1D (inverted pins: WCLK) (RAMD32(x2)): 4 instances

The system cannot find the path specified.
8 Infos, 0 Warnings, 0 Critical Warnings and 0 Errors encountered.
link_design completed successfully
link_design: Time (s): cpu = 00:00:16 ; elapsed = 00:00:16 . Memory (MB): peak = 1777.320 ; gain = 1252.316
Command: opt_design -directive Explore
INFO: [Vivado_Tcl 4-136] Directive used for opt_design is: Explore
Attempting to get a license for feature 'Implementation' and/or device 'xc7a100t'
INFO: [Common 17-349] Got license for feature 'Implementation' and/or device 'xc7a100t'
Running DRC as a precondition to command opt_design

Starting DRC Task
INFO: [DRC 23-27] Running DRC with 2 threads
INFO: [Project 1-461] DRC finished with 0 Errors
INFO: [Project 1-462] Please refer to the DRC report (report_drc) for more information.

Time (s): cpu = 00:00:01 ; elapsed = 00:00:00.814 . Memory (MB): peak = 1777.320 ; gain = 0.000

Starting Logic Optimization Task

Phase 1 Initialization

Phase 1.1 Core Generation And Design Setup
Phase 1.1 Core Generation And Design Setup | Checksum: 92beda25

Time (s): cpu = 00:00:00 ; elapsed = 00:00:00.005 . Memory (MB): peak = 2020.852 ; gain = 0.000

Phase 1.2 Setup Constraints And Sort Netlist
Phase 1.2 Setup Constraints And Sort Netlist | Checksum: 92beda25

Time (s): cpu = 00:00:00 ; elapsed = 00:00:00.019 . Memory (MB): peak = 2020.852 ; gain = 0.000
Phase 1 Initialization | Checksum: 92beda25

Time (s): cpu = 00:00:00 ; elapsed = 00:00:00.022 . Memory (MB): peak = 2020.852 ; gain = 0.000

Phase 2 Timer Update And Timing Data Collection

Phase 2.1 Timer Update
INFO: [Timing 38-35] Done setting XDC timing constraints.
Phase 2.1 Timer Update | Checksum: 92beda25

Time (s): cpu = 00:00:02 ; elapsed = 00:00:02 . Memory (MB): peak = 2136.250 ; gain = 115.398

Phase 2.2 Timing Data Collection
Phase 2.2 Timing Data Collection | Checksum: 92beda25

Time (s): cpu = 00:00:02 ; elapsed = 00:00:02 . Memory (MB): peak = 2136.250 ; gain = 115.398
Phase 2 Timer Update And Timing Data Collection | Checksum: 92beda25

Time (s): cpu = 00:00:02 ; elapsed = 00:00:02 . Memory (MB): peak = 2136.250 ; gain = 115.398

Phase 3 Retarget
INFO: [Opt 31-1566] Pulled 12 inverters resulting in an inversion of 251 pins
INFO: [Opt 31-138] Pushed 9 inverter(s) to 10 load pin(s).
INFO: [Opt 31-49] Retargeted 0 cell(s).
Phase 3 Retarget | Checksum: 12614a901

Time (s): cpu = 00:00:03 ; elapsed = 00:00:02 . Memory (MB): peak = 2136.250 ; gain = 115.398
Retarget | Checksum: 12614a901
INFO: [Opt 31-389] Phase Retarget created 74 cells and removed 166 cells
INFO: [Opt 31-1021] In phase Retarget, 19 netlist objects are constrained preventing optimization. Please run opt_design with -debug_log to get more detail. 

Phase 4 Constant propagation
INFO: [Opt 31-138] Pushed 4 inverter(s) to 4 load pin(s).
Phase 4 Constant propagation | Checksum: 11a4f2bc6

Time (s): cpu = 00:00:03 ; elapsed = 00:00:02 . Memory (MB): peak = 2136.250 ; gain = 115.398
Constant propagation | Checksum: 11a4f2bc6
INFO: [Opt 31-389] Phase Constant propagation created 160 cells and removed 404 cells

Phase 5 Sweep
Phase 5 Sweep | Checksum: d98a8599

Time (s): cpu = 00:00:04 ; elapsed = 00:00:03 . Memory (MB): peak = 2136.250 ; gain = 115.398
Sweep | Checksum: d98a8599
INFO: [Opt 31-389] Phase Sweep created 1 cells and removed 275 cells

Phase 6 BUFG optimization
Phase 6 BUFG optimization | Checksum: 15eb0582f

Time (s): cpu = 00:00:04 ; elapsed = 00:00:03 . Memory (MB): peak = 2136.250 ; gain = 115.398
BUFG optimization | Checksum: 15eb0582f
INFO: [Opt 31-662] Phase BUFG optimization created 0 cells of which 0 are BUFGs and removed 0 cells.

Phase 7 Shift Register Optimization
WARNING: [Opt 31-1131] Can not pull register out from u_bupt_riscv_mig/u_bupt_riscv_mig_mig/u_memc_ui_top_axi/u_axi_mc/axi_mc_r_channel_0/rd_data_fifo_0/memory_reg[31][0]_srl32 due to none static srl address bits
WARNING: [Opt 31-1131] Can not pull register out from u_bupt_riscv_mig/u_bupt_riscv_mig_mig/u_memc_ui_top_axi/u_axi_mc/axi_mc_r_channel_0/rd_data_fifo_0/memory_reg[31][100]_srl32 due to none static srl address bits
WARNING: [Opt 31-1131] Can not pull register out from u_bupt_riscv_mig/u_bupt_riscv_mig_mig/u_memc_ui_top_axi/u_axi_mc/axi_mc_r_channel_0/rd_data_fifo_0/memory_reg[31][101]_srl32 due to none static srl address bits
WARNING: [Opt 31-1131] Can not pull register out from u_bupt_riscv_mig/u_bupt_riscv_mig_mig/u_memc_ui_top_axi/u_axi_mc/axi_mc_r_channel_0/rd_data_fifo_0/memory_reg[31][102]_srl32 due to none static srl address bits
WARNING: [Opt 31-1131] Can not pull register out from u_bupt_riscv_mig/u_bupt_riscv_mig_mig/u_memc_ui_top_axi/u_axi_mc/axi_mc_r_channel_0/rd_data_fifo_0/memory_reg[31][103]_srl32 due to none static srl address bits
WARNING: [Opt 31-1131] Can not pull register out from u_bupt_riscv_mig/u_bupt_riscv_mig_mig/u_memc_ui_top_axi/u_axi_mc/axi_mc_r_channel_0/rd_data_fifo_0/memory_reg[31][104]_srl32 due to none static srl address bits
WARNING: [Opt 31-1131] Can not pull register out from u_bupt_riscv_mig/u_bupt_riscv_mig_mig/u_memc_ui_top_axi/u_axi_mc/axi_mc_r_channel_0/rd_data_fifo_0/memory_reg[31][105]_srl32 due to none static srl address bits
WARNING: [Opt 31-1131] Can not pull register out from u_bupt_riscv_mig/u_bupt_riscv_mig_mig/u_memc_ui_top_axi/u_axi_mc/axi_mc_r_channel_0/rd_data_fifo_0/memory_reg[31][106]_srl32 due to none static srl address bits
WARNING: [Opt 31-1131] Can not pull register out from u_bupt_riscv_mig/u_bupt_riscv_mig_mig/u_memc_ui_top_axi/u_axi_mc/axi_mc_r_channel_0/rd_data_fifo_0/memory_reg[31][107]_srl32 due to none static srl address bits
WARNING: [Opt 31-1131] Can not pull register out from u_bupt_riscv_mig/u_bupt_riscv_mig_mig/u_memc_ui_top_axi/u_axi_mc/axi_mc_r_channel_0/rd_data_fifo_0/memory_reg[31][108]_srl32 due to none static srl address bits
WARNING: [Opt 31-1131] Can not pull register out from u_bupt_riscv_mig/u_bupt_riscv_mig_mig/u_memc_ui_top_axi/u_axi_mc/axi_mc_r_channel_0/rd_data_fifo_0/memory_reg[31][109]_srl32 due to none static srl address bits
WARNING: [Opt 31-1131] Can not pull register out from u_bupt_riscv_mig/u_bupt_riscv_mig_mig/u_memc_ui_top_axi/u_axi_mc/axi_mc_r_channel_0/rd_data_fifo_0/memory_reg[31][10]_srl32 due to none static srl address bits
WARNING: [Opt 31-1131] Can not pull register out from u_bupt_riscv_mig/u_bupt_riscv_mig_mig/u_memc_ui_top_axi/u_axi_mc/axi_mc_r_channel_0/rd_data_fifo_0/memory_reg[31][110]_srl32 due to none static srl address bits
WARNING: [Opt 31-1131] Can not pull register out from u_bupt_riscv_mig/u_bupt_riscv_mig_mig/u_memc_ui_top_axi/u_axi_mc/axi_mc_r_channel_0/rd_data_fifo_0/memory_reg[31][111]_srl32 due to none static srl address bits
WARNING: [Opt 31-1131] Can not pull register out from u_bupt_riscv_mig/u_bupt_riscv_mig_mig/u_memc_ui_top_axi/u_axi_mc/axi_mc_r_channel_0/rd_data_fifo_0/memory_reg[31][112]_srl32 due to none static srl address bits
WARNING: [Opt 31-1131] Can not pull register out from u_bupt_riscv_mig/u_bupt_riscv_mig_mig/u_memc_ui_top_axi/u_axi_mc/axi_mc_r_channel_0/rd_data_fifo_0/memory_reg[31][113]_srl32 due to none static srl address bits
WARNING: [Opt 31-1131] Can not pull register out from u_bupt_riscv_mig/u_bupt_riscv_mig_mig/u_memc_ui_top_axi/u_axi_mc/axi_mc_r_channel_0/rd_data_fifo_0/memory_reg[31][114]_srl32 due to none static srl address bits
WARNING: [Opt 31-1131] Can not pull register out from u_bupt_riscv_mig/u_bupt_riscv_mig_mig/u_memc_ui_top_axi/u_axi_mc/axi_mc_r_channel_0/rd_data_fifo_0/memory_reg[31][115]_srl32 due to none static srl address bits
WARNING: [Opt 31-1131] Can not pull register out from u_bupt_riscv_mig/u_bupt_riscv_mig_mig/u_memc_ui_top_axi/u_axi_mc/axi_mc_r_channel_0/rd_data_fifo_0/memory_reg[31][116]_srl32 due to none static srl address bits
WARNING: [Opt 31-1131] Can not pull register out from u_bupt_riscv_mig/u_bupt_riscv_mig_mig/u_memc_ui_top_axi/u_axi_mc/axi_mc_r_channel_0/rd_data_fifo_0/memory_reg[31][117]_srl32 due to none static srl address bits
WARNING: [Opt 31-1131] Can not pull register out from u_bupt_riscv_mig/u_bupt_riscv_mig_mig/u_memc_ui_top_axi/u_axi_mc/axi_mc_r_channel_0/rd_data_fifo_0/memory_reg[31][118]_srl32 due to none static srl address bits
WARNING: [Opt 31-1131] Can not pull register out from u_bupt_riscv_mig/u_bupt_riscv_mig_mig/u_memc_ui_top_axi/u_axi_mc/axi_mc_r_channel_0/rd_data_fifo_0/memory_reg[31][119]_srl32 due to none static srl address bits
WARNING: [Opt 31-1131] Can not pull register out from u_bupt_riscv_mig/u_bupt_riscv_mig_mig/u_memc_ui_top_axi/u_axi_mc/axi_mc_r_channel_0/rd_data_fifo_0/memory_reg[31][11]_srl32 due to none static srl address bits
WARNING: [Opt 31-1131] Can not pull register out from u_bupt_riscv_mig/u_bupt_riscv_mig_mig/u_memc_ui_top_axi/u_axi_mc/axi_mc_r_channel_0/rd_data_fifo_0/memory_reg[31][120]_srl32 due to none static srl address bits
WARNING: [Opt 31-1131] Can not pull register out from u_bupt_riscv_mig/u_bupt_riscv_mig_mig/u_memc_ui_top_axi/u_axi_mc/axi_mc_r_channel_0/rd_data_fifo_0/memory_reg[31][121]_srl32 due to none static srl address bits
WARNING: [Opt 31-1131] Can not pull register out from u_bupt_riscv_mig/u_bupt_riscv_mig_mig/u_memc_ui_top_axi/u_axi_mc/axi_mc_r_channel_0/rd_data_fifo_0/memory_reg[31][122]_srl32 due to none static srl address bits
WARNING: [Opt 31-1131] Can not pull register out from u_bupt_riscv_mig/u_bupt_riscv_mig_mig/u_memc_ui_top_axi/u_axi_mc/axi_mc_r_channel_0/rd_data_fifo_0/memory_reg[31][123]_srl32 due to none static srl address bits
WARNING: [Opt 31-1131] Can not pull register out from u_bupt_riscv_mig/u_bupt_riscv_mig_mig/u_memc_ui_top_axi/u_axi_mc/axi_mc_r_channel_0/rd_data_fifo_0/memory_reg[31][124]_srl32 due to none static srl address bits
WARNING: [Opt 31-1131] Can not pull register out from u_bupt_riscv_mig/u_bupt_riscv_mig_mig/u_memc_ui_top_axi/u_axi_mc/axi_mc_r_channel_0/rd_data_fifo_0/memory_reg[31][125]_srl32 due to none static srl address bits
WARNING: [Opt 31-1131] Can not pull register out from u_bupt_riscv_mig/u_bupt_riscv_mig_mig/u_memc_ui_top_axi/u_axi_mc/axi_mc_r_channel_0/rd_data_fifo_0/memory_reg[31][126]_srl32 due to none static srl address bits
WARNING: [Opt 31-1131] Can not pull register out from u_bupt_riscv_mig/u_bupt_riscv_mig_mig/u_memc_ui_top_axi/u_axi_mc/axi_mc_r_channel_0/rd_data_fifo_0/memory_reg[31][127]_srl32 due to none static srl address bits
WARNING: [Opt 31-1131] Can not pull register out from u_bupt_riscv_mig/u_bupt_riscv_mig_mig/u_memc_ui_top_axi/u_axi_mc/axi_mc_r_channel_0/rd_data_fifo_0/memory_reg[31][12]_srl32 due to none static srl address bits
WARNING: [Opt 31-1131] Can not pull register out from u_bupt_riscv_mig/u_bupt_riscv_mig_mig/u_memc_ui_top_axi/u_axi_mc/axi_mc_r_channel_0/rd_data_fifo_0/memory_reg[31][13]_srl32 due to none static srl address bits
WARNING: [Opt 31-1131] Can not pull register out from u_bupt_riscv_mig/u_bupt_riscv_mig_mig/u_memc_ui_top_axi/u_axi_mc/axi_mc_r_channel_0/rd_data_fifo_0/memory_reg[31][14]_srl32 due to none static srl address bits
WARNING: [Opt 31-1131] Can not pull register out from u_bupt_riscv_mig/u_bupt_riscv_mig_mig/u_memc_ui_top_axi/u_axi_mc/axi_mc_r_channel_0/rd_data_fifo_0/memory_reg[31][15]_srl32 due to none static srl address bits
WARNING: [Opt 31-1131] Can not pull register out from u_bupt_riscv_mig/u_bupt_riscv_mig_mig/u_memc_ui_top_axi/u_axi_mc/axi_mc_r_channel_0/rd_data_fifo_0/memory_reg[31][16]_srl32 due to none static srl address bits
WARNING: [Opt 31-1131] Can not pull register out from u_bupt_riscv_mig/u_bupt_riscv_mig_mig/u_memc_ui_top_axi/u_axi_mc/axi_mc_r_channel_0/rd_data_fifo_0/memory_reg[31][17]_srl32 due to none static srl address bits
WARNING: [Opt 31-1131] Can not pull register out from u_bupt_riscv_mig/u_bupt_riscv_mig_mig/u_memc_ui_top_axi/u_axi_mc/axi_mc_r_channel_0/rd_data_fifo_0/memory_reg[31][18]_srl32 due to none static srl address bits
WARNING: [Opt 31-1131] Can not pull register out from u_bupt_riscv_mig/u_bupt_riscv_mig_mig/u_memc_ui_top_axi/u_axi_mc/axi_mc_r_channel_0/rd_data_fifo_0/memory_reg[31][19]_srl32 due to none static srl address bits
WARNING: [Opt 31-1131] Can not pull register out from u_bupt_riscv_mig/u_bupt_riscv_mig_mig/u_memc_ui_top_axi/u_axi_mc/axi_mc_r_channel_0/rd_data_fifo_0/memory_reg[31][1]_srl32 due to none static srl address bits
WARNING: [Opt 31-1131] Can not pull register out from u_bupt_riscv_mig/u_bupt_riscv_mig_mig/u_memc_ui_top_axi/u_axi_mc/axi_mc_r_channel_0/rd_data_fifo_0/memory_reg[31][20]_srl32 due to none static srl address bits
WARNING: [Opt 31-1131] Can not pull register out from u_bupt_riscv_mig/u_bupt_riscv_mig_mig/u_memc_ui_top_axi/u_axi_mc/axi_mc_r_channel_0/rd_data_fifo_0/memory_reg[31][21]_srl32 due to none static srl address bits
WARNING: [Opt 31-1131] Can not pull register out from u_bupt_riscv_mig/u_bupt_riscv_mig_mig/u_memc_ui_top_axi/u_axi_mc/axi_mc_r_channel_0/rd_data_fifo_0/memory_reg[31][22]_srl32 due to none static srl address bits
WARNING: [Opt 31-1131] Can not pull register out from u_bupt_riscv_mig/u_bupt_riscv_mig_mig/u_memc_ui_top_axi/u_axi_mc/axi_mc_r_channel_0/rd_data_fifo_0/memory_reg[31][23]_srl32 due to none static srl address bits
WARNING: [Opt 31-1131] Can not pull register out from u_bupt_riscv_mig/u_bupt_riscv_mig_mig/u_memc_ui_top_axi/u_axi_mc/axi_mc_r_channel_0/rd_data_fifo_0/memory_reg[31][24]_srl32 due to none static srl address bits
WARNING: [Opt 31-1131] Can not pull register out from u_bupt_riscv_mig/u_bupt_riscv_mig_mig/u_memc_ui_top_axi/u_axi_mc/axi_mc_r_channel_0/rd_data_fifo_0/memory_reg[31][25]_srl32 due to none static srl address bits
WARNING: [Opt 31-1131] Can not pull register out from u_bupt_riscv_mig/u_bupt_riscv_mig_mig/u_memc_ui_top_axi/u_axi_mc/axi_mc_r_channel_0/rd_data_fifo_0/memory_reg[31][26]_srl32 due to none static srl address bits
WARNING: [Opt 31-1131] Can not pull register out from u_bupt_riscv_mig/u_bupt_riscv_mig_mig/u_memc_ui_top_axi/u_axi_mc/axi_mc_r_channel_0/rd_data_fifo_0/memory_reg[31][27]_srl32 due to none static srl address bits
WARNING: [Opt 31-1131] Can not pull register out from u_bupt_riscv_mig/u_bupt_riscv_mig_mig/u_memc_ui_top_axi/u_axi_mc/axi_mc_r_channel_0/rd_data_fifo_0/memory_reg[31][28]_srl32 due to none static srl address bits
WARNING: [Opt 31-1131] Can not pull register out from u_bupt_riscv_mig/u_bupt_riscv_mig_mig/u_memc_ui_top_axi/u_axi_mc/axi_mc_r_channel_0/rd_data_fifo_0/memory_reg[31][29]_srl32 due to none static srl address bits
WARNING: [Opt 31-1131] Can not pull register out from u_bupt_riscv_mig/u_bupt_riscv_mig_mig/u_memc_ui_top_axi/u_axi_mc/axi_mc_r_channel_0/rd_data_fifo_0/memory_reg[31][2]_srl32 due to none static srl address bits
WARNING: [Opt 31-1131] Can not pull register out from u_bupt_riscv_mig/u_bupt_riscv_mig_mig/u_memc_ui_top_axi/u_axi_mc/axi_mc_r_channel_0/rd_data_fifo_0/memory_reg[31][30]_srl32 due to none static srl address bits
WARNING: [Opt 31-1131] Can not pull register out from u_bupt_riscv_mig/u_bupt_riscv_mig_mig/u_memc_ui_top_axi/u_axi_mc/axi_mc_r_channel_0/rd_data_fifo_0/memory_reg[31][31]_srl32 due to none static srl address bits
WARNING: [Opt 31-1131] Can not pull register out from u_bupt_riscv_mig/u_bupt_riscv_mig_mig/u_memc_ui_top_axi/u_axi_mc/axi_mc_r_channel_0/rd_data_fifo_0/memory_reg[31][32]_srl32 due to none static srl address bits
WARNING: [Opt 31-1131] Can not pull register out from u_bupt_riscv_mig/u_bupt_riscv_mig_mig/u_memc_ui_top_axi/u_axi_mc/axi_mc_r_channel_0/rd_data_fifo_0/memory_reg[31][33]_srl32 due to none static srl address bits
WARNING: [Opt 31-1131] Can not pull register out from u_bupt_riscv_mig/u_bupt_riscv_mig_mig/u_memc_ui_top_axi/u_axi_mc/axi_mc_r_channel_0/rd_data_fifo_0/memory_reg[31][34]_srl32 due to none static srl address bits
WARNING: [Opt 31-1131] Can not pull register out from u_bupt_riscv_mig/u_bupt_riscv_mig_mig/u_memc_ui_top_axi/u_axi_mc/axi_mc_r_channel_0/rd_data_fifo_0/memory_reg[31][35]_srl32 due to none static srl address bits
WARNING: [Opt 31-1131] Can not pull register out from u_bupt_riscv_mig/u_bupt_riscv_mig_mig/u_memc_ui_top_axi/u_axi_mc/axi_mc_r_channel_0/rd_data_fifo_0/memory_reg[31][36]_srl32 due to none static srl address bits
WARNING: [Opt 31-1131] Can not pull register out from u_bupt_riscv_mig/u_bupt_riscv_mig_mig/u_memc_ui_top_axi/u_axi_mc/axi_mc_r_channel_0/rd_data_fifo_0/memory_reg[31][37]_srl32 due to none static srl address bits
WARNING: [Opt 31-1131] Can not pull register out from u_bupt_riscv_mig/u_bupt_riscv_mig_mig/u_memc_ui_top_axi/u_axi_mc/axi_mc_r_channel_0/rd_data_fifo_0/memory_reg[31][38]_srl32 due to none static srl address bits
WARNING: [Opt 31-1131] Can not pull register out from u_bupt_riscv_mig/u_bupt_riscv_mig_mig/u_memc_ui_top_axi/u_axi_mc/axi_mc_r_channel_0/rd_data_fifo_0/memory_reg[31][39]_srl32 due to none static srl address bits
WARNING: [Opt 31-1131] Can not pull register out from u_bupt_riscv_mig/u_bupt_riscv_mig_mig/u_memc_ui_top_axi/u_axi_mc/axi_mc_r_channel_0/rd_data_fifo_0/memory_reg[31][3]_srl32 due to none static srl address bits
WARNING: [Opt 31-1131] Can not pull register out from u_bupt_riscv_mig/u_bupt_riscv_mig_mig/u_memc_ui_top_axi/u_axi_mc/axi_mc_r_channel_0/rd_data_fifo_0/memory_reg[31][40]_srl32 due to none static srl address bits
WARNING: [Opt 31-1131] Can not pull register out from u_bupt_riscv_mig/u_bupt_riscv_mig_mig/u_memc_ui_top_axi/u_axi_mc/axi_mc_r_channel_0/rd_data_fifo_0/memory_reg[31][41]_srl32 due to none static srl address bits
WARNING: [Opt 31-1131] Can not pull register out from u_bupt_riscv_mig/u_bupt_riscv_mig_mig/u_memc_ui_top_axi/u_axi_mc/axi_mc_r_channel_0/rd_data_fifo_0/memory_reg[31][42]_srl32 due to none static srl address bits
WARNING: [Opt 31-1131] Can not pull register out from u_bupt_riscv_mig/u_bupt_riscv_mig_mig/u_memc_ui_top_axi/u_axi_mc/axi_mc_r_channel_0/rd_data_fifo_0/memory_reg[31][43]_srl32 due to none static srl address bits
WARNING: [Opt 31-1131] Can not pull register out from u_bupt_riscv_mig/u_bupt_riscv_mig_mig/u_memc_ui_top_axi/u_axi_mc/axi_mc_r_channel_0/rd_data_fifo_0/memory_reg[31][44]_srl32 due to none static srl address bits
WARNING: [Opt 31-1131] Can not pull register out from u_bupt_riscv_mig/u_bupt_riscv_mig_mig/u_memc_ui_top_axi/u_axi_mc/axi_mc_r_channel_0/rd_data_fifo_0/memory_reg[31][45]_srl32 due to none static srl address bits
WARNING: [Opt 31-1131] Can not pull register out from u_bupt_riscv_mig/u_bupt_riscv_mig_mig/u_memc_ui_top_axi/u_axi_mc/axi_mc_r_channel_0/rd_data_fifo_0/memory_reg[31][46]_srl32 due to none static srl address bits
WARNING: [Opt 31-1131] Can not pull register out from u_bupt_riscv_mig/u_bupt_riscv_mig_mig/u_memc_ui_top_axi/u_axi_mc/axi_mc_r_channel_0/rd_data_fifo_0/memory_reg[31][47]_srl32 due to none static srl address bits
WARNING: [Opt 31-1131] Can not pull register out from u_bupt_riscv_mig/u_bupt_riscv_mig_mig/u_memc_ui_top_axi/u_axi_mc/axi_mc_r_channel_0/rd_data_fifo_0/memory_reg[31][48]_srl32 due to none static srl address bits
WARNING: [Opt 31-1131] Can not pull register out from u_bupt_riscv_mig/u_bupt_riscv_mig_mig/u_memc_ui_top_axi/u_axi_mc/axi_mc_r_channel_0/rd_data_fifo_0/memory_reg[31][49]_srl32 due to none static srl address bits
WARNING: [Opt 31-1131] Can not pull register out from u_bupt_riscv_mig/u_bupt_riscv_mig_mig/u_memc_ui_top_axi/u_axi_mc/axi_mc_r_channel_0/rd_data_fifo_0/memory_reg[31][4]_srl32 due to none static srl address bits
WARNING: [Opt 31-1131] Can not pull register out from u_bupt_riscv_mig/u_bupt_riscv_mig_mig/u_memc_ui_top_axi/u_axi_mc/axi_mc_r_channel_0/rd_data_fifo_0/memory_reg[31][50]_srl32 due to none static srl address bits
WARNING: [Opt 31-1131] Can not pull register out from u_bupt_riscv_mig/u_bupt_riscv_mig_mig/u_memc_ui_top_axi/u_axi_mc/axi_mc_r_channel_0/rd_data_fifo_0/memory_reg[31][51]_srl32 due to none static srl address bits
WARNING: [Opt 31-1131] Can not pull register out from u_bupt_riscv_mig/u_bupt_riscv_mig_mig/u_memc_ui_top_axi/u_axi_mc/axi_mc_r_channel_0/rd_data_fifo_0/memory_reg[31][52]_srl32 due to none static srl address bits
WARNING: [Opt 31-1131] Can not pull register out from u_bupt_riscv_mig/u_bupt_riscv_mig_mig/u_memc_ui_top_axi/u_axi_mc/axi_mc_r_channel_0/rd_data_fifo_0/memory_reg[31][53]_srl32 due to none static srl address bits
WARNING: [Opt 31-1131] Can not pull register out from u_bupt_riscv_mig/u_bupt_riscv_mig_mig/u_memc_ui_top_axi/u_axi_mc/axi_mc_r_channel_0/rd_data_fifo_0/memory_reg[31][54]_srl32 due to none static srl address bits
WARNING: [Opt 31-1131] Can not pull register out from u_bupt_riscv_mig/u_bupt_riscv_mig_mig/u_memc_ui_top_axi/u_axi_mc/axi_mc_r_channel_0/rd_data_fifo_0/memory_reg[31][55]_srl32 due to none static srl address bits
WARNING: [Opt 31-1131] Can not pull register out from u_bupt_riscv_mig/u_bupt_riscv_mig_mig/u_memc_ui_top_axi/u_axi_mc/axi_mc_r_channel_0/rd_data_fifo_0/memory_reg[31][56]_srl32 due to none static srl address bits
WARNING: [Opt 31-1131] Can not pull register out from u_bupt_riscv_mig/u_bupt_riscv_mig_mig/u_memc_ui_top_axi/u_axi_mc/axi_mc_r_channel_0/rd_data_fifo_0/memory_reg[31][57]_srl32 due to none static srl address bits
WARNING: [Opt 31-1131] Can not pull register out from u_bupt_riscv_mig/u_bupt_riscv_mig_mig/u_memc_ui_top_axi/u_axi_mc/axi_mc_r_channel_0/rd_data_fifo_0/memory_reg[31][58]_srl32 due to none static srl address bits
WARNING: [Opt 31-1131] Can not pull register out from u_bupt_riscv_mig/u_bupt_riscv_mig_mig/u_memc_ui_top_axi/u_axi_mc/axi_mc_r_channel_0/rd_data_fifo_0/memory_reg[31][59]_srl32 due to none static srl address bits
WARNING: [Opt 31-1131] Can not pull register out from u_bupt_riscv_mig/u_bupt_riscv_mig_mig/u_memc_ui_top_axi/u_axi_mc/axi_mc_r_channel_0/rd_data_fifo_0/memory_reg[31][5]_srl32 due to none static srl address bits
WARNING: [Opt 31-1131] Can not pull register out from u_bupt_riscv_mig/u_bupt_riscv_mig_mig/u_memc_ui_top_axi/u_axi_mc/axi_mc_r_channel_0/rd_data_fifo_0/memory_reg[31][60]_srl32 due to none static srl address bits
WARNING: [Opt 31-1131] Can not pull register out from u_bupt_riscv_mig/u_bupt_riscv_mig_mig/u_memc_ui_top_axi/u_axi_mc/axi_mc_r_channel_0/rd_data_fifo_0/memory_reg[31][61]_srl32 due to none static srl address bits
WARNING: [Opt 31-1131] Can not pull register out from u_bupt_riscv_mig/u_bupt_riscv_mig_mig/u_memc_ui_top_axi/u_axi_mc/axi_mc_r_channel_0/rd_data_fifo_0/memory_reg[31][62]_srl32 due to none static srl address bits
WARNING: [Opt 31-1131] Can not pull register out from u_bupt_riscv_mig/u_bupt_riscv_mig_mig/u_memc_ui_top_axi/u_axi_mc/axi_mc_r_channel_0/rd_data_fifo_0/memory_reg[31][63]_srl32 due to none static srl address bits
WARNING: [Opt 31-1131] Can not pull register out from u_bupt_riscv_mig/u_bupt_riscv_mig_mig/u_memc_ui_top_axi/u_axi_mc/axi_mc_r_channel_0/rd_data_fifo_0/memory_reg[31][64]_srl32 due to none static srl address bits
WARNING: [Opt 31-1131] Can not pull register out from u_bupt_riscv_mig/u_bupt_riscv_mig_mig/u_memc_ui_top_axi/u_axi_mc/axi_mc_r_channel_0/rd_data_fifo_0/memory_reg[31][65]_srl32 due to none static srl address bits
WARNING: [Opt 31-1131] Can not pull register out from u_bupt_riscv_mig/u_bupt_riscv_mig_mig/u_memc_ui_top_axi/u_axi_mc/axi_mc_r_channel_0/rd_data_fifo_0/memory_reg[31][66]_srl32 due to none static srl address bits
WARNING: [Opt 31-1131] Can not pull register out from u_bupt_riscv_mig/u_bupt_riscv_mig_mig/u_memc_ui_top_axi/u_axi_mc/axi_mc_r_channel_0/rd_data_fifo_0/memory_reg[31][67]_srl32 due to none static srl address bits
WARNING: [Opt 31-1131] Can not pull register out from u_bupt_riscv_mig/u_bupt_riscv_mig_mig/u_memc_ui_top_axi/u_axi_mc/axi_mc_r_channel_0/rd_data_fifo_0/memory_reg[31][68]_srl32 due to none static srl address bits
WARNING: [Opt 31-1131] Can not pull register out from u_bupt_riscv_mig/u_bupt_riscv_mig_mig/u_memc_ui_top_axi/u_axi_mc/axi_mc_r_channel_0/rd_data_fifo_0/memory_reg[31][69]_srl32 due to none static srl address bits
WARNING: [Opt 31-1131] Can not pull register out from u_bupt_riscv_mig/u_bupt_riscv_mig_mig/u_memc_ui_top_axi/u_axi_mc/axi_mc_r_channel_0/rd_data_fifo_0/memory_reg[31][6]_srl32 due to none static srl address bits
WARNING: [Opt 31-1131] Can not pull register out from u_bupt_riscv_mig/u_bupt_riscv_mig_mig/u_memc_ui_top_axi/u_axi_mc/axi_mc_r_channel_0/rd_data_fifo_0/memory_reg[31][70]_srl32 due to none static srl address bits
WARNING: [Opt 31-1131] Can not pull register out from u_bupt_riscv_mig/u_bupt_riscv_mig_mig/u_memc_ui_top_axi/u_axi_mc/axi_mc_r_channel_0/rd_data_fifo_0/memory_reg[31][71]_srl32 due to none static srl address bits
WARNING: [Opt 31-1131] Can not pull register out from u_bupt_riscv_mig/u_bupt_riscv_mig_mig/u_memc_ui_top_axi/u_axi_mc/axi_mc_r_channel_0/rd_data_fifo_0/memory_reg[31][72]_srl32 due to none static srl address bits
WARNING: [Opt 31-1131] Can not pull register out from u_bupt_riscv_mig/u_bupt_riscv_mig_mig/u_memc_ui_top_axi/u_axi_mc/axi_mc_r_channel_0/rd_data_fifo_0/memory_reg[31][73]_srl32 due to none static srl address bits
WARNING: [Opt 31-1131] Can not pull register out from u_bupt_riscv_mig/u_bupt_riscv_mig_mig/u_memc_ui_top_axi/u_axi_mc/axi_mc_r_channel_0/rd_data_fifo_0/memory_reg[31][74]_srl32 due to none static srl address bits
INFO: [Common 17-14] Message 'Opt 31-1131' appears 100 times and further instances of the messages will be disabled. Use the Tcl command set_msg_config to change the current settings.
INFO: [Opt 31-1064] SRL Remap converted 0 SRLs to 0 registers and converted 0 registers of register chains to 0 SRLs
Phase 7 Shift Register Optimization | Checksum: 15eb0582f

Time (s): cpu = 00:00:04 ; elapsed = 00:00:03 . Memory (MB): peak = 2136.250 ; gain = 115.398
Shift Register Optimization | Checksum: 15eb0582f
INFO: [Opt 31-389] Phase Shift Register Optimization created 0 cells and removed 0 cells
INFO: [Opt 31-1555] control_set_opt supports Versal devices only, and device 7a100t is unsupported

Phase 8 Post Processing Netlist
Phase 8 Post Processing Netlist | Checksum: d98a8599

Time (s): cpu = 00:00:04 ; elapsed = 00:00:03 . Memory (MB): peak = 2136.250 ; gain = 115.398
Post Processing Netlist | Checksum: d98a8599
INFO: [Opt 31-389] Phase Post Processing Netlist created 0 cells and removed 0 cells
INFO: [Opt 31-1021] In phase Post Processing Netlist, 1 netlist objects are constrained preventing optimization. Please run opt_design with -debug_log to get more detail. 

Phase 9 Finalization

Phase 9.1 Finalizing Design Cores and Updating Shapes
Phase 9.1 Finalizing Design Cores and Updating Shapes | Checksum: 131a64be3

Time (s): cpu = 00:00:04 ; elapsed = 00:00:04 . Memory (MB): peak = 2136.250 ; gain = 115.398

Phase 9.2 Verifying Netlist Connectivity

Starting Connectivity Check Task

Time (s): cpu = 00:00:00 ; elapsed = 00:00:00.039 . Memory (MB): peak = 2136.250 ; gain = 0.000
Phase 9.2 Verifying Netlist Connectivity | Checksum: 131a64be3

Time (s): cpu = 00:00:04 ; elapsed = 00:00:04 . Memory (MB): peak = 2136.250 ; gain = 115.398
Phase 9 Finalization | Checksum: 131a64be3

Time (s): cpu = 00:00:04 ; elapsed = 00:00:04 . Memory (MB): peak = 2136.250 ; gain = 115.398
Opt_design Change Summary
=========================


-------------------------------------------------------------------------------------------------------------------------
|  Phase                        |  #Cells created  |  #Cells Removed  |  #Constrained objects preventing optimizations  |
-------------------------------------------------------------------------------------------------------------------------
|  Retarget                     |              74  |             166  |                                             19  |
|  Constant propagation         |             160  |             404  |                                              0  |
|  Sweep                        |               1  |             275  |                                              0  |
|  BUFG optimization            |               0  |               0  |                                              0  |
|  Shift Register Optimization  |               0  |               0  |                                              0  |
|  Post Processing Netlist      |               0  |               0  |                                              1  |
-------------------------------------------------------------------------------------------------------------------------


Ending Logic Optimization Task | Checksum: 131a64be3

Time (s): cpu = 00:00:04 ; elapsed = 00:00:04 . Memory (MB): peak = 2136.250 ; gain = 115.398
INFO: [Constraints 18-11670] Building netlist checker database with flags, 0x8
Done building netlist checker database: Time (s): cpu = 00:00:00 ; elapsed = 00:00:00.008 . Memory (MB): peak = 2136.250 ; gain = 0.000

Starting Netlist Obfuscation Task
Netlist sorting complete. Time (s): cpu = 00:00:00 ; elapsed = 00:00:00.007 . Memory (MB): peak = 2136.250 ; gain = 0.000
Ending Netlist Obfuscation Task | Checksum: 131a64be3

Time (s): cpu = 00:00:00 ; elapsed = 00:00:00.012 . Memory (MB): peak = 2136.250 ; gain = 0.000
INFO: [Common 17-83] Releasing license: Implementation
31 Infos, 100 Warnings, 0 Critical Warnings and 0 Errors encountered.
opt_design completed successfully
opt_design: Time (s): cpu = 00:00:07 ; elapsed = 00:00:07 . Memory (MB): peak = 2136.250 ; gain = 358.930
INFO: [runtcl-4] Executing : report_drc -file top_drc_opted.rpt -pb top_drc_opted.pb -rpx top_drc_opted.rpx
Command: report_drc -file top_drc_opted.rpt -pb top_drc_opted.pb -rpx top_drc_opted.rpx
INFO: [IP_Flow 19-1839] IP Catalog is up to date.
INFO: [DRC 23-27] Running DRC with 2 threads
INFO: [Vivado_Tcl 2-168] The results of DRC are in file D:/CodeProject/Verilog_Project/COCP/Verilog/build/bupt_riscv_vivado_acceptance_final/bupt_riscv.runs/impl_1/top_drc_opted.rpt.
report_drc completed successfully
INFO: [Timing 38-35] Done setting XDC timing constraints.
INFO: [Timing 38-480] Writing timing data to binary archive.
Wrote PlaceDB: Time (s): cpu = 00:00:00 ; elapsed = 00:00:00.014 . Memory (MB): peak = 2146.254 ; gain = 1.160
Wrote PulsedLatchDB: Time (s): cpu = 00:00:00 ; elapsed = 00:00:00 . Memory (MB): peak = 2146.254 ; gain = 0.000
Writing XDEF routing.
Writing XDEF routing logical nets.
Write ShapeDB Complete: Time (s): cpu = 00:00:01 ; elapsed = 00:00:00.044 . Memory (MB): peak = 2146.254 ; gain = 1.160
Writing XDEF routing special nets.
Wrote RouteStorage: Time (s): cpu = 00:00:00 ; elapsed = 00:00:00.058 . Memory (MB): peak = 2146.254 ; gain = 0.000
Wrote Netlist Cache: Time (s): cpu = 00:00:00 ; elapsed = 00:00:00.001 . Memory (MB): peak = 2146.254 ; gain = 0.000
Wrote Device Cache: Time (s): cpu = 00:00:00 ; elapsed = 00:00:00.005 . Memory (MB): peak = 2146.254 ; gain = 0.000
Write Physdb Complete: Time (s): cpu = 00:00:00 ; elapsed = 00:00:00.080 . Memory (MB): peak = 2146.254 ; gain = 1.160
INFO: [Common 17-1381] The checkpoint 'D:/CodeProject/Verilog_Project/COCP/Verilog/build/bupt_riscv_vivado_acceptance_final/bupt_riscv.runs/impl_1/top_opt.dcp' has been generated.
Command: place_design -directive Explore
Attempting to get a license for feature 'Implementation' and/or device 'xc7a100t'
INFO: [Common 17-349] Got license for feature 'Implementation' and/or device 'xc7a100t'
INFO: [Common 17-83] Releasing license: Implementation
INFO: [DRC 23-27] Running DRC with 2 threads
INFO: [Vivado_Tcl 4-198] DRC finished with 0 Errors
INFO: [Vivado_Tcl 4-199] Please refer to the DRC report (report_drc) for more information.
Running DRC as a precondition to command place_design
INFO: [DRC 23-27] Running DRC with 2 threads
INFO: [Vivado_Tcl 4-198] DRC finished with 0 Errors, 21 Warnings
INFO: [Vivado_Tcl 4-199] Please refer to the DRC report (report_drc) for more information.
INFO: [Place 46-5] The placer was invoked with the 'Explore' directive.
INFO: [Place 30-611] Multithreading enabled for place_design using a maximum of 2 CPUs

Starting Placer Task

Phase 1 Placer Initialization

Phase 1.1 Placer Initialization Netlist Sorting
Netlist sorting complete. Time (s): cpu = 00:00:00 ; elapsed = 00:00:00.006 . Memory (MB): peak = 2154.469 ; gain = 0.000
Phase 1.1 Placer Initialization Netlist Sorting | Checksum: 115f7baf2

Time (s): cpu = 00:00:00 ; elapsed = 00:00:00.011 . Memory (MB): peak = 2154.469 ; gain = 0.000
Netlist sorting complete. Time (s): cpu = 00:00:00 ; elapsed = 00:00:00.005 . Memory (MB): peak = 2154.469 ; gain = 0.000

Phase 1.2 IO Placement/ Clock Placement/ Build Placer Device
Phase 1.2 IO Placement/ Clock Placement/ Build Placer Device | Checksum: e267873d

Time (s): cpu = 00:00:02 ; elapsed = 00:00:01 . Memory (MB): peak = 2154.469 ; gain = 0.000

Phase 1.3 Build Placer Netlist Model
Phase 1.3 Build Placer Netlist Model | Checksum: 107bc9e11

Time (s): cpu = 00:00:09 ; elapsed = 00:00:06 . Memory (MB): peak = 2376.223 ; gain = 221.754

Phase 1.4 Constrain Clocks/Macros
Phase 1.4 Constrain Clocks/Macros | Checksum: 107bc9e11

Time (s): cpu = 00:00:09 ; elapsed = 00:00:06 . Memory (MB): peak = 2376.223 ; gain = 221.754
Phase 1 Placer Initialization | Checksum: 107bc9e11

Time (s): cpu = 00:00:09 ; elapsed = 00:00:06 . Memory (MB): peak = 2376.223 ; gain = 221.754

Phase 2 Global Placement

Phase 2.1 Floorplanning
Phase 2.1 Floorplanning | Checksum: 125c9315c

Time (s): cpu = 00:00:11 ; elapsed = 00:00:08 . Memory (MB): peak = 2376.223 ; gain = 221.754

Phase 2.2 Update Timing before SLR Path Opt
Phase 2.2 Update Timing before SLR Path Opt | Checksum: 110a06283

Time (s): cpu = 00:00:13 ; elapsed = 00:00:09 . Memory (MB): peak = 2376.223 ; gain = 221.754

Phase 2.3 Post-Processing in Floorplanning
Phase 2.3 Post-Processing in Floorplanning | Checksum: 110a06283

Time (s): cpu = 00:00:13 ; elapsed = 00:00:09 . Memory (MB): peak = 2376.223 ; gain = 221.754

Phase 2.4 Global Placement Core

Phase 2.4.1 UpdateTiming Before Physical Synthesis
Phase 2.4.1 UpdateTiming Before Physical Synthesis | Checksum: 146ab49f5

Time (s): cpu = 00:00:36 ; elapsed = 00:00:23 . Memory (MB): peak = 2376.223 ; gain = 221.754

Phase 2.4.2 Physical Synthesis In Placer
INFO: [Physopt 32-1035] Found 37 LUTNM shape to break, 964 LUT instances to create LUTNM shape
INFO: [Physopt 32-1044] Break lutnm for timing: one critical 25, two critical 12, total 37, new lutff created 0
INFO: [Physopt 32-1138] End 1 Pass. Optimized 460 nets or LUTs. Breaked 37 LUTs, combined 423 existing LUTs and moved 0 existing LUT
INFO: [Physopt 32-76] Pass 1. Identified 2 candidate nets for fanout optimization.
INFO: [Physopt 32-81] Processed net soc/cpu/exmem_alu/Q[4]. Replicated 10 times.
INFO: [Physopt 32-81] Processed net soc/cpu/pcreg/q_reg[31]_0[2]. Replicated 13 times.
INFO: [Physopt 32-232] Optimized 2 nets. Created 23 new instances.
INFO: [Physopt 32-775] End 1 Pass. Optimized 2 nets or cells. Created 23 new cells, deleted 0 existing cell and moved 0 existing cell
Netlist sorting complete. Time (s): cpu = 00:00:01 ; elapsed = 00:00:00.093 . Memory (MB): peak = 2376.223 ; gain = 0.000
INFO: [Physopt 32-76] Pass 1. Identified 1 candidate net for fanout optimization.
INFO: [Physopt 32-81] Processed net soc/cpu/exmem_alu/q_reg[5]_rep_0[1]. Replicated 9 times.
INFO: [Physopt 32-232] Optimized 1 net. Created 9 new instances.
INFO: [Physopt 32-775] End 1 Pass. Optimized 1 net or cell. Created 9 new cells, deleted 0 existing cell and moved 0 existing cell
Netlist sorting complete. Time (s): cpu = 00:00:00 ; elapsed = 00:00:00.064 . Memory (MB): peak = 2376.223 ; gain = 0.000
INFO: [Physopt 32-46] Identified 4 candidate nets for critical-cell optimization.
INFO: [Physopt 32-232] Optimized 0 net. Created 0 new instance.
INFO: [Physopt 32-775] End 1 Pass. Optimized 0 net or cell. Created 0 new cell, deleted 0 existing cell and moved 0 existing cell
INFO: [Physopt 32-456] No candidate cells for DSP register optimization found in the design.
INFO: [Physopt 32-775] End 2 Pass. Optimized 0 net or cell. Created 0 new cell, deleted 0 existing cell and moved 0 existing cell
INFO: [Physopt 32-1123] No candidate cells found for Shift Register to Pipeline optimization
INFO: [Physopt 32-775] End 2 Pass. Optimized 0 net or cell. Created 0 new cell, deleted 0 existing cell and moved 0 existing cell
INFO: [Physopt 32-1401] No candidate cells found for Shift Register optimization.
INFO: [Physopt 32-677] No candidate cells for Shift Register optimization found in the design
INFO: [Physopt 32-775] End 1 Pass. Optimized 0 net or cell. Created 0 new cell, deleted 0 existing cell and moved 0 existing cell
INFO: [Physopt 32-526] No candidate cells for BRAM register optimization found in the design
INFO: [Physopt 32-775] End 1 Pass. Optimized 0 net or cell. Created 0 new cell, deleted 0 existing cell and moved 0 existing cell
INFO: [Physopt 32-846] No candidate cells for URAM register optimization found in the design
INFO: [Physopt 32-775] End 1 Pass. Optimized 0 net or cell. Created 0 new cell, deleted 0 existing cell and moved 0 existing cell
INFO: [Physopt 32-846] No candidate cells for URAM register optimization found in the design
INFO: [Physopt 32-775] End 1 Pass. Optimized 0 net or cell. Created 0 new cell, deleted 0 existing cell and moved 0 existing cell
INFO: [Physopt 32-949] No candidate nets found for dynamic/static region interface net replication
INFO: [Physopt 32-775] End 1 Pass. Optimized 0 net or cell. Created 0 new cell, deleted 0 existing cell and moved 0 existing cell
Netlist sorting complete. Time (s): cpu = 00:00:00 ; elapsed = 00:00:00.006 . Memory (MB): peak = 2376.223 ; gain = 0.000
INFO: [Physopt 32-68] No nets found for critical-cell optimization.
INFO: [Physopt 32-232] Optimized 0 net. Created 0 new instance.
INFO: [Physopt 32-775] End 1 Pass. Optimized 0 net or cell. Created 0 new cell, deleted 0 existing cell and moved 0 existing cell
Netlist sorting complete. Time (s): cpu = 00:00:00 ; elapsed = 00:00:00.007 . Memory (MB): peak = 2376.223 ; gain = 0.000

Summary of Physical Synthesis Optimizations
============================================


-----------------------------------------------------------------------------------------------------------------------------------------------------------
|  Optimization                                     |  Added Cells  |  Removed Cells  |  Optimized Cells/Nets  |  Dont Touch  |  Iterations  |  Elapsed   |
-----------------------------------------------------------------------------------------------------------------------------------------------------------
|  LUT Combining                                    |           37  |            423  |                   460  |           0  |           1  |  00:00:00  |
|  Retime                                           |            0  |              0  |                     0  |           0  |           1  |  00:00:00  |
|  Very High Fanout                                 |           23  |              0  |                     2  |           0  |           1  |  00:00:01  |
|  Fanout                                           |            9  |              0  |                     1  |           0  |           1  |  00:00:00  |
|  Critical Cell                                    |            0  |              0  |                     0  |           0  |           1  |  00:00:00  |
|  DSP Register                                     |            0  |              0  |                     0  |           0  |           1  |  00:00:00  |
|  Shift Register to Pipeline                       |            0  |              0  |                     0  |           0  |           1  |  00:00:00  |
|  Shift Register                                   |            0  |              0  |                     0  |           0  |           1  |  00:00:00  |
|  BRAM Register                                    |            0  |              0  |                     0  |           0  |           1  |  00:00:00  |
|  URAM Register                                    |            0  |              0  |                     0  |           0  |           1  |  00:00:00  |
|  Dynamic/Static Region Interface Net Replication  |            0  |              0  |                     0  |           0  |           1  |  00:00:00  |
|  Critical Cell                                    |            0  |              0  |                     0  |           0  |           1  |  00:00:00  |
|  Total                                            |           69  |            423  |                   463  |           0  |          12  |  00:00:01  |
-----------------------------------------------------------------------------------------------------------------------------------------------------------


Phase 2.4.2 Physical Synthesis In Placer | Checksum: 100a44108

Time (s): cpu = 00:00:40 ; elapsed = 00:00:27 . Memory (MB): peak = 2376.223 ; gain = 221.754
Phase 2.4 Global Placement Core | Checksum: 1b9cf7de0

Time (s): cpu = 00:00:44 ; elapsed = 00:00:29 . Memory (MB): peak = 2376.223 ; gain = 221.754
Phase 2 Global Placement | Checksum: 1b9cf7de0

Time (s): cpu = 00:00:44 ; elapsed = 00:00:29 . Memory (MB): peak = 2376.223 ; gain = 221.754

Phase 3 Detail Placement

Phase 3.1 Commit Multi Column Macros
Phase 3.1 Commit Multi Column Macros | Checksum: 218f05b67

Time (s): cpu = 00:00:47 ; elapsed = 00:00:31 . Memory (MB): peak = 2376.223 ; gain = 221.754

Phase 3.2 Commit Most Macros & LUTRAMs
Phase 3.2 Commit Most Macros & LUTRAMs | Checksum: 228413ed8

Time (s): cpu = 00:00:50 ; elapsed = 00:00:33 . Memory (MB): peak = 2376.223 ; gain = 221.754

Phase 3.3 Area Swap Optimization
Phase 3.3 Area Swap Optimization | Checksum: 188159a6f

Time (s): cpu = 00:00:51 ; elapsed = 00:00:34 . Memory (MB): peak = 2376.223 ; gain = 221.754

Phase 3.4 Pipeline Register Optimization
Phase 3.4 Pipeline Register Optimization | Checksum: 1f5176678

Time (s): cpu = 00:00:51 ; elapsed = 00:00:34 . Memory (MB): peak = 2376.223 ; gain = 221.754

Phase 3.5 Fast Optimization
Phase 3.5 Fast Optimization | Checksum: 252192daf

Time (s): cpu = 00:00:59 ; elapsed = 00:00:41 . Memory (MB): peak = 2376.223 ; gain = 221.754

Phase 3.6 Small Shape Detail Placement
Phase 3.6 Small Shape Detail Placement | Checksum: 1c144bff4

Time (s): cpu = 00:01:11 ; elapsed = 00:00:58 . Memory (MB): peak = 2376.223 ; gain = 221.754

Phase 3.7 Re-assign LUT pins
Phase 3.7 Re-assign LUT pins | Checksum: 18d3e4f21

Time (s): cpu = 00:01:12 ; elapsed = 00:00:59 . Memory (MB): peak = 2376.223 ; gain = 221.754

Phase 3.8 Pipeline Register Optimization
Phase 3.8 Pipeline Register Optimization | Checksum: 1e31f1ba8

Time (s): cpu = 00:01:12 ; elapsed = 00:00:59 . Memory (MB): peak = 2376.223 ; gain = 221.754
Phase 3 Detail Placement | Checksum: 1e31f1ba8

Time (s): cpu = 00:01:12 ; elapsed = 00:00:59 . Memory (MB): peak = 2376.223 ; gain = 221.754

Phase 4 Post Placement Optimization and Clean-Up

Phase 4.1 Post Commit Optimization
INFO: [Timing 38-35] Done setting XDC timing constraints.

Phase 4.1.1 Post Placement Optimization
Post Placement Optimization Initialization | Checksum: 14f99437c

Phase 4.1.1.1 BUFG Insertion

Starting Physical Synthesis Task

Phase 1 Physical Synthesis Initialization
INFO: [Physopt 32-721] Multithreading enabled for phys_opt_design using a maximum of 2 CPUs
INFO: [Physopt 32-619] Estimated Timing Summary | WNS=-1.726 | TNS=-87.386 |
Phase 1 Physical Synthesis Initialization | Checksum: 207630ecc

Time (s): cpu = 00:00:03 ; elapsed = 00:00:01 . Memory (MB): peak = 2444.430 ; gain = 27.102
INFO: [Place 46-33] Processed net soc_rst, BUFG insertion was skipped due to placement/routing conflicts.
INFO: [Place 46-56] BUFG insertion identified 1 candidate nets. Inserted BUFG: 0, Replicated BUFG Driver: 0, Skipped due to Placement/Routing Conflicts: 1, Skipped due to Timing Degradation: 0, Skipped due to netlist editing failed: 0.
Ending Physical Synthesis Task | Checksum: 207630ecc

Time (s): cpu = 00:00:04 ; elapsed = 00:00:02 . Memory (MB): peak = 2447.242 ; gain = 29.914
Phase 4.1.1.1 BUFG Insertion | Checksum: 14f99437c

Time (s): cpu = 00:01:25 ; elapsed = 00:01:07 . Memory (MB): peak = 2447.242 ; gain = 292.773

Phase 4.1.1.2 Post Placement Timing Optimization
INFO: [Place 30-746] Post Placement Timing Summary WNS=0.504. For the most accurate timing information please run report_timing.
Phase 4.1.1.2 Post Placement Timing Optimization | Checksum: 1f368c915

Time (s): cpu = 00:01:48 ; elapsed = 00:01:32 . Memory (MB): peak = 2510.875 ; gain = 356.406

Time (s): cpu = 00:01:48 ; elapsed = 00:01:32 . Memory (MB): peak = 2510.875 ; gain = 356.406
Phase 4.1 Post Commit Optimization | Checksum: 1f368c915

Time (s): cpu = 00:01:49 ; elapsed = 00:01:32 . Memory (MB): peak = 2510.875 ; gain = 356.406

Phase 4.2 Post Placement Cleanup
Phase 4.2 Post Placement Cleanup | Checksum: 1f368c915

Time (s): cpu = 00:01:49 ; elapsed = 00:01:33 . Memory (MB): peak = 2510.875 ; gain = 356.406

Phase 4.3 Placer Reporting

Phase 4.3.1 Print Estimated Congestion
INFO: [Place 30-612] Post-Placement Estimated Congestion 
 ____________________________________________________
|           | Global Congestion | Short Congestion  |
| Direction | Region Size       | Region Size       |
|___________|___________________|___________________|
|      North|                2x2|                4x4|
|___________|___________________|___________________|
|      South|                1x1|                8x8|
|___________|___________________|___________________|
|       East|                4x4|                8x8|
|___________|___________________|___________________|
|       West|                1x1|                4x4|
|___________|___________________|___________________|

Phase 4.3.1 Print Estimated Congestion | Checksum: 1f368c915

Time (s): cpu = 00:01:49 ; elapsed = 00:01:33 . Memory (MB): peak = 2510.875 ; gain = 356.406
Phase 4.3 Placer Reporting | Checksum: 1f368c915

Time (s): cpu = 00:01:49 ; elapsed = 00:01:33 . Memory (MB): peak = 2510.875 ; gain = 356.406

Phase 4.4 Final Placement Cleanup
Netlist sorting complete. Time (s): cpu = 00:00:00 ; elapsed = 00:00:00.006 . Memory (MB): peak = 2510.875 ; gain = 0.000

Time (s): cpu = 00:01:49 ; elapsed = 00:01:33 . Memory (MB): peak = 2510.875 ; gain = 356.406
Phase 4 Post Placement Optimization and Clean-Up | Checksum: 1ade4a3e5

Time (s): cpu = 00:01:49 ; elapsed = 00:01:33 . Memory (MB): peak = 2510.875 ; gain = 356.406
Ending Placer Task | Checksum: 17b403d08

Time (s): cpu = 00:01:50 ; elapsed = 00:01:33 . Memory (MB): peak = 2510.875 ; gain = 356.406
88 Infos, 100 Warnings, 0 Critical Warnings and 0 Errors encountered.
place_design completed successfully
place_design: Time (s): cpu = 00:01:51 ; elapsed = 00:01:34 . Memory (MB): peak = 2510.875 ; gain = 364.621
INFO: [runtcl-4] Executing : report_io -file top_io_placed.rpt
report_io: Time (s): cpu = 00:00:00 ; elapsed = 00:00:00.054 . Memory (MB): peak = 2510.875 ; gain = 0.000
INFO: [runtcl-4] Executing : report_utilization -file top_utilization_placed.rpt -pb top_utilization_placed.pb
INFO: [runtcl-4] Executing : report_control_sets -verbose -file top_control_sets_placed.rpt
report_control_sets: Time (s): cpu = 00:00:00 ; elapsed = 00:00:00.088 . Memory (MB): peak = 2510.875 ; gain = 0.000
INFO: [Timing 38-480] Writing timing data to binary archive.
Write ShapeDB Complete: Time (s): cpu = 00:00:00 ; elapsed = 00:00:00.058 . Memory (MB): peak = 2510.875 ; gain = 0.000
Wrote PlaceDB: Time (s): cpu = 00:00:05 ; elapsed = 00:00:02 . Memory (MB): peak = 2510.875 ; gain = 0.000
Wrote PulsedLatchDB: Time (s): cpu = 00:00:00 ; elapsed = 00:00:00 . Memory (MB): peak = 2510.875 ; gain = 0.000
Writing XDEF routing.
Writing XDEF routing logical nets.
Writing XDEF routing special nets.
Wrote RouteStorage: Time (s): cpu = 00:00:00 ; elapsed = 00:00:00.036 . Memory (MB): peak = 2510.875 ; gain = 0.000
Wrote Netlist Cache: Time (s): cpu = 00:00:00 ; elapsed = 00:00:00.053 . Memory (MB): peak = 2510.875 ; gain = 0.000
Wrote Device Cache: Time (s): cpu = 00:00:00 ; elapsed = 00:00:00.003 . Memory (MB): peak = 2510.875 ; gain = 0.000
Write Physdb Complete: Time (s): cpu = 00:00:05 ; elapsed = 00:00:02 . Memory (MB): peak = 2510.875 ; gain = 0.000
INFO: [Common 17-1381] The checkpoint 'D:/CodeProject/Verilog_Project/COCP/Verilog/build/bupt_riscv_vivado_acceptance_final/bupt_riscv.runs/impl_1/top_placed.dcp' has been generated.
write_checkpoint: Time (s): cpu = 00:00:09 ; elapsed = 00:00:07 . Memory (MB): peak = 2510.875 ; gain = 0.000
Command: phys_opt_design -directive AggressiveExplore
Attempting to get a license for feature 'Implementation' and/or device 'xc7a100t'
INFO: [Common 17-349] Got license for feature 'Implementation' and/or device 'xc7a100t'
INFO: [Vivado_Tcl 4-137] Directive used for phys_opt_design is: AggressiveExplore

Starting Initial Update Timing Task

Time (s): cpu = 00:00:07 ; elapsed = 00:00:04 . Memory (MB): peak = 2576.508 ; gain = 65.633
INFO: [Vivado_Tcl 4-383] Design worst setup slack (WNS) is greater than or equal to 0.000 ns. Skipping all physical synthesis optimizations.
INFO: [Vivado_Tcl 4-1435] PhysOpt_Tcl_Interface Runtime Before Starting Physical Synthesis Task | CPU: 8.00s |  WALL: 4.38s
Netlist sorting complete. Time (s): cpu = 00:00:00 ; elapsed = 00:00:00.009 . Memory (MB): peak = 2576.734 ; gain = 0.227

Starting Physical Synthesis Task

Phase 1 Physical Synthesis Initialization
INFO: [Physopt 32-721] Multithreading enabled for phys_opt_design using a maximum of 2 CPUs
INFO: [Physopt 32-619] Estimated Timing Summary | WNS=0.504 | TNS=0.000 |
Phase 1 Physical Synthesis Initialization | Checksum: 235c8d6f6

Time (s): cpu = 00:00:04 ; elapsed = 00:00:02 . Memory (MB): peak = 2581.441 ; gain = 4.707

Phase 2 Hold Fix Optimization
INFO: [Physopt 32-668] Estimated Timing Summary | WNS=0.504 | TNS=0.000 | WHS=-2.266 | THS=-32.618 |
INFO: [Physopt 32-45] Identified 12 candidate nets for hold slack optimization.
INFO: [Physopt 32-234] Optimized 12 nets. Inserted 0 new ZHOLD_DELAYs. Calibrated 0 existing ZHOLD_DELAYs. Inserted 12 buffers.

INFO: [Physopt 32-668] Estimated Timing Summary | WNS=0.504 | TNS=0.000 | WHS=-0.274 | THS=-8.297 |
Phase 2 Hold Fix Optimization | Checksum: 235c8d6f6

Time (s): cpu = 00:00:05 ; elapsed = 00:00:03 . Memory (MB): peak = 2586.945 ; gain = 10.211
Netlist sorting complete. Time (s): cpu = 00:00:00 ; elapsed = 00:00:00.008 . Memory (MB): peak = 2586.945 ; gain = 0.000
INFO: [Physopt 32-669] Post Physical Optimization Timing Summary | WNS=0.504 | TNS=0.000 | WHS=-0.274 | THS=-8.297 |

Summary of Physical Synthesis Optimizations
============================================


----------------------------------------------------------------------------------------------------------------------------------------------------------------------
|  Optimization            |  WNS Gain (ns)  |  TNS Gain (ns)  |  Added Cells  |  Removed Cells  |  Optimized Cells/Nets  |  Dont Touch  |  Iterations  |  Elapsed   |
----------------------------------------------------------------------------------------------------------------------------------------------------------------------
|  Fanout                  |          0.000  |          0.000  |            0  |              0  |                     0  |           0  |           0  |  00:00:00  |
|  Single Cell Placement   |          0.000  |          0.000  |            0  |              0  |                     0  |           0  |           0  |  00:00:00  |
|  Multi Cell Placement    |          0.000  |          0.000  |            0  |              0  |                     0  |           0  |           0  |  00:00:00  |
|  Rewire                  |          0.000  |          0.000  |            0  |              0  |                     0  |           0  |           0  |  00:00:00  |
|  Critical Cell           |          0.000  |          0.000  |            0  |              0  |                     0  |           0  |           0  |  00:00:00  |
|  SLR Crossing            |          0.000  |          0.000  |            0  |              0  |                     0  |           0  |           0  |  00:00:00  |
|  DSP Register            |          0.000  |          0.000  |            0  |              0  |                     0  |           0  |           0  |  00:00:00  |
|  BRAM Register           |          0.000  |          0.000  |            0  |              0  |                     0  |           0  |           0  |  00:00:00  |
|  URAM Register           |          0.000  |          0.000  |            0  |              0  |                     0  |           0  |           0  |  00:00:00  |
|  Shift Register          |          0.000  |          0.000  |            0  |              0  |                     0  |           0  |           0  |  00:00:00  |
|  Critical Pin            |          0.000  |          0.000  |            0  |              0  |                     0  |           0  |           0  |  00:00:00  |
|  Very High Fanout        |          0.000  |          0.000  |            0  |              0  |                     0  |           0  |           0  |  00:00:00  |
|  Total                   |          0.000  |          0.000  |            0  |              0  |                     0  |           0  |           0  |  00:00:00  |
----------------------------------------------------------------------------------------------------------------------------------------------------------------------


Summary of Hold Fix Optimizations
=================================


--------------------------------------------------------------------------------------------------------------------------------------------------------------
|  Optimization               |  WHS Gain (ns)  |  THS Gain (ns)  |  Added LUTs  |  Added FFs  |  Optimized Nets  |  Dont Touch  |  Iterations  |  Elapsed   |
--------------------------------------------------------------------------------------------------------------------------------------------------------------
|  LUT1 and ZHOLD Insertion   |          1.992  |         24.320  |          12  |          0  |              12  |           0  |           1  |  00:00:01  |
|  Total                      |          1.992  |         24.320  |          12  |          0  |              12  |           0  |           1  |  00:00:01  |
--------------------------------------------------------------------------------------------------------------------------------------------------------------


Netlist sorting complete. Time (s): cpu = 00:00:00 ; elapsed = 00:00:00.007 . Memory (MB): peak = 2586.945 ; gain = 0.000
Ending Physical Synthesis Task | Checksum: fbf186d0

Time (s): cpu = 00:00:05 ; elapsed = 00:00:04 . Memory (MB): peak = 2586.945 ; gain = 10.211
INFO: [Common 17-83] Releasing license: Implementation
105 Infos, 100 Warnings, 0 Critical Warnings and 0 Errors encountered.
phys_opt_design completed successfully
phys_opt_design: Time (s): cpu = 00:00:12 ; elapsed = 00:00:08 . Memory (MB): peak = 2586.945 ; gain = 76.070
INFO: [Timing 38-480] Writing timing data to binary archive.
Write ShapeDB Complete: Time (s): cpu = 00:00:00 ; elapsed = 00:00:00.053 . Memory (MB): peak = 2607.391 ; gain = 3.445
Wrote PlaceDB: Time (s): cpu = 00:00:04 ; elapsed = 00:00:02 . Memory (MB): peak = 2611.801 ; gain = 5.863
Wrote PulsedLatchDB: Time (s): cpu = 00:00:00 ; elapsed = 00:00:00 . Memory (MB): peak = 2611.801 ; gain = 0.000
Writing XDEF routing.
Writing XDEF routing logical nets.
Writing XDEF routing special nets.
Wrote RouteStorage: Time (s): cpu = 00:00:00 ; elapsed = 00:00:00.036 . Memory (MB): peak = 2611.801 ; gain = 0.000
Wrote Netlist Cache: Time (s): cpu = 00:00:00 ; elapsed = 00:00:00.051 . Memory (MB): peak = 2611.801 ; gain = 0.000
Wrote Device Cache: Time (s): cpu = 00:00:00 ; elapsed = 00:00:00.004 . Memory (MB): peak = 2611.801 ; gain = 0.000
Write Physdb Complete: Time (s): cpu = 00:00:04 ; elapsed = 00:00:03 . Memory (MB): peak = 2611.801 ; gain = 7.855
INFO: [Common 17-1381] The checkpoint 'D:/CodeProject/Verilog_Project/COCP/Verilog/build/bupt_riscv_vivado_acceptance_final/bupt_riscv.runs/impl_1/top_physopt.dcp' has been generated.
write_checkpoint: Time (s): cpu = 00:00:07 ; elapsed = 00:00:05 . Memory (MB): peak = 2611.801 ; gain = 24.855
Command: route_design -directive Explore -tns_cleanup
Attempting to get a license for feature 'Implementation' and/or device 'xc7a100t'
INFO: [Common 17-349] Got license for feature 'Implementation' and/or device 'xc7a100t'
INFO: [DRC 23-27] Running DRC with 2 threads
INFO: [Vivado_Tcl 4-198] DRC finished with 0 Errors
INFO: [Vivado_Tcl 4-199] Please refer to the DRC report (report_drc) for more information.
Running DRC as a precondition to command route_design
INFO: [DRC 23-27] Running DRC with 2 threads
INFO: [Vivado_Tcl 4-198] DRC finished with 0 Errors
INFO: [Vivado_Tcl 4-199] Please refer to the DRC report (report_drc) for more information.


Starting Routing Task
INFO: [Route 35-270] Using Router directive 'Explore'.
INFO: [Route 35-254] Multithreading enabled for route_design using a maximum of 8 CPUs

Phase 1 Build RT Design
Checksum: PlaceDB: 6e7f7387 ConstDB: 0 ShapeSum: 89c39f69 RouteDB: 0
Post Restoration Checksum: NetGraph: dfb7a9d0 | NumContArr: 1f769fce | Constraints: c2a8fa9d | Timing: c2a8fa9d
Phase 1 Build RT Design | Checksum: 284803ed8

Time (s): cpu = 00:00:27 ; elapsed = 00:00:20 . Memory (MB): peak = 2733.094 ; gain = 71.430

Phase 2 Router Initialization

Phase 2.1 Fix Topology Constraints
Phase 2.1 Fix Topology Constraints | Checksum: 284803ed8

Time (s): cpu = 00:00:27 ; elapsed = 00:00:21 . Memory (MB): peak = 2733.094 ; gain = 71.430

Phase 2.2 Pre Route Cleanup
Phase 2.2 Pre Route Cleanup | Checksum: 284803ed8

Time (s): cpu = 00:00:28 ; elapsed = 00:00:21 . Memory (MB): peak = 2733.094 ; gain = 71.430
 Number of Nodes with overlaps = 0

Phase 2.3 Update Timing
Phase 2.3 Update Timing | Checksum: 237af184b

Time (s): cpu = 00:00:41 ; elapsed = 00:00:28 . Memory (MB): peak = 2733.094 ; gain = 71.430
INFO: [Route 35-416] Intermediate Timing Summary | WNS=0.577  | TNS=0.000  | WHS=-0.303 | THS=-242.696|


Router Utilization Summary
  Global Vertical Routing Utilization    = 0 %
  Global Horizontal Routing Utilization  = 0 %
  Routable Net Status*
  *Does not include unroutable nets such as driverless and loadless.
  Run report_route_status for detailed report.
  Number of Failed Nets               = 43366
    (Failed Nets is the sum of unrouted and partially routed nets)
  Number of Unrouted Nets             = 43365
  Number of Partially Routed Nets     = 1
  Number of Node Overlaps             = 0

Phase 2 Router Initialization | Checksum: 2906765d1

Time (s): cpu = 00:00:47 ; elapsed = 00:00:32 . Memory (MB): peak = 2779.168 ; gain = 117.504

Phase 3 Initial Routing

Phase 3.1 Global Routing
Phase 3.1 Global Routing | Checksum: 2906765d1

Time (s): cpu = 00:00:47 ; elapsed = 00:00:32 . Memory (MB): peak = 2779.168 ; gain = 117.504

Phase 3.2 Initial Net Routing
Phase 3.2 Initial Net Routing | Checksum: 16674f2e5

Time (s): cpu = 00:01:01 ; elapsed = 00:00:35 . Memory (MB): peak = 2779.219 ; gain = 117.555
Phase 3 Initial Routing | Checksum: 16674f2e5

Time (s): cpu = 00:01:01 ; elapsed = 00:00:35 . Memory (MB): peak = 2779.219 ; gain = 117.555

Phase 4 Rip-up And Reroute

Phase 4.1 Global Iteration 0
 Number of Nodes with overlaps = 12696
 Number of Nodes with overlaps = 4944
 Number of Nodes with overlaps = 2261
 Number of Nodes with overlaps = 794
 Number of Nodes with overlaps = 269
 Number of Nodes with overlaps = 92
 Number of Nodes with overlaps = 48
 Number of Nodes with overlaps = 15
 Number of Nodes with overlaps = 4
 Number of Nodes with overlaps = 0
INFO: [Route 35-416] Intermediate Timing Summary | WNS=-0.214 | TNS=-0.846 | WHS=N/A    | THS=N/A    |

Phase 4.1 Global Iteration 0 | Checksum: 14f41b6cd

Time (s): cpu = 00:02:50 ; elapsed = 00:01:43 . Memory (MB): peak = 2805.094 ; gain = 143.430

Phase 4.2 Global Iteration 1
 Number of Nodes with overlaps = 994
 Number of Nodes with overlaps = 414
 Number of Nodes with overlaps = 166
 Number of Nodes with overlaps = 71
 Number of Nodes with overlaps = 29
 Number of Nodes with overlaps = 4
 Number of Nodes with overlaps = 1
 Number of Nodes with overlaps = 1
 Number of Nodes with overlaps = 1
 Number of Nodes with overlaps = 0
INFO: [Route 35-416] Intermediate Timing Summary | WNS=-0.057 | TNS=-0.073 | WHS=N/A    | THS=N/A    |

Phase 4.2 Global Iteration 1 | Checksum: 1bcafdf47

Time (s): cpu = 00:03:15 ; elapsed = 00:01:56 . Memory (MB): peak = 2813.531 ; gain = 151.867

Phase 4.3 Global Iteration 2
 Number of Nodes with overlaps = 696
 Number of Nodes with overlaps = 255
 Number of Nodes with overlaps = 130
 Number of Nodes with overlaps = 52
 Number of Nodes with overlaps = 36
 Number of Nodes with overlaps = 17
 Number of Nodes with overlaps = 9
 Number of Nodes with overlaps = 8
 Number of Nodes with overlaps = 5
 Number of Nodes with overlaps = 4
 Number of Nodes with overlaps = 4
 Number of Nodes with overlaps = 2
 Number of Nodes with overlaps = 0
INFO: [Route 35-416] Intermediate Timing Summary | WNS=-0.244 | TNS=-0.822 | WHS=N/A    | THS=N/A    |

Phase 4.3 Global Iteration 2 | Checksum: 1dafaf070

Time (s): cpu = 00:03:42 ; elapsed = 00:02:14 . Memory (MB): peak = 2814.488 ; gain = 152.824
Phase 4 Rip-up And Reroute | Checksum: 1dafaf070

Time (s): cpu = 00:03:42 ; elapsed = 00:02:14 . Memory (MB): peak = 2814.488 ; gain = 152.824

Phase 5 Delay and Skew Optimization

Phase 5.1 TNS Cleanup

Phase 5.1.1 Delay CleanUp

Phase 5.1.1.1 Update Timing
Phase 5.1.1.1 Update Timing | Checksum: 2462497cf

Time (s): cpu = 00:03:45 ; elapsed = 00:02:16 . Memory (MB): peak = 2814.488 ; gain = 152.824
INFO: [Route 35-416] Intermediate Timing Summary | WNS=-0.049 | TNS=-0.057 | WHS=N/A    | THS=N/A    |

 Number of Nodes with overlaps = 0

Phase 5.1.1.2 Update Timing
Phase 5.1.1.2 Update Timing | Checksum: 1f8e0e485

Time (s): cpu = 00:03:46 ; elapsed = 00:02:16 . Memory (MB): peak = 2814.488 ; gain = 152.824
INFO: [Route 35-416] Intermediate Timing Summary | WNS=-0.049 | TNS=-0.057 | WHS=N/A    | THS=N/A    |

Phase 5.1.1 Delay CleanUp | Checksum: 274e7af52

Time (s): cpu = 00:03:47 ; elapsed = 00:02:16 . Memory (MB): peak = 2814.488 ; gain = 152.824
Phase 5.1 TNS Cleanup | Checksum: 274e7af52

Time (s): cpu = 00:03:47 ; elapsed = 00:02:16 . Memory (MB): peak = 2814.488 ; gain = 152.824

Phase 5.2 Clock Skew Optimization
Phase 5.2 Clock Skew Optimization | Checksum: 274e7af52

Time (s): cpu = 00:03:47 ; elapsed = 00:02:16 . Memory (MB): peak = 2814.488 ; gain = 152.824
Phase 5 Delay and Skew Optimization | Checksum: 274e7af52

Time (s): cpu = 00:03:47 ; elapsed = 00:02:16 . Memory (MB): peak = 2814.488 ; gain = 152.824

Phase 6 Post Hold Fix

Phase 6.1 Hold Fix Iter

Phase 6.1.1 Update Timing
Phase 6.1.1 Update Timing | Checksum: 2591d140c

Time (s): cpu = 00:03:51 ; elapsed = 00:02:18 . Memory (MB): peak = 2814.488 ; gain = 152.824
INFO: [Route 35-416] Intermediate Timing Summary | WNS=-0.049 | TNS=-0.057 | WHS=0.020  | THS=0.000  |

Phase 6.1 Hold Fix Iter | Checksum: 2726f304f

Time (s): cpu = 00:03:51 ; elapsed = 00:02:18 . Memory (MB): peak = 2814.488 ; gain = 152.824
Phase 6 Post Hold Fix | Checksum: 2726f304f

Time (s): cpu = 00:03:51 ; elapsed = 00:02:18 . Memory (MB): peak = 2814.488 ; gain = 152.824

Phase 7 Timing Verification

Phase 7.1 Update Timing
Phase 7.1 Update Timing | Checksum: 2a2acfbc9

Time (s): cpu = 00:03:57 ; elapsed = 00:02:20 . Memory (MB): peak = 2814.488 ; gain = 152.824
INFO: [Route 35-416] Intermediate Timing Summary | WNS=-0.049 | TNS=-0.057 | WHS=N/A    | THS=N/A    |

Phase 7 Timing Verification | Checksum: 2a2acfbc9

Time (s): cpu = 00:03:57 ; elapsed = 00:02:20 . Memory (MB): peak = 2814.488 ; gain = 152.824

Phase 8 Route finalize

Router Utilization Summary
  Global Vertical Routing Utilization    = 14.4708 %
  Global Horizontal Routing Utilization  = 15.5223 %
  Routable Net Status*
  *Does not include unroutable nets such as driverless and loadless.
  Run report_route_status for detailed report.
  Number of Failed Nets               = 0
    (Failed Nets is the sum of unrouted and partially routed nets)
  Number of Unrouted Nets             = 0
  Number of Partially Routed Nets     = 0
  Number of Node Overlaps             = 0


--GLOBAL Congestion:
Utilization threshold used for congestion level computation: 0.85
Congestion Report
North Dir 1x1 Area, Max Cong = 98.1982%, Congestion bounded by tiles (Lower Left Tile -> Upper Right Tile):
   INT_R_X27Y106 -> INT_R_X27Y106
   INT_R_X21Y104 -> INT_R_X21Y104
   INT_R_X21Y101 -> INT_R_X21Y101
   INT_L_X24Y40 -> INT_L_X24Y40
   INT_R_X23Y38 -> INT_R_X23Y38
South Dir 1x1 Area, Max Cong = 90.0901%, Congestion bounded by tiles (Lower Left Tile -> Upper Right Tile):
   INT_R_X23Y161 -> INT_R_X23Y161
   INT_R_X21Y152 -> INT_R_X21Y152
East Dir 1x1 Area, Max Cong = 92.6471%, Congestion bounded by tiles (Lower Left Tile -> Upper Right Tile):
   INT_R_X21Y101 -> INT_R_X21Y101
   INT_R_X25Y101 -> INT_R_X25Y101
   INT_L_X24Y100 -> INT_L_X24Y100
   INT_R_X25Y100 -> INT_R_X25Y100
West Dir 1x1 Area, Max Cong = 92.6471%, Congestion bounded by tiles (Lower Left Tile -> Upper Right Tile):
   INT_L_X22Y148 -> INT_L_X22Y148
   INT_L_X30Y91 -> INT_L_X30Y91

------------------------------
Reporting congestion hotspots
------------------------------
Direction: North
----------------
Congested clusters found at Level 0
Effective congestion level: 0 Aspect Ratio: 1 Sparse Ratio: 1
Direction: South
----------------
Congested clusters found at Level 0
Effective congestion level: 0 Aspect Ratio: 1 Sparse Ratio: 1
Direction: East
----------------
Congested clusters found at Level 0
Effective congestion level: 1 Aspect Ratio: 1 Sparse Ratio: 0.75
Direction: West
----------------
Congested clusters found at Level 0
Effective congestion level: 0 Aspect Ratio: 1 Sparse Ratio: 1

Phase 8 Route finalize | Checksum: 2a2acfbc9

Time (s): cpu = 00:03:58 ; elapsed = 00:02:20 . Memory (MB): peak = 2814.488 ; gain = 152.824

Phase 9 Verifying routed nets

 Verification completed successfully
Phase 9 Verifying routed nets | Checksum: 2a2acfbc9

Time (s): cpu = 00:03:58 ; elapsed = 00:02:21 . Memory (MB): peak = 2814.488 ; gain = 152.824

Phase 10 Depositing Routes
Phase 10 Depositing Routes | Checksum: 34083b363

Time (s): cpu = 00:04:01 ; elapsed = 00:02:22 . Memory (MB): peak = 2814.488 ; gain = 152.824

Phase 11 Incr Placement Change
Netlist sorting complete. Time (s): cpu = 00:00:00 ; elapsed = 00:00:00.007 . Memory (MB): peak = 2814.488 ; gain = 0.000
INFO: [Place 30-746] Post Placement Timing Summary WNS=0.035. For the most accurate timing information please run report_timing.
Ending IncrPlace Task | Checksum: c7d7af75

Time (s): cpu = 00:00:31 ; elapsed = 00:00:27 . Memory (MB): peak = 2814.488 ; gain = 0.000
Google Cpuprofiler is only supported on Linux.
Phase 11 Incr Placement Change | Checksum: c7d7af75

Time (s): cpu = 00:04:34 ; elapsed = 00:02:51 . Memory (MB): peak = 2814.488 ; gain = 152.824

Phase 12 Build RT Design
Checksum: PlaceDB: 7bb86035 ConstDB: 0 ShapeSum: 332cd187 RouteDB: 18f27db9
Post Restoration Checksum: NetGraph: d5250e7c | NumContArr: cfcdc349 | Constraints: c2a8fa9d | Timing: c2a8fa9d
Phase 12 Build RT Design | Checksum: 32a44c6ff

Time (s): cpu = 00:04:43 ; elapsed = 00:02:56 . Memory (MB): peak = 2820.551 ; gain = 158.887

Phase 13 Router Initialization

Phase 13.1 Fix Topology Constraints
Phase 13.1 Fix Topology Constraints | Checksum: 32a44c6ff

Time (s): cpu = 00:04:44 ; elapsed = 00:02:56 . Memory (MB): peak = 2820.551 ; gain = 158.887

Phase 13.2 Pre Route Cleanup
Phase 13.2 Pre Route Cleanup | Checksum: 2dd9725bc

Time (s): cpu = 00:04:45 ; elapsed = 00:02:56 . Memory (MB): peak = 2820.551 ; gain = 158.887
 Number of Nodes with overlaps = 0

Phase 13.3 Update Timing
Phase 13.3 Update Timing | Checksum: 1ccdf21e3

Time (s): cpu = 00:05:02 ; elapsed = 00:03:04 . Memory (MB): peak = 2903.926 ; gain = 242.262
INFO: [Route 35-416] Intermediate Timing Summary | WNS=0.035  | TNS=0.000  | WHS=-0.303 | THS=-242.443|


Router Utilization Summary
  Global Vertical Routing Utilization    = 14.4359 %
  Global Horizontal Routing Utilization  = 15.4794 %
  Routable Net Status*
  *Does not include unroutable nets such as driverless and loadless.
  Run report_route_status for detailed report.
  Number of Failed Nets               = 252
    (Failed Nets is the sum of unrouted and partially routed nets)
  Number of Unrouted Nets             = 116
  Number of Partially Routed Nets     = 136
  Number of Node Overlaps             = 0

Phase 13 Router Initialization | Checksum: 1247eb3eb

Time (s): cpu = 00:05:08 ; elapsed = 00:03:08 . Memory (MB): peak = 3011.754 ; gain = 350.090

Phase 14 Initial Routing

Phase 14.1 Global Routing
Phase 14.1 Global Routing | Checksum: 1247eb3eb

Time (s): cpu = 00:05:08 ; elapsed = 00:03:08 . Memory (MB): peak = 3011.754 ; gain = 350.090

Phase 14.2 Initial Net Routing
Phase 14.2 Initial Net Routing | Checksum: 2172b7253

Time (s): cpu = 00:05:09 ; elapsed = 00:03:08 . Memory (MB): peak = 3012.488 ; gain = 350.824
Phase 14 Initial Routing | Checksum: 2172b7253

Time (s): cpu = 00:05:10 ; elapsed = 00:03:08 . Memory (MB): peak = 3012.488 ; gain = 350.824
INFO: [Route 35-580] Design has 1 pins with tight setup and hold constraints.

The top 5 pins with tight setup and hold constraints:

+====================+===================+============================+
| Launch Setup Clock | Launch Hold Clock | Pin                        |
+====================+===================+============================+
| soc_clk_100_unbuf  | soc_clk_100_unbuf | soc/cpu/bp/valid_reg[48]/D |
+--------------------+-------------------+----------------------------+

File with complete list of pins: tight_setup_hold_pins.txt


Phase 15 Rip-up And Reroute

Phase 15.1 Global Iteration 0
 Number of Nodes with overlaps = 793
 Number of Nodes with overlaps = 534
 Number of Nodes with overlaps = 443
 Number of Nodes with overlaps = 286
 Number of Nodes with overlaps = 165
 Number of Nodes with overlaps = 94
 Number of Nodes with overlaps = 28
 Number of Nodes with overlaps = 21
 Number of Nodes with overlaps = 18
 Number of Nodes with overlaps = 5
 Number of Nodes with overlaps = 1
 Number of Nodes with overlaps = 0
INFO: [Route 35-416] Intermediate Timing Summary | WNS=0.055  | TNS=0.000  | WHS=N/A    | THS=N/A    |

Phase 15.1 Global Iteration 0 | Checksum: 1bc1bf455

Time (s): cpu = 00:05:40 ; elapsed = 00:03:29 . Memory (MB): peak = 3022.320 ; gain = 360.656

Phase 15.2 Global Iteration 1
 Number of Nodes with overlaps = 0
INFO: [Route 35-416] Intermediate Timing Summary | WNS=0.055  | TNS=0.000  | WHS=N/A    | THS=N/A    |

Phase 15.2 Global Iteration 1 | Checksum: 2a1a64cfd

Time (s): cpu = 00:05:42 ; elapsed = 00:03:30 . Memory (MB): peak = 3022.320 ; gain = 360.656
Phase 15 Rip-up And Reroute | Checksum: 2a1a64cfd

Time (s): cpu = 00:05:42 ; elapsed = 00:03:30 . Memory (MB): peak = 3022.320 ; gain = 360.656

Phase 16 Delay and Skew Optimization

Phase 16.1 TNS Cleanup

Phase 16.1.1 Delay CleanUp
Phase 16.1.1 Delay CleanUp | Checksum: 2a1a64cfd

Time (s): cpu = 00:05:42 ; elapsed = 00:03:30 . Memory (MB): peak = 3022.320 ; gain = 360.656
Phase 16.1 TNS Cleanup | Checksum: 2a1a64cfd

Time (s): cpu = 00:05:42 ; elapsed = 00:03:30 . Memory (MB): peak = 3022.320 ; gain = 360.656

Phase 16.2 Clock Skew Optimization
Phase 16.2 Clock Skew Optimization | Checksum: 2a1a64cfd

Time (s): cpu = 00:05:42 ; elapsed = 00:03:30 . Memory (MB): peak = 3022.320 ; gain = 360.656
Phase 16 Delay and Skew Optimization | Checksum: 2a1a64cfd

Time (s): cpu = 00:05:42 ; elapsed = 00:03:30 . Memory (MB): peak = 3022.320 ; gain = 360.656

Phase 17 Post Hold Fix

Phase 17.1 Hold Fix Iter

Phase 17.1.1 Update Timing
Phase 17.1.1 Update Timing | Checksum: 26c83995a

Time (s): cpu = 00:05:46 ; elapsed = 00:03:32 . Memory (MB): peak = 3022.320 ; gain = 360.656
INFO: [Route 35-416] Intermediate Timing Summary | WNS=0.055  | TNS=0.000  | WHS=0.020  | THS=0.000  |

Phase 17.1 Hold Fix Iter | Checksum: 2444722b4

Time (s): cpu = 00:05:46 ; elapsed = 00:03:32 . Memory (MB): peak = 3022.320 ; gain = 360.656
Phase 17 Post Hold Fix | Checksum: 2444722b4

Time (s): cpu = 00:05:47 ; elapsed = 00:03:32 . Memory (MB): peak = 3022.320 ; gain = 360.656

Phase 18 Timing Verification

Phase 18.1 Update Timing
Phase 18.1 Update Timing | Checksum: 2444722b4

Time (s): cpu = 00:05:53 ; elapsed = 00:03:34 . Memory (MB): peak = 3023.547 ; gain = 361.883
INFO: [Route 35-416] Intermediate Timing Summary | WNS=0.055  | TNS=0.000  | WHS=N/A    | THS=N/A    |

Phase 18 Timing Verification | Checksum: 2444722b4

Time (s): cpu = 00:05:53 ; elapsed = 00:03:34 . Memory (MB): peak = 3023.547 ; gain = 361.883

Phase 19 Route finalize

Router Utilization Summary
  Global Vertical Routing Utilization    = 14.5077 %
  Global Horizontal Routing Utilization  = 15.5648 %
  Routable Net Status*
  *Does not include unroutable nets such as driverless and loadless.
  Run report_route_status for detailed report.
  Number of Failed Nets               = 0
    (Failed Nets is the sum of unrouted and partially routed nets)
  Number of Unrouted Nets             = 0
  Number of Partially Routed Nets     = 0
  Number of Node Overlaps             = 0

Phase 19 Route finalize | Checksum: 2444722b4

Time (s): cpu = 00:05:53 ; elapsed = 00:03:34 . Memory (MB): peak = 3023.547 ; gain = 361.883

Phase 20 Verifying routed nets

 Verification completed successfully
Phase 20 Verifying routed nets | Checksum: 2444722b4

Time (s): cpu = 00:05:54 ; elapsed = 00:03:34 . Memory (MB): peak = 3023.547 ; gain = 361.883

Phase 21 Depositing Routes
Phase 21 Depositing Routes | Checksum: 2e9a0162f

Time (s): cpu = 00:05:56 ; elapsed = 00:03:36 . Memory (MB): peak = 3023.547 ; gain = 361.883

Phase 22 Post Router Timing
INFO: [Route 35-20] Post Routing Timing Summary | WNS=0.055  | TNS=0.000  | WHS=0.020  | THS=0.000  |

Phase 22 Post Router Timing | Checksum: 36569c842

Time (s): cpu = 00:06:07 ; elapsed = 00:03:42 . Memory (MB): peak = 3123.492 ; gain = 461.828
INFO: [Route 35-61] The design met the timing requirement.
INFO: [Route 35-16] Router Completed Successfully

Phase 23 Post-Route Event Processing
Phase 23 Post-Route Event Processing | Checksum: e7bcedaa

Time (s): cpu = 00:06:08 ; elapsed = 00:03:43 . Memory (MB): peak = 3123.492 ; gain = 461.828
Ending Routing Task | Checksum: e7bcedaa

Time (s): cpu = 00:06:09 ; elapsed = 00:03:43 . Memory (MB): peak = 3123.492 ; gain = 461.828

Routing Is Done.
INFO: [Common 17-83] Releasing license: Implementation
135 Infos, 100 Warnings, 0 Critical Warnings and 0 Errors encountered.
route_design completed successfully
route_design: Time (s): cpu = 00:06:12 ; elapsed = 00:03:45 . Memory (MB): peak = 3123.492 ; gain = 511.691
INFO: [runtcl-4] Executing : report_drc -file top_drc_routed.rpt -pb top_drc_routed.pb -rpx top_drc_routed.rpx
Command: report_drc -file top_drc_routed.rpt -pb top_drc_routed.pb -rpx top_drc_routed.rpx
INFO: [IP_Flow 19-1839] IP Catalog is up to date.
INFO: [DRC 23-27] Running DRC with 2 threads
INFO: [Vivado_Tcl 2-168] The results of DRC are in file D:/CodeProject/Verilog_Project/COCP/Verilog/build/bupt_riscv_vivado_acceptance_final/bupt_riscv.runs/impl_1/top_drc_routed.rpt.
report_drc completed successfully
INFO: [runtcl-4] Executing : report_methodology -file top_methodology_drc_routed.rpt -pb top_methodology_drc_routed.pb -rpx top_methodology_drc_routed.rpx
Command: report_methodology -file top_methodology_drc_routed.rpt -pb top_methodology_drc_routed.pb -rpx top_methodology_drc_routed.rpx
INFO: [Timing 38-35] Done setting XDC timing constraints.
INFO: [DRC 23-133] Running Methodology with 2 threads
INFO: [Vivado_Tcl 2-1520] The results of Report Methodology are in file D:/CodeProject/Verilog_Project/COCP/Verilog/build/bupt_riscv_vivado_acceptance_final/bupt_riscv.runs/impl_1/top_methodology_drc_routed.rpt.
report_methodology completed successfully
report_methodology: Time (s): cpu = 00:00:18 ; elapsed = 00:00:10 . Memory (MB): peak = 3123.492 ; gain = 0.000
INFO: [runtcl-4] Executing : report_power -file top_power_routed.rpt -pb top_power_summary_routed.pb -rpx top_power_routed.rpx
Command: report_power -file top_power_routed.rpt -pb top_power_summary_routed.pb -rpx top_power_routed.rpx
INFO: [Timing 38-35] Done setting XDC timing constraints.
Running Vector-less Activity Propagation...

Finished Running Vector-less Activity Propagation
WARNING: [Power 33-332] Found switching activity that implies high-fanout reset nets being asserted for excessive periods of time which may result in inaccurate power analysis.
Resolution: To review and fix problems, please run Power Constraints Advisor in the GUI from Tools > Power Constraints Advisor or run report_power with the -advisory option to generate a text report.
145 Infos, 101 Warnings, 0 Critical Warnings and 0 Errors encountered.
report_power completed successfully
report_power: Time (s): cpu = 00:00:14 ; elapsed = 00:00:08 . Memory (MB): peak = 3123.492 ; gain = 0.000
INFO: [runtcl-4] Executing : report_route_status -file top_route_status.rpt -pb top_route_status.pb
INFO: [runtcl-4] Executing : report_timing_summary -max_paths 10 -report_unconstrained -file top_timing_summary_routed.rpt -pb top_timing_summary_routed.pb -rpx top_timing_summary_routed.rpx
INFO: [Timing 38-91] UpdateTimingParams: Speed grade: -1, Delay Type: min_max.
INFO: [Timing 38-191] Multithreading enabled for timing update using a maximum of 2 CPUs
INFO: [runtcl-4] Executing : report_incremental_reuse -file top_incremental_reuse_routed.rpt
INFO: [Vivado_Tcl 4-1062] Incremental flow is disabled. No incremental reuse Info to report.
INFO: [runtcl-4] Executing : report_clock_utilization -file top_clock_utilization_routed.rpt
INFO: [runtcl-4] Executing : report_bus_skew -warn_on_violation -file top_bus_skew_routed.rpt -pb top_bus_skew_routed.pb -rpx top_bus_skew_routed.rpx
INFO: [Timing 38-91] UpdateTimingParams: Speed grade: -1, Delay Type: min_max.
INFO: [Timing 38-191] Multithreading enabled for timing update using a maximum of 2 CPUs
INFO: [Timing 38-480] Writing timing data to binary archive.
Write ShapeDB Complete: Time (s): cpu = 00:00:00 ; elapsed = 00:00:00.057 . Memory (MB): peak = 3123.492 ; gain = 0.000
Wrote PlaceDB: Time (s): cpu = 00:00:05 ; elapsed = 00:00:02 . Memory (MB): peak = 3123.492 ; gain = 0.000
Wrote PulsedLatchDB: Time (s): cpu = 00:00:00 ; elapsed = 00:00:00 . Memory (MB): peak = 3123.492 ; gain = 0.000
Writing XDEF routing.
Writing XDEF routing logical nets.
Writing XDEF routing special nets.
Wrote RouteStorage: Time (s): cpu = 00:00:00 ; elapsed = 00:00:00.412 . Memory (MB): peak = 3123.492 ; gain = 0.000
Wrote Netlist Cache: Time (s): cpu = 00:00:00 ; elapsed = 00:00:00.052 . Memory (MB): peak = 3123.492 ; gain = 0.000
Wrote Device Cache: Time (s): cpu = 00:00:00 ; elapsed = 00:00:00.005 . Memory (MB): peak = 3123.492 ; gain = 0.000
Write Physdb Complete: Time (s): cpu = 00:00:05 ; elapsed = 00:00:03 . Memory (MB): peak = 3123.492 ; gain = 0.000
INFO: [Common 17-1381] The checkpoint 'D:/CodeProject/Verilog_Project/COCP/Verilog/build/bupt_riscv_vivado_acceptance_final/bupt_riscv.runs/impl_1/top_routed.dcp' has been generated.
write_checkpoint: Time (s): cpu = 00:00:07 ; elapsed = 00:00:06 . Memory (MB): peak = 3123.492 ; gain = 0.000
Command: phys_opt_design -directive AggressiveExplore
Attempting to get a license for feature 'Implementation' and/or device 'xc7a100t'
INFO: [Common 17-349] Got license for feature 'Implementation' and/or device 'xc7a100t'
INFO: [Vivado_Tcl 4-241] Physical synthesis in post route mode 
INFO: [Vivado_Tcl 4-137] Directive used for phys_opt_design is: AggressiveExplore

Starting Initial Update Timing Task

Time (s): cpu = 00:00:09 ; elapsed = 00:00:05 . Memory (MB): peak = 3123.492 ; gain = 0.000
INFO: [Vivado_Tcl 4-383] Design worst setup slack (WNS) is greater than or equal to 0.000 ns. Skipping all physical synthesis optimizations.
INFO: [Vivado_Tcl 4-232] No setup violation found. The netlist was not modified.
INFO: [Common 17-83] Releasing license: Implementation
11 Infos, 0 Warnings, 0 Critical Warnings and 0 Errors encountered.
phys_opt_design completed successfully
phys_opt_design: Time (s): cpu = 00:00:10 ; elapsed = 00:00:06 . Memory (MB): peak = 3123.492 ; gain = 0.000
INFO: [runtcl-4] Executing : report_timing_summary -max_paths 10 -report_unconstrained -warn_on_violation -file top_timing_summary_postroute_physopted.rpt -pb top_timing_summary_postroute_physopted.pb -rpx top_timing_summary_postroute_physopted.rpx
INFO: [Timing 38-91] UpdateTimingParams: Speed grade: -1, Delay Type: min_max.
INFO: [Timing 38-191] Multithreading enabled for timing update using a maximum of 2 CPUs
report_timing_summary: Time (s): cpu = 00:00:11 ; elapsed = 00:00:07 . Memory (MB): peak = 3123.492 ; gain = 0.000
INFO: [runtcl-4] Executing : report_bus_skew -warn_on_violation -file top_bus_skew_postroute_physopted.rpt -pb top_bus_skew_postroute_physopted.pb -rpx top_bus_skew_postroute_physopted.rpx
INFO: [Timing 38-91] UpdateTimingParams: Speed grade: -1, Delay Type: min_max.
INFO: [Timing 38-191] Multithreading enabled for timing update using a maximum of 2 CPUs
INFO: [Timing 38-480] Writing timing data to binary archive.
Write ShapeDB Complete: Time (s): cpu = 00:00:01 ; elapsed = 00:00:00.088 . Memory (MB): peak = 3123.492 ; gain = 0.000
Wrote PlaceDB: Time (s): cpu = 00:00:05 ; elapsed = 00:00:02 . Memory (MB): peak = 3123.492 ; gain = 0.000
Wrote PulsedLatchDB: Time (s): cpu = 00:00:00 ; elapsed = 00:00:00 . Memory (MB): peak = 3123.492 ; gain = 0.000
Writing XDEF routing.
Writing XDEF routing logical nets.
Writing XDEF routing special nets.
Wrote RouteStorage: Time (s): cpu = 00:00:00 ; elapsed = 00:00:00.420 . Memory (MB): peak = 3123.492 ; gain = 0.000
Wrote Netlist Cache: Time (s): cpu = 00:00:00 ; elapsed = 00:00:00.055 . Memory (MB): peak = 3123.492 ; gain = 0.000
Wrote Device Cache: Time (s): cpu = 00:00:00 ; elapsed = 00:00:00.004 . Memory (MB): peak = 3123.492 ; gain = 0.000
Write Physdb Complete: Time (s): cpu = 00:00:06 ; elapsed = 00:00:03 . Memory (MB): peak = 3123.492 ; gain = 0.000
INFO: [Common 17-1381] The checkpoint 'D:/CodeProject/Verilog_Project/COCP/Verilog/build/bupt_riscv_vivado_acceptance_final/bupt_riscv.runs/impl_1/top_postroute_physopt.dcp' has been generated.
write_checkpoint: Time (s): cpu = 00:00:07 ; elapsed = 00:00:05 . Memory (MB): peak = 3123.492 ; gain = 0.000
Command: write_bitstream -force top.bit
Attempting to get a license for feature 'Implementation' and/or device 'xc7a100t'
INFO: [Common 17-349] Got license for feature 'Implementation' and/or device 'xc7a100t'
Running DRC as a precondition to command write_bitstream
INFO: [IP_Flow 19-1839] IP Catalog is up to date.
INFO: [DRC 23-27] Running DRC with 2 threads
WARNING: [DRC CFGBVS-1] Missing CFGBVS and CONFIG_VOLTAGE Design Properties: Neither the CFGBVS nor CONFIG_VOLTAGE voltage property is set in the current_design.  Configuration bank voltage select (CFGBVS) must be set to VCCO or GND, and CONFIG_VOLTAGE must be set to the correct configuration voltage, in order to determine the I/O voltage support for the pins in bank 0.  It is suggested to specify these either using the 'Edit Device Properties' function in the GUI or directly in the XDC file using the following syntax:

 set_property CFGBVS value1 [current_design]
 #where value1 is either VCCO or GND

 set_property CONFIG_VOLTAGE value2 [current_design]
 #where value2 is the voltage provided to configuration bank 0

Refer to the device configuration user guide for more information.
WARNING: [DRC CHECK-3] Report rule limit reached: REQP-1839 rule limit reached: 20 violations have been found.
WARNING: [DRC DPIP-1] Input pipelining: DSP soc/bus/fp/mul_unit/exp_y1 input soc/bus/fp/mul_unit/exp_y1/A[29:0] is not pipelined. Pipelining DSP48 input will improve performance.
WARNING: [DRC DPIP-1] Input pipelining: DSP soc/bus/fp/mul_unit/exp_y1__0 input soc/bus/fp/mul_unit/exp_y1__0/A[29:0] is not pipelined. Pipelining DSP48 input will improve performance.
WARNING: [DRC DPIP-1] Input pipelining: DSP soc/bus/fp/mul_unit/exp_y1__0 input soc/bus/fp/mul_unit/exp_y1__0/B[17:0] is not pipelined. Pipelining DSP48 input will improve performance.
WARNING: [DRC DPOP-1] PREG Output pipelining: DSP soc/bus/fp/mul_unit/exp_y1__0 output soc/bus/fp/mul_unit/exp_y1__0/P[47:0] is not pipelined (PREG=0). Pipelining the DSP48 output will improve performance and often saves power so it is suggested whenever possible to fully pipeline this function.  If this DSP48 function was inferred, it is suggested to describe an additional register stage after this function.  If the DSP48 was instantiated in the design, it is suggested to set the PREG attribute to 1.
WARNING: [DRC DPOP-2] MREG Output pipelining: DSP soc/bus/fp/mul_unit/exp_y1__0 multiplier stage soc/bus/fp/mul_unit/exp_y1__0/P[47:0] is not pipelined (MREG=0). Pipelining the multiplier function will improve performance and will save significant power so it is suggested whenever possible to fully pipeline this function.  If this multiplier was inferred, it is suggested to describe an additional register stage after this function.  If there is no registered adder/accumulator following the multiply function, two pipeline stages are suggested to allow both the MREG and PREG registers to be used.  If the DSP48 was instantiated in the design, it is suggested to set both the MREG and PREG attributes to 1 when performing multiply functions.
WARNING: [DRC REQP-1709] Clock output buffering: PLLE2_ADV connectivity violation. The signal u_bupt_riscv_mig/u_bupt_riscv_mig_mig/u_ddr2_infrastructure/pll_clk3_out on the u_bupt_riscv_mig/u_bupt_riscv_mig_mig/u_ddr2_infrastructure/plle2_i/CLKOUT3 pin of u_bupt_riscv_mig/u_bupt_riscv_mig_mig/u_ddr2_infrastructure/plle2_i does not drive the same kind of BUFFER load as the other CLKOUT pins. Routing from the different buffer types will not be phase aligned.
WARNING: [DRC REQP-1839] RAMB36 async control check: The RAMB36E1 soc/bus/iboot/spo_reg_0 has an input control pin soc/bus/iboot/spo_reg_0/ADDRARDADDR[10] (net: soc/bus/iboot/ADDRARDADDR[7]) which is driven by a register (soc/bus/icache_i/be_addr_reg[9]) that has an active asychronous set or reset. This may cause corruption of the memory contents and/or read values when the set/reset is asserted and is not analyzed by the default static timing analysis. It is suggested to eliminate the use of a set/reset to registers driving this RAMB pin or else use a synchronous reset in which the assertion of the reset is timed by default.
WARNING: [DRC REQP-1839] RAMB36 async control check: The RAMB36E1 soc/bus/iboot/spo_reg_0 has an input control pin soc/bus/iboot/spo_reg_0/ADDRARDADDR[11] (net: soc/bus/iboot/ADDRARDADDR[8]) which is driven by a register (soc/bus/icache_i/be_addr_reg[10]) that has an active asychronous set or reset. This may cause corruption of the memory contents and/or read values when the set/reset is asserted and is not analyzed by the default static timing analysis. It is suggested to eliminate the use of a set/reset to registers driving this RAMB pin or else use a synchronous reset in which the assertion of the reset is timed by default.
WARNING: [DRC REQP-1839] RAMB36 async control check: The RAMB36E1 soc/bus/iboot/spo_reg_0 has an input control pin soc/bus/iboot/spo_reg_0/ADDRARDADDR[12] (net: soc/bus/iboot/ADDRARDADDR[9]) which is driven by a register (soc/bus/icache_i/be_addr_reg[11]) that has an active asychronous set or reset. This may cause corruption of the memory contents and/or read values when the set/reset is asserted and is not analyzed by the default static timing analysis. It is suggested to eliminate the use of a set/reset to registers driving this RAMB pin or else use a synchronous reset in which the assertion of the reset is timed by default.
WARNING: [DRC REQP-1839] RAMB36 async control check: The RAMB36E1 soc/bus/iboot/spo_reg_0 has an input control pin soc/bus/iboot/spo_reg_0/ADDRARDADDR[13] (net: soc/bus/iboot/ADDRARDADDR[10]) which is driven by a register (soc/bus/icache_i/be_addr_reg[12]) that has an active asychronous set or reset. This may cause corruption of the memory contents and/or read values when the set/reset is asserted and is not analyzed by the default static timing analysis. It is suggested to eliminate the use of a set/reset to registers driving this RAMB pin or else use a synchronous reset in which the assertion of the reset is timed by default.
WARNING: [DRC REQP-1839] RAMB36 async control check: The RAMB36E1 soc/bus/iboot/spo_reg_0 has an input control pin soc/bus/iboot/spo_reg_0/ADDRARDADDR[14] (net: soc/bus/iboot/ADDRARDADDR[11]) which is driven by a register (soc/bus/icache_i/be_addr_reg[13]) that has an active asychronous set or reset. This may cause corruption of the memory contents and/or read values when the set/reset is asserted and is not analyzed by the default static timing analysis. It is suggested to eliminate the use of a set/reset to registers driving this RAMB pin or else use a synchronous reset in which the assertion of the reset is timed by default.
WARNING: [DRC REQP-1839] RAMB36 async control check: The RAMB36E1 soc/bus/iboot/spo_reg_0 has an input control pin soc/bus/iboot/spo_reg_0/ADDRARDADDR[3] (net: soc/bus/iboot/ADDRARDADDR[0]) which is driven by a register (soc/bus/icache_i/be_addr_reg[2]) that has an active asychronous set or reset. This may cause corruption of the memory contents and/or read values when the set/reset is asserted and is not analyzed by the default static timing analysis. It is suggested to eliminate the use of a set/reset to registers driving this RAMB pin or else use a synchronous reset in which the assertion of the reset is timed by default.
WARNING: [DRC REQP-1839] RAMB36 async control check: The RAMB36E1 soc/bus/iboot/spo_reg_0 has an input control pin soc/bus/iboot/spo_reg_0/ADDRARDADDR[4] (net: soc/bus/iboot/ADDRARDADDR[1]) which is driven by a register (soc/bus/icache_i/be_addr_reg[3]) that has an active asychronous set or reset. This may cause corruption of the memory contents and/or read values when the set/reset is asserted and is not analyzed by the default static timing analysis. It is suggested to eliminate the use of a set/reset to registers driving this RAMB pin or else use a synchronous reset in which the assertion of the reset is timed by default.
WARNING: [DRC REQP-1839] RAMB36 async control check: The RAMB36E1 soc/bus/iboot/spo_reg_0 has an input control pin soc/bus/iboot/spo_reg_0/ADDRARDADDR[5] (net: soc/bus/iboot/ADDRARDADDR[2]) which is driven by a register (soc/bus/icache_i/be_addr_reg[4]) that has an active asychronous set or reset. This may cause corruption of the memory contents and/or read values when the set/reset is asserted and is not analyzed by the default static timing analysis. It is suggested to eliminate the use of a set/reset to registers driving this RAMB pin or else use a synchronous reset in which the assertion of the reset is timed by default.
WARNING: [DRC REQP-1839] RAMB36 async control check: The RAMB36E1 soc/bus/iboot/spo_reg_0 has an input control pin soc/bus/iboot/spo_reg_0/ADDRARDADDR[6] (net: soc/bus/iboot/ADDRARDADDR[3]) which is driven by a register (soc/bus/icache_i/be_addr_reg[5]) that has an active asychronous set or reset. This may cause corruption of the memory contents and/or read values when the set/reset is asserted and is not analyzed by the default static timing analysis. It is suggested to eliminate the use of a set/reset to registers driving this RAMB pin or else use a synchronous reset in which the assertion of the reset is timed by default.
WARNING: [DRC REQP-1839] RAMB36 async control check: The RAMB36E1 soc/bus/iboot/spo_reg_0 has an input control pin soc/bus/iboot/spo_reg_0/ADDRARDADDR[7] (net: soc/bus/iboot/ADDRARDADDR[4]) which is driven by a register (soc/bus/icache_i/be_addr_reg[6]) that has an active asychronous set or reset. This may cause corruption of the memory contents and/or read values when the set/reset is asserted and is not analyzed by the default static timing analysis. It is suggested to eliminate the use of a set/reset to registers driving this RAMB pin or else use a synchronous reset in which the assertion of the reset is timed by default.
WARNING: [DRC REQP-1839] RAMB36 async control check: The RAMB36E1 soc/bus/iboot/spo_reg_0 has an input control pin soc/bus/iboot/spo_reg_0/ADDRARDADDR[8] (net: soc/bus/iboot/ADDRARDADDR[5]) which is driven by a register (soc/bus/icache_i/be_addr_reg[7]) that has an active asychronous set or reset. This may cause corruption of the memory contents and/or read values when the set/reset is asserted and is not analyzed by the default static timing analysis. It is suggested to eliminate the use of a set/reset to registers driving this RAMB pin or else use a synchronous reset in which the assertion of the reset is timed by default.
WARNING: [DRC REQP-1839] RAMB36 async control check: The RAMB36E1 soc/bus/iboot/spo_reg_0 has an input control pin soc/bus/iboot/spo_reg_0/ADDRARDADDR[9] (net: soc/bus/iboot/ADDRARDADDR[6]) which is driven by a register (soc/bus/icache_i/be_addr_reg[8]) that has an active asychronous set or reset. This may cause corruption of the memory contents and/or read values when the set/reset is asserted and is not analyzed by the default static timing analysis. It is suggested to eliminate the use of a set/reset to registers driving this RAMB pin or else use a synchronous reset in which the assertion of the reset is timed by default.
WARNING: [DRC REQP-1839] RAMB36 async control check: The RAMB36E1 soc/bus/iboot/spo_reg_1 has an input control pin soc/bus/iboot/spo_reg_1/ADDRARDADDR[10] (net: soc/bus/iboot/ADDRARDADDR[7]) which is driven by a register (soc/bus/icache_i/be_addr_reg[9]) that has an active asychronous set or reset. This may cause corruption of the memory contents and/or read values when the set/reset is asserted and is not analyzed by the default static timing analysis. It is suggested to eliminate the use of a set/reset to registers driving this RAMB pin or else use a synchronous reset in which the assertion of the reset is timed by default.
WARNING: [DRC REQP-1839] RAMB36 async control check: The RAMB36E1 soc/bus/iboot/spo_reg_1 has an input control pin soc/bus/iboot/spo_reg_1/ADDRARDADDR[11] (net: soc/bus/iboot/ADDRARDADDR[8]) which is driven by a register (soc/bus/icache_i/be_addr_reg[10]) that has an active asychronous set or reset. This may cause corruption of the memory contents and/or read values when the set/reset is asserted and is not analyzed by the default static timing analysis. It is suggested to eliminate the use of a set/reset to registers driving this RAMB pin or else use a synchronous reset in which the assertion of the reset is timed by default.
WARNING: [DRC REQP-1839] RAMB36 async control check: The RAMB36E1 soc/bus/iboot/spo_reg_1 has an input control pin soc/bus/iboot/spo_reg_1/ADDRARDADDR[12] (net: soc/bus/iboot/ADDRARDADDR[9]) which is driven by a register (soc/bus/icache_i/be_addr_reg[11]) that has an active asychronous set or reset. This may cause corruption of the memory contents and/or read values when the set/reset is asserted and is not analyzed by the default static timing analysis. It is suggested to eliminate the use of a set/reset to registers driving this RAMB pin or else use a synchronous reset in which the assertion of the reset is timed by default.
WARNING: [DRC REQP-1839] RAMB36 async control check: The RAMB36E1 soc/bus/iboot/spo_reg_1 has an input control pin soc/bus/iboot/spo_reg_1/ADDRARDADDR[13] (net: soc/bus/iboot/ADDRARDADDR[10]) which is driven by a register (soc/bus/icache_i/be_addr_reg[12]) that has an active asychronous set or reset. This may cause corruption of the memory contents and/or read values when the set/reset is asserted and is not analyzed by the default static timing analysis. It is suggested to eliminate the use of a set/reset to registers driving this RAMB pin or else use a synchronous reset in which the assertion of the reset is timed by default.
WARNING: [DRC REQP-1839] RAMB36 async control check: The RAMB36E1 soc/bus/iboot/spo_reg_1 has an input control pin soc/bus/iboot/spo_reg_1/ADDRARDADDR[14] (net: soc/bus/iboot/ADDRARDADDR[11]) which is driven by a register (soc/bus/icache_i/be_addr_reg[13]) that has an active asychronous set or reset. This may cause corruption of the memory contents and/or read values when the set/reset is asserted and is not analyzed by the default static timing analysis. It is suggested to eliminate the use of a set/reset to registers driving this RAMB pin or else use a synchronous reset in which the assertion of the reset is timed by default.
WARNING: [DRC REQP-1839] RAMB36 async control check: The RAMB36E1 soc/bus/iboot/spo_reg_1 has an input control pin soc/bus/iboot/spo_reg_1/ADDRARDADDR[7] (net: soc/bus/iboot/ADDRARDADDR[4]) which is driven by a register (soc/bus/icache_i/be_addr_reg[6]) that has an active asychronous set or reset. This may cause corruption of the memory contents and/or read values when the set/reset is asserted and is not analyzed by the default static timing analysis. It is suggested to eliminate the use of a set/reset to registers driving this RAMB pin or else use a synchronous reset in which the assertion of the reset is timed by default.
WARNING: [DRC REQP-1839] RAMB36 async control check: The RAMB36E1 soc/bus/iboot/spo_reg_1 has an input control pin soc/bus/iboot/spo_reg_1/ADDRARDADDR[8] (net: soc/bus/iboot/ADDRARDADDR[5]) which is driven by a register (soc/bus/icache_i/be_addr_reg[7]) that has an active asychronous set or reset. This may cause corruption of the memory contents and/or read values when the set/reset is asserted and is not analyzed by the default static timing analysis. It is suggested to eliminate the use of a set/reset to registers driving this RAMB pin or else use a synchronous reset in which the assertion of the reset is timed by default.
WARNING: [DRC REQP-1839] RAMB36 async control check: The RAMB36E1 soc/bus/iboot/spo_reg_1 has an input control pin soc/bus/iboot/spo_reg_1/ADDRARDADDR[9] (net: soc/bus/iboot/ADDRARDADDR[6]) which is driven by a register (soc/bus/icache_i/be_addr_reg[8]) that has an active asychronous set or reset. This may cause corruption of the memory contents and/or read values when the set/reset is asserted and is not analyzed by the default static timing analysis. It is suggested to eliminate the use of a set/reset to registers driving this RAMB pin or else use a synchronous reset in which the assertion of the reset is timed by default.
INFO: [Vivado 12-3199] DRC finished with 0 Errors, 28 Warnings
INFO: [Vivado 12-3200] Please refer to the DRC report (report_drc) for more information.
INFO: [Designutils 20-2272] Running write_bitstream with 2 threads.
Loading data files...
Loading site data...
Loading route data...
Processing options...
Creating bitmap...
Creating bitstream...
Writing bitstream ./top.bit...
INFO: [Vivado 12-1842] Bitgen Completed Successfully.
INFO: [Project 1-1876] WebTalk data collection is mandatory when using a ULT device. To see the specific WebTalk data collected for your design, open the usage_statistics_webtalk.html or usage_statistics_webtalk.xml file in the implementation directory.
INFO: [Common 17-83] Releasing license: Implementation
28 Infos, 28 Warnings, 0 Critical Warnings and 0 Errors encountered.
write_bitstream completed successfully
write_bitstream: Time (s): cpu = 00:00:25 ; elapsed = 00:00:16 . Memory (MB): peak = 3419.996 ; gain = 296.504
INFO: [Common 17-206] Exiting Vivado at Fri Jul 10 22:35:52 2026...
