
*** Running vivado
    with args -log bupt_riscv_mig.vds -m64 -product Vivado -mode batch -messageDb vivado.pb -notrace -source bupt_riscv_mig.tcl


ECHO is off.
ECHO is off.

****** Vivado v2023.2 (64-bit)
  **** SW Build 4029153 on Fri Oct 13 20:14:34 MDT 2023
  **** IP Build 4028589 on Sat Oct 14 00:45:43 MDT 2023
  **** SharedData Build 4025554 on Tue Oct 10 17:18:54 MDT 2023
    ** Copyright 1986-2022 Xilinx, Inc. All Rights Reserved.
    ** Copyright 2022-2023 Advanced Micro Devices, Inc. All Rights Reserved.

source bupt_riscv_mig.tcl -notrace
create_project: Time (s): cpu = 00:00:05 ; elapsed = 00:00:06 . Memory (MB): peak = 485.680 ; gain = 184.172
Command: synth_design -top bupt_riscv_mig -part xc7a100tcsg324-1 -incremental_mode off -mode out_of_context
Starting synth_design
Attempting to get a license for feature 'Synthesis' and/or device 'xc7a100t'
INFO: [Common 17-349] Got license for feature 'Synthesis' and/or device 'xc7a100t'
INFO: [Device 21-403] Loading part xc7a100tcsg324-1
INFO: [Synth 8-7079] Multithreading enabled for synth_design using a maximum of 2 processes.
INFO: [Synth 8-7078] Launching helper process for spawning children vivado processes
INFO: [Synth 8-7075] Helper process launched with PID 25096
---------------------------------------------------------------------------------
Starting RTL Elaboration : Time (s): cpu = 00:00:03 ; elapsed = 00:00:04 . Memory (MB): peak = 1364.051 ; gain = 438.480
---------------------------------------------------------------------------------
WARNING: [Synth 8-10515] begin/end is required for generate-for in this mode of Verilog [d:/CodeProject/Verilog_Project/COCP/Verilog/build/bupt_riscv_vivado_acceptance_final/bupt_riscv.gen/sources_1/ip/bupt_riscv_mig/bupt_riscv_mig/user_design/rtl/controller/mig_7series_v4_2_arb_row_col.v:253]
INFO: [Synth 8-11241] undeclared symbol 'dbg_sel_po_incdec', assumed default net type 'wire' [d:/CodeProject/Verilog_Project/COCP/Verilog/build/bupt_riscv_vivado_acceptance_final/bupt_riscv.gen/sources_1/ip/bupt_riscv_mig/bupt_riscv_mig/user_design/rtl/bupt_riscv_mig_mig.v:1190]
INFO: [Synth 8-11241] undeclared symbol 'dbg_po_f_inc', assumed default net type 'wire' [d:/CodeProject/Verilog_Project/COCP/Verilog/build/bupt_riscv_vivado_acceptance_final/bupt_riscv.gen/sources_1/ip/bupt_riscv_mig/bupt_riscv_mig/user_design/rtl/bupt_riscv_mig_mig.v:1194]
INFO: [Synth 8-11241] undeclared symbol 'dbg_po_f_stg23_sel', assumed default net type 'wire' [d:/CodeProject/Verilog_Project/COCP/Verilog/build/bupt_riscv_vivado_acceptance_final/bupt_riscv.gen/sources_1/ip/bupt_riscv_mig/bupt_riscv_mig/user_design/rtl/bupt_riscv_mig_mig.v:1195]
INFO: [Synth 8-11241] undeclared symbol 'dbg_po_f_dec', assumed default net type 'wire' [d:/CodeProject/Verilog_Project/COCP/Verilog/build/bupt_riscv_vivado_acceptance_final/bupt_riscv.gen/sources_1/ip/bupt_riscv_mig/bupt_riscv_mig/user_design/rtl/bupt_riscv_mig_mig.v:1196]
INFO: [Synth 8-11241] undeclared symbol 'dbg_poc', assumed default net type 'wire' [d:/CodeProject/Verilog_Project/COCP/Verilog/build/bupt_riscv_vivado_acceptance_final/bupt_riscv.gen/sources_1/ip/bupt_riscv_mig/bupt_riscv_mig/user_design/rtl/bupt_riscv_mig_mig.v:1323]
INFO: [Synth 8-6157] synthesizing module 'bupt_riscv_mig' [d:/CodeProject/Verilog_Project/COCP/Verilog/build/bupt_riscv_vivado_acceptance_final/bupt_riscv.gen/sources_1/ip/bupt_riscv_mig/bupt_riscv_mig/user_design/rtl/bupt_riscv_mig.v:71]
INFO: [Synth 8-6157] synthesizing module 'bupt_riscv_mig_mig' [d:/CodeProject/Verilog_Project/COCP/Verilog/build/bupt_riscv_vivado_acceptance_final/bupt_riscv.gen/sources_1/ip/bupt_riscv_mig/bupt_riscv_mig/user_design/rtl/bupt_riscv_mig_mig.v:74]
INFO: [Synth 8-6157] synthesizing module 'mig_7series_v4_2_tempmon' [d:/CodeProject/Verilog_Project/COCP/Verilog/build/bupt_riscv_vivado_acceptance_final/bupt_riscv.gen/sources_1/ip/bupt_riscv_mig/bupt_riscv_mig/user_design/rtl/clocking/mig_7series_v4_2_tempmon.v:69]
	Parameter TCQ bound to: 100 - type: integer 
	Parameter TEMP_MON_CONTROL bound to: INTERNAL - type: string 
	Parameter XADC_CLK_PERIOD bound to: 5000 - type: integer 
	Parameter tTEMPSAMPLE bound to: 10000000 - type: integer 
INFO: [Synth 8-6157] synthesizing module 'XADC' [D:/Xilinx/Vivado/2023.2/scripts/rt/data/unisim_comp.v:138903]
	Parameter INIT_40 bound to: 16'b0001000000000000 
	Parameter INIT_41 bound to: 16'b0010111111111111 
	Parameter INIT_42 bound to: 16'b0000100000000000 
	Parameter INIT_48 bound to: 16'b0000000100000001 
	Parameter INIT_49 bound to: 16'b0000000000000000 
	Parameter INIT_4A bound to: 16'b0000000100000000 
	Parameter INIT_4B bound to: 16'b0000000000000000 
	Parameter INIT_4C bound to: 16'b0000000000000000 
	Parameter INIT_4D bound to: 16'b0000000000000000 
	Parameter INIT_4E bound to: 16'b0000000000000000 
	Parameter INIT_4F bound to: 16'b0000000000000000 
	Parameter INIT_50 bound to: 16'b1011010111101101 
	Parameter INIT_51 bound to: 16'b0101011111100100 
	Parameter INIT_52 bound to: 16'b1010000101000111 
	Parameter INIT_53 bound to: 16'b1100101000110011 
	Parameter INIT_54 bound to: 16'b1010100100111010 
	Parameter INIT_55 bound to: 16'b0101001011000110 
	Parameter INIT_56 bound to: 16'b1001010101010101 
	Parameter INIT_57 bound to: 16'b1010111001001110 
	Parameter INIT_58 bound to: 16'b0101100110011001 
	Parameter INIT_5C bound to: 16'b0101000100010001 
	Parameter SIM_DEVICE bound to: 7SERIES - type: string 
INFO: [Synth 8-6155] done synthesizing module 'XADC' (0#1) [D:/Xilinx/Vivado/2023.2/scripts/rt/data/unisim_comp.v:138903]
INFO: [Synth 8-6155] done synthesizing module 'mig_7series_v4_2_tempmon' (0#1) [d:/CodeProject/Verilog_Project/COCP/Verilog/build/bupt_riscv_vivado_acceptance_final/bupt_riscv.gen/sources_1/ip/bupt_riscv_mig/bupt_riscv_mig/user_design/rtl/clocking/mig_7series_v4_2_tempmon.v:69]
INFO: [Synth 8-6157] synthesizing module 'mig_7series_v4_2_iodelay_ctrl' [d:/CodeProject/Verilog_Project/COCP/Verilog/build/bupt_riscv_vivado_acceptance_final/bupt_riscv.gen/sources_1/ip/bupt_riscv_mig/bupt_riscv_mig/user_design/rtl/clocking/mig_7series_v4_2_iodelay_ctrl.v:80]
	Parameter TCQ bound to: 100 - type: integer 
	Parameter IODELAY_GRP0 bound to: BUPT_RISCV_MIG_IODELAY_MIG0 - type: string 
	Parameter REFCLK_TYPE bound to: USE_SYSTEM_CLOCK - type: string 
	Parameter SYSCLK_TYPE bound to: NO_BUFFER - type: string 
	Parameter SYS_RST_PORT bound to: FALSE - type: string 
	Parameter RST_ACT_LOW bound to: 1 - type: integer 
	Parameter DIFF_TERM_REFCLK bound to: TRUE - type: string 
INFO: [Synth 8-6157] synthesizing module 'IDELAYCTRL' [D:/Xilinx/Vivado/2023.2/scripts/rt/data/unisim_comp.v:75727]
INFO: [Synth 8-6155] done synthesizing module 'IDELAYCTRL' (0#1) [D:/Xilinx/Vivado/2023.2/scripts/rt/data/unisim_comp.v:75727]
INFO: [Synth 8-6155] done synthesizing module 'mig_7series_v4_2_iodelay_ctrl' (0#1) [d:/CodeProject/Verilog_Project/COCP/Verilog/build/bupt_riscv_vivado_acceptance_final/bupt_riscv.gen/sources_1/ip/bupt_riscv_mig/bupt_riscv_mig/user_design/rtl/clocking/mig_7series_v4_2_iodelay_ctrl.v:80]
INFO: [Synth 8-6157] synthesizing module 'mig_7series_v4_2_clk_ibuf' [d:/CodeProject/Verilog_Project/COCP/Verilog/build/bupt_riscv_vivado_acceptance_final/bupt_riscv.gen/sources_1/ip/bupt_riscv_mig/bupt_riscv_mig/user_design/rtl/clocking/mig_7series_v4_2_clk_ibuf.v:68]
	Parameter SYSCLK_TYPE bound to: NO_BUFFER - type: string 
	Parameter DIFF_TERM_SYSCLK bound to: TRUE - type: string 
INFO: [Synth 8-6155] done synthesizing module 'mig_7series_v4_2_clk_ibuf' (0#1) [d:/CodeProject/Verilog_Project/COCP/Verilog/build/bupt_riscv_vivado_acceptance_final/bupt_riscv.gen/sources_1/ip/bupt_riscv_mig/bupt_riscv_mig/user_design/rtl/clocking/mig_7series_v4_2_clk_ibuf.v:68]
INFO: [Synth 8-6157] synthesizing module 'mig_7series_v4_2_infrastructure' [d:/CodeProject/Verilog_Project/COCP/Verilog/build/bupt_riscv_vivado_acceptance_final/bupt_riscv.gen/sources_1/ip/bupt_riscv_mig/bupt_riscv_mig/user_design/rtl/clocking/mig_7series_v4_2_infrastructure.v:78]
	Parameter TCQ bound to: 100 - type: integer 
	Parameter CLKIN_PERIOD bound to: 5000 - type: integer 
	Parameter nCK_PER_CLK bound to: 4 - type: integer 
	Parameter SYSCLK_TYPE bound to: NO_BUFFER - type: string 
	Parameter UI_EXTRA_CLOCKS bound to: TRUE - type: string 
	Parameter CLKFBOUT_MULT bound to: 13 - type: integer 
	Parameter DIVCLK_DIVIDE bound to: 2 - type: integer 
	Parameter CLKOUT0_PHASE bound to: 0.000000 - type: double 
	Parameter CLKOUT0_DIVIDE bound to: 2 - type: integer 
	Parameter CLKOUT1_DIVIDE bound to: 4 - type: integer 
	Parameter CLKOUT2_DIVIDE bound to: 64 - type: integer 
	Parameter CLKOUT3_DIVIDE bound to: 16 - type: integer 
	Parameter MMCM_VCO bound to: 1200 - type: integer 
	Parameter MMCM_MULT_F bound to: 14 - type: integer 
	Parameter MMCM_DIVCLK_DIVIDE bound to: 1 - type: integer 
	Parameter MMCM_CLKOUT0_EN bound to: TRUE - type: string 
	Parameter MMCM_CLKOUT1_EN bound to: FALSE - type: string 
	Parameter MMCM_CLKOUT2_EN bound to: FALSE - type: string 
	Parameter MMCM_CLKOUT3_EN bound to: FALSE - type: string 
	Parameter MMCM_CLKOUT4_EN bound to: FALSE - type: string 
	Parameter MMCM_CLKOUT0_DIVIDE bound to: 12 - type: integer 
	Parameter MMCM_CLKOUT1_DIVIDE bound to: 1 - type: integer 
	Parameter MMCM_CLKOUT2_DIVIDE bound to: 1 - type: integer 
	Parameter MMCM_CLKOUT3_DIVIDE bound to: 1 - type: integer 
	Parameter MMCM_CLKOUT4_DIVIDE bound to: 1 - type: integer 
	Parameter RST_ACT_LOW bound to: 1 - type: integer 
	Parameter tCK bound to: 3077 - type: integer 
	Parameter MEM_TYPE bound to: DDR2 - type: string 
INFO: [Synth 8-6157] synthesizing module 'MMCME2_ADV' [D:/Xilinx/Vivado/2023.2/scripts/rt/data/unisim_comp.v:82174]
	Parameter BANDWIDTH bound to: HIGH - type: string 
	Parameter CLKFBOUT_MULT_F bound to: 14.000000 - type: double 
	Parameter CLKFBOUT_PHASE bound to: 0.000000 - type: double 
	Parameter CLKFBOUT_USE_FINE_PS bound to: FALSE - type: string 
	Parameter CLKIN1_PERIOD bound to: 12.304000 - type: double 
	Parameter CLKOUT0_DIVIDE_F bound to: 12.000000 - type: double 
	Parameter CLKOUT0_DUTY_CYCLE bound to: 0.500000 - type: double 
	Parameter CLKOUT0_PHASE bound to: 0.000000 - type: double 
	Parameter CLKOUT0_USE_FINE_PS bound to: FALSE - type: string 
	Parameter CLKOUT1_DIVIDE bound to: 14 - type: integer 
	Parameter CLKOUT1_DUTY_CYCLE bound to: 0.500000 - type: double 
	Parameter CLKOUT1_PHASE bound to: 0.000000 - type: double 
	Parameter CLKOUT1_USE_FINE_PS bound to: FALSE - type: string 
	Parameter CLKOUT2_DIVIDE bound to: 14 - type: integer 
	Parameter CLKOUT2_DUTY_CYCLE bound to: 0.500000 - type: double 
	Parameter CLKOUT2_PHASE bound to: 0.000000 - type: double 
	Parameter CLKOUT2_USE_FINE_PS bound to: FALSE - type: string 
	Parameter CLKOUT3_DIVIDE bound to: 14 - type: integer 
	Parameter CLKOUT3_DUTY_CYCLE bound to: 0.500000 - type: double 
	Parameter CLKOUT3_PHASE bound to: 0.000000 - type: double 
	Parameter CLKOUT3_USE_FINE_PS bound to: FALSE - type: string 
	Parameter CLKOUT4_CASCADE bound to: FALSE - type: string 
	Parameter CLKOUT4_DIVIDE bound to: 14 - type: integer 
	Parameter CLKOUT4_DUTY_CYCLE bound to: 0.500000 - type: double 
	Parameter CLKOUT4_PHASE bound to: 0.000000 - type: double 
	Parameter CLKOUT4_USE_FINE_PS bound to: FALSE - type: string 
	Parameter CLKOUT5_DIVIDE bound to: 28 - type: integer 
	Parameter CLKOUT5_DUTY_CYCLE bound to: 0.500000 - type: double 
	Parameter CLKOUT5_PHASE bound to: 0.000000 - type: double 
	Parameter CLKOUT5_USE_FINE_PS bound to: TRUE - type: string 
	Parameter CLKOUT6_DIVIDE bound to: 7 - type: integer 
	Parameter CLKOUT6_DUTY_CYCLE bound to: 0.500000 - type: double 
	Parameter CLKOUT6_PHASE bound to: 0.000000 - type: double 
	Parameter CLKOUT6_USE_FINE_PS bound to: FALSE - type: string 
	Parameter COMPENSATION bound to: BUF_IN - type: string 
	Parameter DIVCLK_DIVIDE bound to: 1 - type: integer 
	Parameter REF_JITTER1 bound to: 0.000000 - type: double 
	Parameter STARTUP_WAIT bound to: FALSE - type: string 
INFO: [Synth 8-6155] done synthesizing module 'MMCME2_ADV' (0#1) [D:/Xilinx/Vivado/2023.2/scripts/rt/data/unisim_comp.v:82174]
INFO: [Synth 8-6157] synthesizing module 'BUFG' [D:/Xilinx/Vivado/2023.2/scripts/rt/data/unisim_comp.v:1951]
INFO: [Synth 8-6155] done synthesizing module 'BUFG' (0#1) [D:/Xilinx/Vivado/2023.2/scripts/rt/data/unisim_comp.v:1951]
INFO: [Synth 8-6157] synthesizing module 'PLLE2_ADV' [D:/Xilinx/Vivado/2023.2/scripts/rt/data/unisim_comp.v:111351]
	Parameter BANDWIDTH bound to: OPTIMIZED - type: string 
	Parameter CLKFBOUT_MULT bound to: 13 - type: integer 
	Parameter CLKFBOUT_PHASE bound to: 0.000000 - type: double 
	Parameter CLKIN1_PERIOD bound to: 5.000000 - type: double 
	Parameter CLKOUT0_DIVIDE bound to: 2 - type: integer 
	Parameter CLKOUT0_DUTY_CYCLE bound to: 0.500000 - type: double 
	Parameter CLKOUT0_PHASE bound to: 0.000000 - type: double 
	Parameter CLKOUT1_DIVIDE bound to: 4 - type: integer 
	Parameter CLKOUT1_DUTY_CYCLE bound to: 0.500000 - type: double 
	Parameter CLKOUT1_PHASE bound to: 0.000000 - type: double 
	Parameter CLKOUT2_DIVIDE bound to: 64 - type: integer 
	Parameter CLKOUT2_DUTY_CYCLE bound to: 0.062500 - type: double 
	Parameter CLKOUT2_PHASE bound to: 9.843750 - type: double 
	Parameter CLKOUT3_DIVIDE bound to: 16 - type: integer 
	Parameter CLKOUT3_DUTY_CYCLE bound to: 0.500000 - type: double 
	Parameter CLKOUT3_PHASE bound to: 0.000000 - type: double 
	Parameter CLKOUT4_DIVIDE bound to: 8 - type: integer 
	Parameter CLKOUT4_DUTY_CYCLE bound to: 0.500000 - type: double 
	Parameter CLKOUT4_PHASE bound to: 168.750000 - type: double 
	Parameter CLKOUT5_DUTY_CYCLE bound to: 0.500000 - type: double 
	Parameter CLKOUT5_PHASE bound to: 0.000000 - type: double 
	Parameter COMPENSATION bound to: INTERNAL - type: string 
	Parameter DIVCLK_DIVIDE bound to: 2 - type: integer 
	Parameter REF_JITTER1 bound to: 0.010000 - type: double 
	Parameter REF_JITTER2 bound to: 0.010000 - type: double 
	Parameter STARTUP_WAIT bound to: FALSE - type: string 
INFO: [Synth 8-6155] done synthesizing module 'PLLE2_ADV' (0#1) [D:/Xilinx/Vivado/2023.2/scripts/rt/data/unisim_comp.v:111351]
INFO: [Synth 8-6157] synthesizing module 'BUFH' [D:/Xilinx/Vivado/2023.2/scripts/rt/data/unisim_comp.v:2198]
INFO: [Synth 8-6155] done synthesizing module 'BUFH' (0#1) [D:/Xilinx/Vivado/2023.2/scripts/rt/data/unisim_comp.v:2198]
INFO: [Synth 8-6155] done synthesizing module 'mig_7series_v4_2_infrastructure' (0#1) [d:/CodeProject/Verilog_Project/COCP/Verilog/build/bupt_riscv_vivado_acceptance_final/bupt_riscv.gen/sources_1/ip/bupt_riscv_mig/bupt_riscv_mig/user_design/rtl/clocking/mig_7series_v4_2_infrastructure.v:78]
INFO: [Synth 8-6157] synthesizing module 'mig_7series_v4_2_memc_ui_top_axi' [d:/CodeProject/Verilog_Project/COCP/Verilog/build/bupt_riscv_vivado_acceptance_final/bupt_riscv.gen/sources_1/ip/bupt_riscv_mig/bupt_riscv_mig/user_design/rtl/ip_top/mig_7series_v4_2_memc_ui_top_axi.v:71]
	Parameter TCQ bound to: 100 - type: integer 
	Parameter PAYLOAD_WIDTH bound to: 16 - type: integer 
	Parameter ADDR_CMD_MODE bound to: 1T - type: string 
	Parameter AL bound to: 0 - type: string 
	Parameter BANK_WIDTH bound to: 3 - type: integer 
	Parameter BM_CNT_WIDTH bound to: 2 - type: integer 
	Parameter BURST_MODE bound to: 8 - type: string 
	Parameter BURST_TYPE bound to: SEQ - type: string 
	Parameter CK_WIDTH bound to: 1 - type: integer 
	Parameter CL bound to: 5 - type: integer 
	Parameter COL_WIDTH bound to: 10 - type: integer 
	Parameter CMD_PIPE_PLUS1 bound to: ON - type: string 
	Parameter CS_WIDTH bound to: 1 - type: integer 
	Parameter CKE_WIDTH bound to: 1 - type: integer 
	Parameter DATA_WIDTH bound to: 16 - type: integer 
	Parameter DATA_BUF_ADDR_WIDTH bound to: 5 - type: integer 
	Parameter DM_WIDTH bound to: 2 - type: integer 
	Parameter DQ_CNT_WIDTH bound to: 4 - type: integer 
	Parameter DQ_WIDTH bound to: 16 - type: integer 
	Parameter DQS_CNT_WIDTH bound to: 1 - type: integer 
	Parameter DQS_WIDTH bound to: 2 - type: integer 
	Parameter DRAM_TYPE bound to: DDR2 - type: string 
	Parameter DRAM_WIDTH bound to: 8 - type: integer 
	Parameter ECC bound to: OFF - type: string 
	Parameter ECC_WIDTH bound to: 0 - type: integer 
	Parameter ECC_TEST bound to: OFF - type: string 
	Parameter MC_ERR_ADDR_WIDTH bound to: 27 - type: integer 
	Parameter MASTER_PHY_CTL bound to: 0 - type: integer 
	Parameter nAL bound to: 0 - type: integer 
	Parameter nBANK_MACHS bound to: 4 - type: integer 
	Parameter nCK_PER_CLK bound to: 4 - type: integer 
	Parameter nCS_PER_RANK bound to: 1 - type: integer 
	Parameter ORDERING bound to: NORM - type: string 
	Parameter IBUF_LPWR_MODE bound to: OFF - type: string 
	Parameter BANK_TYPE bound to: HR_IO - type: string 
	Parameter DATA_IO_PRIM_TYPE bound to: HR_LP - type: string 
	Parameter DATA_IO_IDLE_PWRDWN bound to: ON - type: string 
	Parameter IODELAY_GRP0 bound to: BUPT_RISCV_MIG_IODELAY_MIG0 - type: string 
	Parameter OUTPUT_DRV bound to: HIGH - type: string 
	Parameter REG_CTRL bound to: OFF - type: string 
	Parameter RTT_NOM bound to: 50 - type: string 
	Parameter STARVE_LIMIT bound to: 2 - type: integer 
	Parameter tCK bound to: 3077 - type: integer 
	Parameter tCKE bound to: 7500 - type: integer 
	Parameter tFAW bound to: 45000 - type: integer 
	Parameter tPRDI bound to: 1000000 - type: integer 
	Parameter tRAS bound to: 40000 - type: integer 
	Parameter tRCD bound to: 15000 - type: integer 
	Parameter tREFI bound to: 7800000 - type: integer 
	Parameter tRFC bound to: 127500 - type: integer 
	Parameter tRP bound to: 12500 - type: integer 
	Parameter tRRD bound to: 10000 - type: integer 
	Parameter tRTP bound to: 7500 - type: integer 
	Parameter tWTR bound to: 7500 - type: integer 
	Parameter tZQI bound to: 128000000 - type: integer 
	Parameter tZQCS bound to: 64 - type: integer 
	Parameter USER_REFRESH bound to: OFF - type: string 
	Parameter TEMP_MON_EN bound to: ON - type: string 
	Parameter WRLVL bound to: OFF - type: string 
	Parameter DEBUG_PORT bound to: OFF - type: string 
	Parameter CAL_WIDTH bound to: HALF - type: string 
	Parameter RANK_WIDTH bound to: 1 - type: integer 
	Parameter RANKS bound to: 1 - type: integer 
	Parameter ODT_WIDTH bound to: 1 - type: integer 
	Parameter ROW_WIDTH bound to: 13 - type: integer 
	Parameter ADDR_WIDTH bound to: 27 - type: integer 
	Parameter APP_MASK_WIDTH bound to: 16 - type: integer 
	Parameter APP_DATA_WIDTH bound to: 128 - type: integer 
	Parameter BYTE_LANES_B0 bound to: 4'b1111 
	Parameter BYTE_LANES_B1 bound to: 4'b0000 
	Parameter BYTE_LANES_B2 bound to: 4'b0000 
	Parameter BYTE_LANES_B3 bound to: 4'b0000 
	Parameter BYTE_LANES_B4 bound to: 4'b0000 
	Parameter DATA_CTL_B0 bound to: 4'b0101 
	Parameter DATA_CTL_B1 bound to: 4'b0000 
	Parameter DATA_CTL_B2 bound to: 4'b0000 
	Parameter DATA_CTL_B3 bound to: 4'b0000 
	Parameter DATA_CTL_B4 bound to: 4'b0000 
	Parameter PHY_0_BITLANES bound to: 48'b111111111100001111110111111111111111001111111110 
	Parameter PHY_1_BITLANES bound to: 48'b000000000000000000000000000000000000000000000000 
	Parameter PHY_2_BITLANES bound to: 48'b000000000000000000000000000000000000000000000000 
	Parameter CK_BYTE_MAP bound to: 144'b000000000000000000000000000000000000000000000000000000000000000000000000000000000000000000000000000000000000000000000000000000000000000000000011 
	Parameter ADDR_MAP bound to: 192'b000000000000000000000000000000000000000000010000000000110011000000011010000000011001000000110010000000111010000000110100000000011000000000110110000000010010000000010001000000010111000000010101 
	Parameter BANK_MAP bound to: 36'b000000010011000000010110000000011011 
	Parameter CAS_MAP bound to: 12'b000000111001 
	Parameter CKE_ODT_BYTE_MAP bound to: 8'b00000000 
	Parameter CKE_MAP bound to: 96'b000000000000000000000000000000000000000000000000000000000000000000000000000000000000000000111000 
	Parameter ODT_MAP bound to: 96'b000000000000000000000000000000000000000000000000000000000000000000000000000000000000000000110101 
	Parameter CKE_ODT_AUX bound to: FALSE - type: string 
	Parameter CS_MAP bound to: 120'b000000000000000000000000000000000000000000000000000000000000000000000000000000000000000000000000000000000000000000110111 
	Parameter PARITY_MAP bound to: 12'b000000000000 
	Parameter RAS_MAP bound to: 12'b000000010100 
	Parameter WE_MAP bound to: 12'b000000111011 
	Parameter DQS_BYTE_MAP bound to: 144'b000000000000000000000000000000000000000000000000000000000000000000000000000000000000000000000000000000000000000000000000000000000000001000000000 
	Parameter DATA0_MAP bound to: 96'b000000001000000000000100000000001001000000000111000000000101000000000001000000000110000000000011 
	Parameter DATA1_MAP bound to: 96'b000000100010000000101000000000100000000000100100000000100111000000100101000000100110000000100001 
	Parameter DATA2_MAP bound to: 96'b000000000000000000000000000000000000000000000000000000000000000000000000000000000000000000000000 
	Parameter DATA3_MAP bound to: 96'b000000000000000000000000000000000000000000000000000000000000000000000000000000000000000000000000 
	Parameter DATA4_MAP bound to: 96'b000000000000000000000000000000000000000000000000000000000000000000000000000000000000000000000000 
	Parameter DATA5_MAP bound to: 96'b000000000000000000000000000000000000000000000000000000000000000000000000000000000000000000000000 
	Parameter DATA6_MAP bound to: 96'b000000000000000000000000000000000000000000000000000000000000000000000000000000000000000000000000 
	Parameter DATA7_MAP bound to: 96'b000000000000000000000000000000000000000000000000000000000000000000000000000000000000000000000000 
	Parameter DATA8_MAP bound to: 96'b000000000000000000000000000000000000000000000000000000000000000000000000000000000000000000000000 
	Parameter DATA9_MAP bound to: 96'b000000000000000000000000000000000000000000000000000000000000000000000000000000000000000000000000 
	Parameter DATA10_MAP bound to: 96'b000000000000000000000000000000000000000000000000000000000000000000000000000000000000000000000000 
	Parameter DATA11_MAP bound to: 96'b000000000000000000000000000000000000000000000000000000000000000000000000000000000000000000000000 
	Parameter DATA12_MAP bound to: 96'b000000000000000000000000000000000000000000000000000000000000000000000000000000000000000000000000 
	Parameter DATA13_MAP bound to: 96'b000000000000000000000000000000000000000000000000000000000000000000000000000000000000000000000000 
	Parameter DATA14_MAP bound to: 96'b000000000000000000000000000000000000000000000000000000000000000000000000000000000000000000000000 
	Parameter DATA15_MAP bound to: 96'b000000000000000000000000000000000000000000000000000000000000000000000000000000000000000000000000 
	Parameter DATA16_MAP bound to: 96'b000000000000000000000000000000000000000000000000000000000000000000000000000000000000000000000000 
	Parameter DATA17_MAP bound to: 96'b000000000000000000000000000000000000000000000000000000000000000000000000000000000000000000000000 
	Parameter MASK0_MAP bound to: 108'b000000000000000000000000000000000000000000000000000000000000000000000000000000000000000000101001000000000010 
	Parameter MASK1_MAP bound to: 108'b000000000000000000000000000000000000000000000000000000000000000000000000000000000000000000000000000000000000 
	Parameter SLOT_0_CONFIG bound to: 8'b00000001 
	Parameter SLOT_1_CONFIG bound to: 8'b00000000 
	Parameter MEM_ADDR_ORDER bound to: BANK_ROW_COLUMN - type: string 
	Parameter CALIB_ROW_ADD bound to: 16'b0000000000000000 
	Parameter CALIB_COL_ADD bound to: 12'b000000000000 
	Parameter CALIB_BA_ADD bound to: 3'b000 
	Parameter SIM_BYPASS_INIT_CAL bound to: OFF - type: string 
	Parameter REFCLK_FREQ bound to: 200.000000 - type: double 
	Parameter USE_CS_PORT bound to: 1 - type: integer 
	Parameter USE_DM_PORT bound to: 1 - type: integer 
	Parameter USE_ODT_PORT bound to: 1 - type: integer 
	Parameter IDELAY_ADJ bound to: OFF - type: string 
	Parameter FINE_PER_BIT bound to: OFF - type: string 
	Parameter CENTER_COMP_MODE bound to: OFF - type: string 
	Parameter PI_VAL_ADJ bound to: OFF - type: string 
	Parameter SKIP_CALIB bound to: FALSE - type: string 
	Parameter TAPSPERKCLK bound to: 56 - type: integer 
	Parameter C_S_AXI_ID_WIDTH bound to: 1 - type: integer 
	Parameter C_S_AXI_ADDR_WIDTH bound to: 27 - type: integer 
	Parameter C_S_AXI_DATA_WIDTH bound to: 64 - type: integer 
	Parameter C_S_AXI_SUPPORTS_NARROW_BURST bound to: 0 - type: integer 
	Parameter C_RD_WR_ARB_ALGORITHM bound to: RD_PRI_REG - type: string 
	Parameter C_S_AXI_REG_EN0 bound to: 20'b00000000000000000000 
	Parameter C_S_AXI_REG_EN1 bound to: 20'b00000000000000000000 
	Parameter C_S_AXI_CTRL_ADDR_WIDTH bound to: 32 - type: integer 
	Parameter C_S_AXI_CTRL_DATA_WIDTH bound to: 32 - type: integer 
	Parameter C_S_AXI_BASEADDR bound to: 0 - type: integer 
	Parameter C_ECC_ONOFF_RESET_VALUE bound to: 1 - type: integer 
	Parameter C_ECC_CE_COUNTER_WIDTH bound to: 8 - type: integer 
	Parameter FPGA_VOLT_TYPE bound to: N - type: string 
INFO: [Synth 8-6157] synthesizing module 'mig_7series_v4_2_mem_intfc' [d:/CodeProject/Verilog_Project/COCP/Verilog/build/bupt_riscv_vivado_acceptance_final/bupt_riscv.gen/sources_1/ip/bupt_riscv_mig/bupt_riscv_mig/user_design/rtl/ip_top/mig_7series_v4_2_mem_intfc.v:70]
INFO: [Synth 8-6157] synthesizing module 'mig_7series_v4_2_mc' [d:/CodeProject/Verilog_Project/COCP/Verilog/build/bupt_riscv_vivado_acceptance_final/bupt_riscv.gen/sources_1/ip/bupt_riscv_mig/bupt_riscv_mig/user_design/rtl/controller/mig_7series_v4_2_mc.v:73]
INFO: [Synth 8-6157] synthesizing module 'mig_7series_v4_2_rank_mach' [d:/CodeProject/Verilog_Project/COCP/Verilog/build/bupt_riscv_vivado_acceptance_final/bupt_riscv.gen/sources_1/ip/bupt_riscv_mig/bupt_riscv_mig/user_design/rtl/controller/mig_7series_v4_2_rank_mach.v:71]
INFO: [Synth 8-6157] synthesizing module 'mig_7series_v4_2_rank_cntrl' [d:/CodeProject/Verilog_Project/COCP/Verilog/build/bupt_riscv_vivado_acceptance_final/bupt_riscv.gen/sources_1/ip/bupt_riscv_mig/bupt_riscv_mig/user_design/rtl/controller/mig_7series_v4_2_rank_cntrl.v:79]
INFO: [Synth 8-6157] synthesizing module 'SRLC32E' [D:/Xilinx/Vivado/2023.2/scripts/rt/data/unisim_comp.v:133887]
INFO: [Synth 8-6155] done synthesizing module 'SRLC32E' (0#1) [D:/Xilinx/Vivado/2023.2/scripts/rt/data/unisim_comp.v:133887]
WARNING: [Synth 8-567] referenced signal 'periodic_rd_generation.periodic_rd_timer_one' should be on the sensitivity list [d:/CodeProject/Verilog_Project/COCP/Verilog/build/bupt_riscv_vivado_acceptance_final/bupt_riscv.gen/sources_1/ip/bupt_riscv_mig/bupt_riscv_mig/user_design/rtl/controller/mig_7series_v4_2_rank_cntrl.v:509]
INFO: [Synth 8-6155] done synthesizing module 'mig_7series_v4_2_rank_cntrl' (0#1) [d:/CodeProject/Verilog_Project/COCP/Verilog/build/bupt_riscv_vivado_acceptance_final/bupt_riscv.gen/sources_1/ip/bupt_riscv_mig/bupt_riscv_mig/user_design/rtl/controller/mig_7series_v4_2_rank_cntrl.v:79]
INFO: [Synth 8-6157] synthesizing module 'mig_7series_v4_2_rank_common' [d:/CodeProject/Verilog_Project/COCP/Verilog/build/bupt_riscv_vivado_acceptance_final/bupt_riscv.gen/sources_1/ip/bupt_riscv_mig/bupt_riscv_mig/user_design/rtl/controller/mig_7series_v4_2_rank_common.v:72]
INFO: [Synth 8-6157] synthesizing module 'mig_7series_v4_2_round_robin_arb' [d:/CodeProject/Verilog_Project/COCP/Verilog/build/bupt_riscv_vivado_acceptance_final/bupt_riscv.gen/sources_1/ip/bupt_riscv_mig/bupt_riscv_mig/user_design/rtl/controller/mig_7series_v4_2_round_robin_arb.v:121]
INFO: [Synth 8-6155] done synthesizing module 'mig_7series_v4_2_round_robin_arb' (0#1) [d:/CodeProject/Verilog_Project/COCP/Verilog/build/bupt_riscv_vivado_acceptance_final/bupt_riscv.gen/sources_1/ip/bupt_riscv_mig/bupt_riscv_mig/user_design/rtl/controller/mig_7series_v4_2_round_robin_arb.v:121]
INFO: [Synth 8-6157] synthesizing module 'mig_7series_v4_2_round_robin_arb__parameterized0' [d:/CodeProject/Verilog_Project/COCP/Verilog/build/bupt_riscv_vivado_acceptance_final/bupt_riscv.gen/sources_1/ip/bupt_riscv_mig/bupt_riscv_mig/user_design/rtl/controller/mig_7series_v4_2_round_robin_arb.v:121]
INFO: [Synth 8-6155] done synthesizing module 'mig_7series_v4_2_round_robin_arb__parameterized0' (0#1) [d:/CodeProject/Verilog_Project/COCP/Verilog/build/bupt_riscv_vivado_acceptance_final/bupt_riscv.gen/sources_1/ip/bupt_riscv_mig/bupt_riscv_mig/user_design/rtl/controller/mig_7series_v4_2_round_robin_arb.v:121]
INFO: [Synth 8-6155] done synthesizing module 'mig_7series_v4_2_rank_common' (0#1) [d:/CodeProject/Verilog_Project/COCP/Verilog/build/bupt_riscv_vivado_acceptance_final/bupt_riscv.gen/sources_1/ip/bupt_riscv_mig/bupt_riscv_mig/user_design/rtl/controller/mig_7series_v4_2_rank_common.v:72]
INFO: [Synth 8-6155] done synthesizing module 'mig_7series_v4_2_rank_mach' (0#1) [d:/CodeProject/Verilog_Project/COCP/Verilog/build/bupt_riscv_vivado_acceptance_final/bupt_riscv.gen/sources_1/ip/bupt_riscv_mig/bupt_riscv_mig/user_design/rtl/controller/mig_7series_v4_2_rank_mach.v:71]
INFO: [Synth 8-6157] synthesizing module 'mig_7series_v4_2_bank_mach' [d:/CodeProject/Verilog_Project/COCP/Verilog/build/bupt_riscv_vivado_acceptance_final/bupt_riscv.gen/sources_1/ip/bupt_riscv_mig/bupt_riscv_mig/user_design/rtl/controller/mig_7series_v4_2_bank_mach.v:72]
INFO: [Synth 8-6157] synthesizing module 'mig_7series_v4_2_bank_cntrl' [d:/CodeProject/Verilog_Project/COCP/Verilog/build/bupt_riscv_vivado_acceptance_final/bupt_riscv.gen/sources_1/ip/bupt_riscv_mig/bupt_riscv_mig/user_design/rtl/controller/mig_7series_v4_2_bank_cntrl.v:70]
INFO: [Synth 8-6157] synthesizing module 'mig_7series_v4_2_bank_compare' [d:/CodeProject/Verilog_Project/COCP/Verilog/build/bupt_riscv_vivado_acceptance_final/bupt_riscv.gen/sources_1/ip/bupt_riscv_mig/bupt_riscv_mig/user_design/rtl/controller/mig_7series_v4_2_bank_compare.v:74]
INFO: [Synth 8-6155] done synthesizing module 'mig_7series_v4_2_bank_compare' (0#1) [d:/CodeProject/Verilog_Project/COCP/Verilog/build/bupt_riscv_vivado_acceptance_final/bupt_riscv.gen/sources_1/ip/bupt_riscv_mig/bupt_riscv_mig/user_design/rtl/controller/mig_7series_v4_2_bank_compare.v:74]
INFO: [Synth 8-6157] synthesizing module 'mig_7series_v4_2_bank_state' [d:/CodeProject/Verilog_Project/COCP/Verilog/build/bupt_riscv_vivado_acceptance_final/bupt_riscv.gen/sources_1/ip/bupt_riscv_mig/bupt_riscv_mig/user_design/rtl/controller/mig_7series_v4_2_bank_state.v:141]
INFO: [Synth 8-6155] done synthesizing module 'mig_7series_v4_2_bank_state' (0#1) [d:/CodeProject/Verilog_Project/COCP/Verilog/build/bupt_riscv_vivado_acceptance_final/bupt_riscv.gen/sources_1/ip/bupt_riscv_mig/bupt_riscv_mig/user_design/rtl/controller/mig_7series_v4_2_bank_state.v:141]
INFO: [Synth 8-6157] synthesizing module 'mig_7series_v4_2_bank_queue' [d:/CodeProject/Verilog_Project/COCP/Verilog/build/bupt_riscv_vivado_acceptance_final/bupt_riscv.gen/sources_1/ip/bupt_riscv_mig/bupt_riscv_mig/user_design/rtl/controller/mig_7series_v4_2_bank_queue.v:174]
INFO: [Synth 8-6155] done synthesizing module 'mig_7series_v4_2_bank_queue' (0#1) [d:/CodeProject/Verilog_Project/COCP/Verilog/build/bupt_riscv_vivado_acceptance_final/bupt_riscv.gen/sources_1/ip/bupt_riscv_mig/bupt_riscv_mig/user_design/rtl/controller/mig_7series_v4_2_bank_queue.v:174]
INFO: [Synth 8-6155] done synthesizing module 'mig_7series_v4_2_bank_cntrl' (0#1) [d:/CodeProject/Verilog_Project/COCP/Verilog/build/bupt_riscv_vivado_acceptance_final/bupt_riscv.gen/sources_1/ip/bupt_riscv_mig/bupt_riscv_mig/user_design/rtl/controller/mig_7series_v4_2_bank_cntrl.v:70]
INFO: [Synth 8-6157] synthesizing module 'mig_7series_v4_2_bank_cntrl__parameterized0' [d:/CodeProject/Verilog_Project/COCP/Verilog/build/bupt_riscv_vivado_acceptance_final/bupt_riscv.gen/sources_1/ip/bupt_riscv_mig/bupt_riscv_mig/user_design/rtl/controller/mig_7series_v4_2_bank_cntrl.v:70]
INFO: [Synth 8-6157] synthesizing module 'mig_7series_v4_2_bank_state__parameterized0' [d:/CodeProject/Verilog_Project/COCP/Verilog/build/bupt_riscv_vivado_acceptance_final/bupt_riscv.gen/sources_1/ip/bupt_riscv_mig/bupt_riscv_mig/user_design/rtl/controller/mig_7series_v4_2_bank_state.v:141]
INFO: [Synth 8-6155] done synthesizing module 'mig_7series_v4_2_bank_state__parameterized0' (0#1) [d:/CodeProject/Verilog_Project/COCP/Verilog/build/bupt_riscv_vivado_acceptance_final/bupt_riscv.gen/sources_1/ip/bupt_riscv_mig/bupt_riscv_mig/user_design/rtl/controller/mig_7series_v4_2_bank_state.v:141]
INFO: [Synth 8-6157] synthesizing module 'mig_7series_v4_2_bank_queue__parameterized0' [d:/CodeProject/Verilog_Project/COCP/Verilog/build/bupt_riscv_vivado_acceptance_final/bupt_riscv.gen/sources_1/ip/bupt_riscv_mig/bupt_riscv_mig/user_design/rtl/controller/mig_7series_v4_2_bank_queue.v:174]
INFO: [Synth 8-6155] done synthesizing module 'mig_7series_v4_2_bank_queue__parameterized0' (0#1) [d:/CodeProject/Verilog_Project/COCP/Verilog/build/bupt_riscv_vivado_acceptance_final/bupt_riscv.gen/sources_1/ip/bupt_riscv_mig/bupt_riscv_mig/user_design/rtl/controller/mig_7series_v4_2_bank_queue.v:174]
INFO: [Synth 8-6155] done synthesizing module 'mig_7series_v4_2_bank_cntrl__parameterized0' (0#1) [d:/CodeProject/Verilog_Project/COCP/Verilog/build/bupt_riscv_vivado_acceptance_final/bupt_riscv.gen/sources_1/ip/bupt_riscv_mig/bupt_riscv_mig/user_design/rtl/controller/mig_7series_v4_2_bank_cntrl.v:70]
INFO: [Synth 8-6157] synthesizing module 'mig_7series_v4_2_bank_cntrl__parameterized1' [d:/CodeProject/Verilog_Project/COCP/Verilog/build/bupt_riscv_vivado_acceptance_final/bupt_riscv.gen/sources_1/ip/bupt_riscv_mig/bupt_riscv_mig/user_design/rtl/controller/mig_7series_v4_2_bank_cntrl.v:70]
INFO: [Synth 8-6157] synthesizing module 'mig_7series_v4_2_bank_state__parameterized1' [d:/CodeProject/Verilog_Project/COCP/Verilog/build/bupt_riscv_vivado_acceptance_final/bupt_riscv.gen/sources_1/ip/bupt_riscv_mig/bupt_riscv_mig/user_design/rtl/controller/mig_7series_v4_2_bank_state.v:141]
INFO: [Synth 8-6155] done synthesizing module 'mig_7series_v4_2_bank_state__parameterized1' (0#1) [d:/CodeProject/Verilog_Project/COCP/Verilog/build/bupt_riscv_vivado_acceptance_final/bupt_riscv.gen/sources_1/ip/bupt_riscv_mig/bupt_riscv_mig/user_design/rtl/controller/mig_7series_v4_2_bank_state.v:141]
INFO: [Synth 8-6157] synthesizing module 'mig_7series_v4_2_bank_queue__parameterized1' [d:/CodeProject/Verilog_Project/COCP/Verilog/build/bupt_riscv_vivado_acceptance_final/bupt_riscv.gen/sources_1/ip/bupt_riscv_mig/bupt_riscv_mig/user_design/rtl/controller/mig_7series_v4_2_bank_queue.v:174]
INFO: [Synth 8-6155] done synthesizing module 'mig_7series_v4_2_bank_queue__parameterized1' (0#1) [d:/CodeProject/Verilog_Project/COCP/Verilog/build/bupt_riscv_vivado_acceptance_final/bupt_riscv.gen/sources_1/ip/bupt_riscv_mig/bupt_riscv_mig/user_design/rtl/controller/mig_7series_v4_2_bank_queue.v:174]
INFO: [Synth 8-6155] done synthesizing module 'mig_7series_v4_2_bank_cntrl__parameterized1' (0#1) [d:/CodeProject/Verilog_Project/COCP/Verilog/build/bupt_riscv_vivado_acceptance_final/bupt_riscv.gen/sources_1/ip/bupt_riscv_mig/bupt_riscv_mig/user_design/rtl/controller/mig_7series_v4_2_bank_cntrl.v:70]
INFO: [Synth 8-6157] synthesizing module 'mig_7series_v4_2_bank_cntrl__parameterized2' [d:/CodeProject/Verilog_Project/COCP/Verilog/build/bupt_riscv_vivado_acceptance_final/bupt_riscv.gen/sources_1/ip/bupt_riscv_mig/bupt_riscv_mig/user_design/rtl/controller/mig_7series_v4_2_bank_cntrl.v:70]
INFO: [Synth 8-6157] synthesizing module 'mig_7series_v4_2_bank_state__parameterized2' [d:/CodeProject/Verilog_Project/COCP/Verilog/build/bupt_riscv_vivado_acceptance_final/bupt_riscv.gen/sources_1/ip/bupt_riscv_mig/bupt_riscv_mig/user_design/rtl/controller/mig_7series_v4_2_bank_state.v:141]
INFO: [Synth 8-6155] done synthesizing module 'mig_7series_v4_2_bank_state__parameterized2' (0#1) [d:/CodeProject/Verilog_Project/COCP/Verilog/build/bupt_riscv_vivado_acceptance_final/bupt_riscv.gen/sources_1/ip/bupt_riscv_mig/bupt_riscv_mig/user_design/rtl/controller/mig_7series_v4_2_bank_state.v:141]
INFO: [Synth 8-6157] synthesizing module 'mig_7series_v4_2_bank_queue__parameterized2' [d:/CodeProject/Verilog_Project/COCP/Verilog/build/bupt_riscv_vivado_acceptance_final/bupt_riscv.gen/sources_1/ip/bupt_riscv_mig/bupt_riscv_mig/user_design/rtl/controller/mig_7series_v4_2_bank_queue.v:174]
INFO: [Synth 8-6155] done synthesizing module 'mig_7series_v4_2_bank_queue__parameterized2' (0#1) [d:/CodeProject/Verilog_Project/COCP/Verilog/build/bupt_riscv_vivado_acceptance_final/bupt_riscv.gen/sources_1/ip/bupt_riscv_mig/bupt_riscv_mig/user_design/rtl/controller/mig_7series_v4_2_bank_queue.v:174]
INFO: [Synth 8-6155] done synthesizing module 'mig_7series_v4_2_bank_cntrl__parameterized2' (0#1) [d:/CodeProject/Verilog_Project/COCP/Verilog/build/bupt_riscv_vivado_acceptance_final/bupt_riscv.gen/sources_1/ip/bupt_riscv_mig/bupt_riscv_mig/user_design/rtl/controller/mig_7series_v4_2_bank_cntrl.v:70]
INFO: [Synth 8-6157] synthesizing module 'mig_7series_v4_2_bank_common' [d:/CodeProject/Verilog_Project/COCP/Verilog/build/bupt_riscv_vivado_acceptance_final/bupt_riscv.gen/sources_1/ip/bupt_riscv_mig/bupt_riscv_mig/user_design/rtl/controller/mig_7series_v4_2_bank_common.v:73]
INFO: [Synth 8-6155] done synthesizing module 'mig_7series_v4_2_bank_common' (0#1) [d:/CodeProject/Verilog_Project/COCP/Verilog/build/bupt_riscv_vivado_acceptance_final/bupt_riscv.gen/sources_1/ip/bupt_riscv_mig/bupt_riscv_mig/user_design/rtl/controller/mig_7series_v4_2_bank_common.v:73]
INFO: [Synth 8-6157] synthesizing module 'mig_7series_v4_2_arb_mux' [d:/CodeProject/Verilog_Project/COCP/Verilog/build/bupt_riscv_vivado_acceptance_final/bupt_riscv.gen/sources_1/ip/bupt_riscv_mig/bupt_riscv_mig/user_design/rtl/controller/mig_7series_v4_2_arb_mux.v:69]
INFO: [Synth 8-6157] synthesizing module 'mig_7series_v4_2_arb_row_col' [d:/CodeProject/Verilog_Project/COCP/Verilog/build/bupt_riscv_vivado_acceptance_final/bupt_riscv.gen/sources_1/ip/bupt_riscv_mig/bupt_riscv_mig/user_design/rtl/controller/mig_7series_v4_2_arb_row_col.v:83]
INFO: [Synth 8-6157] synthesizing module 'mig_7series_v4_2_round_robin_arb__parameterized1' [d:/CodeProject/Verilog_Project/COCP/Verilog/build/bupt_riscv_vivado_acceptance_final/bupt_riscv.gen/sources_1/ip/bupt_riscv_mig/bupt_riscv_mig/user_design/rtl/controller/mig_7series_v4_2_round_robin_arb.v:121]
INFO: [Synth 8-6155] done synthesizing module 'mig_7series_v4_2_round_robin_arb__parameterized1' (0#1) [d:/CodeProject/Verilog_Project/COCP/Verilog/build/bupt_riscv_vivado_acceptance_final/bupt_riscv.gen/sources_1/ip/bupt_riscv_mig/bupt_riscv_mig/user_design/rtl/controller/mig_7series_v4_2_round_robin_arb.v:121]
INFO: [Synth 8-6155] done synthesizing module 'mig_7series_v4_2_arb_row_col' (0#1) [d:/CodeProject/Verilog_Project/COCP/Verilog/build/bupt_riscv_vivado_acceptance_final/bupt_riscv.gen/sources_1/ip/bupt_riscv_mig/bupt_riscv_mig/user_design/rtl/controller/mig_7series_v4_2_arb_row_col.v:83]
INFO: [Synth 8-6157] synthesizing module 'mig_7series_v4_2_arb_select' [d:/CodeProject/Verilog_Project/COCP/Verilog/build/bupt_riscv_vivado_acceptance_final/bupt_riscv.gen/sources_1/ip/bupt_riscv_mig/bupt_riscv_mig/user_design/rtl/controller/mig_7series_v4_2_arb_select.v:75]
INFO: [Synth 8-6155] done synthesizing module 'mig_7series_v4_2_arb_select' (0#1) [d:/CodeProject/Verilog_Project/COCP/Verilog/build/bupt_riscv_vivado_acceptance_final/bupt_riscv.gen/sources_1/ip/bupt_riscv_mig/bupt_riscv_mig/user_design/rtl/controller/mig_7series_v4_2_arb_select.v:75]
INFO: [Synth 8-6155] done synthesizing module 'mig_7series_v4_2_arb_mux' (0#1) [d:/CodeProject/Verilog_Project/COCP/Verilog/build/bupt_riscv_vivado_acceptance_final/bupt_riscv.gen/sources_1/ip/bupt_riscv_mig/bupt_riscv_mig/user_design/rtl/controller/mig_7series_v4_2_arb_mux.v:69]
INFO: [Synth 8-6155] done synthesizing module 'mig_7series_v4_2_bank_mach' (0#1) [d:/CodeProject/Verilog_Project/COCP/Verilog/build/bupt_riscv_vivado_acceptance_final/bupt_riscv.gen/sources_1/ip/bupt_riscv_mig/bupt_riscv_mig/user_design/rtl/controller/mig_7series_v4_2_bank_mach.v:72]
WARNING: [Synth 8-7071] port 'idle' of module 'mig_7series_v4_2_bank_mach' is unconnected for instance 'bank_mach0' [d:/CodeProject/Verilog_Project/COCP/Verilog/build/bupt_riscv_vivado_acceptance_final/bupt_riscv.gen/sources_1/ip/bupt_riscv_mig/bupt_riscv_mig/user_design/rtl/controller/mig_7series_v4_2_mc.v:670]
WARNING: [Synth 8-7023] instance 'bank_mach0' of module 'mig_7series_v4_2_bank_mach' has 74 connections declared, but only 73 given [d:/CodeProject/Verilog_Project/COCP/Verilog/build/bupt_riscv_vivado_acceptance_final/bupt_riscv.gen/sources_1/ip/bupt_riscv_mig/bupt_riscv_mig/user_design/rtl/controller/mig_7series_v4_2_mc.v:670]
INFO: [Synth 8-6157] synthesizing module 'mig_7series_v4_2_col_mach' [d:/CodeProject/Verilog_Project/COCP/Verilog/build/bupt_riscv_vivado_acceptance_final/bupt_riscv.gen/sources_1/ip/bupt_riscv_mig/bupt_riscv_mig/user_design/rtl/controller/mig_7series_v4_2_col_mach.v:88]
INFO: [Synth 8-6157] synthesizing module 'RAM32M' [D:/Xilinx/Vivado/2023.2/scripts/rt/data/unisim_comp.v:125678]
INFO: [Synth 8-6155] done synthesizing module 'RAM32M' (0#1) [D:/Xilinx/Vivado/2023.2/scripts/rt/data/unisim_comp.v:125678]
INFO: [Synth 8-6155] done synthesizing module 'mig_7series_v4_2_col_mach' (0#1) [d:/CodeProject/Verilog_Project/COCP/Verilog/build/bupt_riscv_vivado_acceptance_final/bupt_riscv.gen/sources_1/ip/bupt_riscv_mig/bupt_riscv_mig/user_design/rtl/controller/mig_7series_v4_2_col_mach.v:88]
INFO: [Synth 8-6155] done synthesizing module 'mig_7series_v4_2_mc' (0#1) [d:/CodeProject/Verilog_Project/COCP/Verilog/build/bupt_riscv_vivado_acceptance_final/bupt_riscv.gen/sources_1/ip/bupt_riscv_mig/bupt_riscv_mig/user_design/rtl/controller/mig_7series_v4_2_mc.v:73]
INFO: [Synth 8-6157] synthesizing module 'mig_7series_v4_2_ddr_phy_top' [d:/CodeProject/Verilog_Project/COCP/Verilog/build/bupt_riscv_vivado_acceptance_final/bupt_riscv.gen/sources_1/ip/bupt_riscv_mig/bupt_riscv_mig/user_design/rtl/phy/mig_7series_v4_2_ddr_phy_top.v:70]
INFO: [Synth 8-6157] synthesizing module 'mig_7series_v4_2_ddr_mc_phy_wrapper' [d:/CodeProject/Verilog_Project/COCP/Verilog/build/bupt_riscv_vivado_acceptance_final/bupt_riscv.gen/sources_1/ip/bupt_riscv_mig/bupt_riscv_mig/user_design/rtl/phy/mig_7series_v4_2_ddr_mc_phy_wrapper.v:71]
INFO: [Synth 8-6157] synthesizing module 'OBUF' [D:/Xilinx/Vivado/2023.2/scripts/rt/data/unisim_comp.v:93059]
INFO: [Synth 8-6155] done synthesizing module 'OBUF' (0#1) [D:/Xilinx/Vivado/2023.2/scripts/rt/data/unisim_comp.v:93059]
INFO: [Synth 8-6157] synthesizing module 'OBUFT' [D:/Xilinx/Vivado/2023.2/scripts/rt/data/unisim_comp.v:93447]
INFO: [Synth 8-6155] done synthesizing module 'OBUFT' (0#1) [D:/Xilinx/Vivado/2023.2/scripts/rt/data/unisim_comp.v:93447]
INFO: [Synth 8-6157] synthesizing module 'IOBUF_INTERMDISABLE' [D:/Xilinx/Vivado/2023.2/scripts/rt/data/unisim_comp.v:78988]
INFO: [Synth 8-6155] done synthesizing module 'IOBUF_INTERMDISABLE' (0#1) [D:/Xilinx/Vivado/2023.2/scripts/rt/data/unisim_comp.v:78988]
INFO: [Synth 8-6157] synthesizing module 'IOBUFDS_INTERMDISABLE' [D:/Xilinx/Vivado/2023.2/scripts/rt/data/unisim_comp.v:78502]
INFO: [Synth 8-6155] done synthesizing module 'IOBUFDS_INTERMDISABLE' (0#1) [D:/Xilinx/Vivado/2023.2/scripts/rt/data/unisim_comp.v:78502]
INFO: [Synth 8-6157] synthesizing module 'mig_7series_v4_2_ddr_of_pre_fifo' [d:/CodeProject/Verilog_Project/COCP/Verilog/build/bupt_riscv_vivado_acceptance_final/bupt_riscv.gen/sources_1/ip/bupt_riscv_mig/bupt_riscv_mig/user_design/rtl/phy/mig_7series_v4_2_ddr_of_pre_fifo.v:76]
INFO: [Synth 8-6155] done synthesizing module 'mig_7series_v4_2_ddr_of_pre_fifo' (0#1) [d:/CodeProject/Verilog_Project/COCP/Verilog/build/bupt_riscv_vivado_acceptance_final/bupt_riscv.gen/sources_1/ip/bupt_riscv_mig/bupt_riscv_mig/user_design/rtl/phy/mig_7series_v4_2_ddr_of_pre_fifo.v:76]
WARNING: [Synth 8-7071] port 'afull' of module 'mig_7series_v4_2_ddr_of_pre_fifo' is unconnected for instance 'phy_ctl_pre_fifo_0' [d:/CodeProject/Verilog_Project/COCP/Verilog/build/bupt_riscv_vivado_acceptance_final/bupt_riscv.gen/sources_1/ip/bupt_riscv_mig/bupt_riscv_mig/user_design/rtl/phy/mig_7series_v4_2_ddr_mc_phy_wrapper.v:1428]
WARNING: [Synth 8-7023] instance 'phy_ctl_pre_fifo_0' of module 'mig_7series_v4_2_ddr_of_pre_fifo' has 8 connections declared, but only 7 given [d:/CodeProject/Verilog_Project/COCP/Verilog/build/bupt_riscv_vivado_acceptance_final/bupt_riscv.gen/sources_1/ip/bupt_riscv_mig/bupt_riscv_mig/user_design/rtl/phy/mig_7series_v4_2_ddr_mc_phy_wrapper.v:1428]
INFO: [Synth 8-6157] synthesizing module 'mig_7series_v4_2_ddr_of_pre_fifo__parameterized0' [d:/CodeProject/Verilog_Project/COCP/Verilog/build/bupt_riscv_vivado_acceptance_final/bupt_riscv.gen/sources_1/ip/bupt_riscv_mig/bupt_riscv_mig/user_design/rtl/phy/mig_7series_v4_2_ddr_of_pre_fifo.v:76]
INFO: [Synth 8-6155] done synthesizing module 'mig_7series_v4_2_ddr_of_pre_fifo__parameterized0' (0#1) [d:/CodeProject/Verilog_Project/COCP/Verilog/build/bupt_riscv_vivado_acceptance_final/bupt_riscv.gen/sources_1/ip/bupt_riscv_mig/bupt_riscv_mig/user_design/rtl/phy/mig_7series_v4_2_ddr_of_pre_fifo.v:76]
WARNING: [Synth 8-7071] port 'afull' of module 'mig_7series_v4_2_ddr_of_pre_fifo' is unconnected for instance 'phy_ctl_pre_fifo_1' [d:/CodeProject/Verilog_Project/COCP/Verilog/build/bupt_riscv_vivado_acceptance_final/bupt_riscv.gen/sources_1/ip/bupt_riscv_mig/bupt_riscv_mig/user_design/rtl/phy/mig_7series_v4_2_ddr_mc_phy_wrapper.v:1445]
WARNING: [Synth 8-7023] instance 'phy_ctl_pre_fifo_1' of module 'mig_7series_v4_2_ddr_of_pre_fifo' has 8 connections declared, but only 7 given [d:/CodeProject/Verilog_Project/COCP/Verilog/build/bupt_riscv_vivado_acceptance_final/bupt_riscv.gen/sources_1/ip/bupt_riscv_mig/bupt_riscv_mig/user_design/rtl/phy/mig_7series_v4_2_ddr_mc_phy_wrapper.v:1445]
WARNING: [Synth 8-7071] port 'afull' of module 'mig_7series_v4_2_ddr_of_pre_fifo' is unconnected for instance 'phy_ctl_pre_fifo_2' [d:/CodeProject/Verilog_Project/COCP/Verilog/build/bupt_riscv_vivado_acceptance_final/bupt_riscv.gen/sources_1/ip/bupt_riscv_mig/bupt_riscv_mig/user_design/rtl/phy/mig_7series_v4_2_ddr_mc_phy_wrapper.v:1462]
WARNING: [Synth 8-7023] instance 'phy_ctl_pre_fifo_2' of module 'mig_7series_v4_2_ddr_of_pre_fifo' has 8 connections declared, but only 7 given [d:/CodeProject/Verilog_Project/COCP/Verilog/build/bupt_riscv_vivado_acceptance_final/bupt_riscv.gen/sources_1/ip/bupt_riscv_mig/bupt_riscv_mig/user_design/rtl/phy/mig_7series_v4_2_ddr_mc_phy_wrapper.v:1462]
WARNING: [Synth 8-5974] attribute "use_dsp48" has been deprecated, please use "use_dsp" instead 
INFO: [Synth 8-6157] synthesizing module 'mig_7series_v4_2_ddr_mc_phy' [d:/CodeProject/Verilog_Project/COCP/Verilog/build/bupt_riscv_vivado_acceptance_final/bupt_riscv.gen/sources_1/ip/bupt_riscv_mig/bupt_riscv_mig/user_design/rtl/phy/mig_7series_v4_2_ddr_mc_phy.v:70]
INFO: [Synth 8-6157] synthesizing module 'mig_7series_v4_2_ddr_phy_4lanes' [d:/CodeProject/Verilog_Project/COCP/Verilog/build/bupt_riscv_vivado_acceptance_final/bupt_riscv.gen/sources_1/ip/bupt_riscv_mig/bupt_riscv_mig/user_design/rtl/phy/mig_7series_v4_2_ddr_phy_4lanes.v:72]
INFO: [Synth 8-6157] synthesizing module 'mig_7series_v4_2_ddr_byte_lane' [d:/CodeProject/Verilog_Project/COCP/Verilog/build/bupt_riscv_vivado_acceptance_final/bupt_riscv.gen/sources_1/ip/bupt_riscv_mig/bupt_riscv_mig/user_design/rtl/phy/mig_7series_v4_2_ddr_byte_lane.v:70]
INFO: [Synth 8-6157] synthesizing module 'mig_7series_v4_2_ddr_if_post_fifo' [d:/CodeProject/Verilog_Project/COCP/Verilog/build/bupt_riscv_vivado_acceptance_final/bupt_riscv.gen/sources_1/ip/bupt_riscv_mig/bupt_riscv_mig/user_design/rtl/phy/mig_7series_v4_2_ddr_if_post_fifo.v:68]
INFO: [Synth 8-155] case statement is not full and has no default [d:/CodeProject/Verilog_Project/COCP/Verilog/build/bupt_riscv_vivado_acceptance_final/bupt_riscv.gen/sources_1/ip/bupt_riscv_mig/bupt_riscv_mig/user_design/rtl/phy/mig_7series_v4_2_ddr_if_post_fifo.v:110]
INFO: [Synth 8-6155] done synthesizing module 'mig_7series_v4_2_ddr_if_post_fifo' (0#1) [d:/CodeProject/Verilog_Project/COCP/Verilog/build/bupt_riscv_vivado_acceptance_final/bupt_riscv.gen/sources_1/ip/bupt_riscv_mig/bupt_riscv_mig/user_design/rtl/phy/mig_7series_v4_2_ddr_if_post_fifo.v:68]
INFO: [Synth 8-6157] synthesizing module 'mig_7series_v4_2_ddr_of_pre_fifo__parameterized1' [d:/CodeProject/Verilog_Project/COCP/Verilog/build/bupt_riscv_vivado_acceptance_final/bupt_riscv.gen/sources_1/ip/bupt_riscv_mig/bupt_riscv_mig/user_design/rtl/phy/mig_7series_v4_2_ddr_of_pre_fifo.v:76]
INFO: [Synth 8-6155] done synthesizing module 'mig_7series_v4_2_ddr_of_pre_fifo__parameterized1' (0#1) [d:/CodeProject/Verilog_Project/COCP/Verilog/build/bupt_riscv_vivado_acceptance_final/bupt_riscv.gen/sources_1/ip/bupt_riscv_mig/bupt_riscv_mig/user_design/rtl/phy/mig_7series_v4_2_ddr_of_pre_fifo.v:76]
INFO: [Synth 8-6157] synthesizing module 'PHASER_IN_PHY' [D:/Xilinx/Vivado/2023.2/scripts/rt/data/unisim_comp.v:111037]
INFO: [Synth 8-6155] done synthesizing module 'PHASER_IN_PHY' (0#1) [D:/Xilinx/Vivado/2023.2/scripts/rt/data/unisim_comp.v:111037]
INFO: [Synth 8-6157] synthesizing module 'IN_FIFO' [D:/Xilinx/Vivado/2023.2/scripts/rt/data/unisim_comp.v:78129]
INFO: [Synth 8-6155] done synthesizing module 'IN_FIFO' (0#1) [D:/Xilinx/Vivado/2023.2/scripts/rt/data/unisim_comp.v:78129]
INFO: [Synth 8-6157] synthesizing module 'PHASER_OUT_PHY' [D:/Xilinx/Vivado/2023.2/scripts/rt/data/unisim_comp.v:111174]
INFO: [Synth 8-6155] done synthesizing module 'PHASER_OUT_PHY' (0#1) [D:/Xilinx/Vivado/2023.2/scripts/rt/data/unisim_comp.v:111174]
INFO: [Synth 8-6157] synthesizing module 'OUT_FIFO' [D:/Xilinx/Vivado/2023.2/scripts/rt/data/unisim_comp.v:97425]
INFO: [Synth 8-6155] done synthesizing module 'OUT_FIFO' (0#1) [D:/Xilinx/Vivado/2023.2/scripts/rt/data/unisim_comp.v:97425]
INFO: [Synth 8-6157] synthesizing module 'mig_7series_v4_2_ddr_byte_group_io' [d:/CodeProject/Verilog_Project/COCP/Verilog/build/bupt_riscv_vivado_acceptance_final/bupt_riscv.gen/sources_1/ip/bupt_riscv_mig/bupt_riscv_mig/user_design/rtl/phy/mig_7series_v4_2_ddr_byte_group_io.v:69]
INFO: [Synth 8-6157] synthesizing module 'IDELAYE2' [D:/Xilinx/Vivado/2023.2/scripts/rt/data/unisim_comp.v:75740]
INFO: [Synth 8-6155] done synthesizing module 'IDELAYE2' (0#1) [D:/Xilinx/Vivado/2023.2/scripts/rt/data/unisim_comp.v:75740]
INFO: [Synth 8-6157] synthesizing module 'ISERDESE2' [D:/Xilinx/Vivado/2023.2/scripts/rt/data/unisim_comp.v:80759]
INFO: [Synth 8-6155] done synthesizing module 'ISERDESE2' (0#1) [D:/Xilinx/Vivado/2023.2/scripts/rt/data/unisim_comp.v:80759]
INFO: [Synth 8-6157] synthesizing module 'OSERDESE2' [D:/Xilinx/Vivado/2023.2/scripts/rt/data/unisim_comp.v:97310]
INFO: [Synth 8-6155] done synthesizing module 'OSERDESE2' (0#1) [D:/Xilinx/Vivado/2023.2/scripts/rt/data/unisim_comp.v:97310]
INFO: [Synth 8-6157] synthesizing module 'OSERDESE2__parameterized0' [D:/Xilinx/Vivado/2023.2/scripts/rt/data/unisim_comp.v:97310]
INFO: [Synth 8-6155] done synthesizing module 'OSERDESE2__parameterized0' (0#1) [D:/Xilinx/Vivado/2023.2/scripts/rt/data/unisim_comp.v:97310]
INFO: [Synth 8-6157] synthesizing module 'ODDR' [D:/Xilinx/Vivado/2023.2/scripts/rt/data/unisim_comp.v:96703]
INFO: [Synth 8-6155] done synthesizing module 'ODDR' (0#1) [D:/Xilinx/Vivado/2023.2/scripts/rt/data/unisim_comp.v:96703]
INFO: [Synth 8-6155] done synthesizing module 'mig_7series_v4_2_ddr_byte_group_io' (0#1) [d:/CodeProject/Verilog_Project/COCP/Verilog/build/bupt_riscv_vivado_acceptance_final/bupt_riscv.gen/sources_1/ip/bupt_riscv_mig/bupt_riscv_mig/user_design/rtl/phy/mig_7series_v4_2_ddr_byte_group_io.v:69]
INFO: [Synth 8-6155] done synthesizing module 'mig_7series_v4_2_ddr_byte_lane' (0#1) [d:/CodeProject/Verilog_Project/COCP/Verilog/build/bupt_riscv_vivado_acceptance_final/bupt_riscv.gen/sources_1/ip/bupt_riscv_mig/bupt_riscv_mig/user_design/rtl/phy/mig_7series_v4_2_ddr_byte_lane.v:70]
INFO: [Synth 8-6157] synthesizing module 'mig_7series_v4_2_ddr_byte_lane__parameterized0' [d:/CodeProject/Verilog_Project/COCP/Verilog/build/bupt_riscv_vivado_acceptance_final/bupt_riscv.gen/sources_1/ip/bupt_riscv_mig/bupt_riscv_mig/user_design/rtl/phy/mig_7series_v4_2_ddr_byte_lane.v:70]
INFO: [Synth 8-6157] synthesizing module 'PHASER_OUT_PHY__parameterized0' [D:/Xilinx/Vivado/2023.2/scripts/rt/data/unisim_comp.v:111174]
INFO: [Synth 8-6155] done synthesizing module 'PHASER_OUT_PHY__parameterized0' (0#1) [D:/Xilinx/Vivado/2023.2/scripts/rt/data/unisim_comp.v:111174]
INFO: [Synth 8-6157] synthesizing module 'OUT_FIFO__parameterized0' [D:/Xilinx/Vivado/2023.2/scripts/rt/data/unisim_comp.v:97425]
INFO: [Synth 8-6155] done synthesizing module 'OUT_FIFO__parameterized0' (0#1) [D:/Xilinx/Vivado/2023.2/scripts/rt/data/unisim_comp.v:97425]
INFO: [Synth 8-6157] synthesizing module 'mig_7series_v4_2_ddr_byte_group_io__parameterized0' [d:/CodeProject/Verilog_Project/COCP/Verilog/build/bupt_riscv_vivado_acceptance_final/bupt_riscv.gen/sources_1/ip/bupt_riscv_mig/bupt_riscv_mig/user_design/rtl/phy/mig_7series_v4_2_ddr_byte_group_io.v:69]
INFO: [Synth 8-6157] synthesizing module 'OSERDESE2__parameterized1' [D:/Xilinx/Vivado/2023.2/scripts/rt/data/unisim_comp.v:97310]
INFO: [Synth 8-6155] done synthesizing module 'OSERDESE2__parameterized1' (0#1) [D:/Xilinx/Vivado/2023.2/scripts/rt/data/unisim_comp.v:97310]
INFO: [Synth 8-6155] done synthesizing module 'mig_7series_v4_2_ddr_byte_group_io__parameterized0' (0#1) [d:/CodeProject/Verilog_Project/COCP/Verilog/build/bupt_riscv_vivado_acceptance_final/bupt_riscv.gen/sources_1/ip/bupt_riscv_mig/bupt_riscv_mig/user_design/rtl/phy/mig_7series_v4_2_ddr_byte_group_io.v:69]
INFO: [Synth 8-6155] done synthesizing module 'mig_7series_v4_2_ddr_byte_lane__parameterized0' (0#1) [d:/CodeProject/Verilog_Project/COCP/Verilog/build/bupt_riscv_vivado_acceptance_final/bupt_riscv.gen/sources_1/ip/bupt_riscv_mig/bupt_riscv_mig/user_design/rtl/phy/mig_7series_v4_2_ddr_byte_lane.v:70]
INFO: [Synth 8-6157] synthesizing module 'mig_7series_v4_2_ddr_byte_lane__parameterized1' [d:/CodeProject/Verilog_Project/COCP/Verilog/build/bupt_riscv_vivado_acceptance_final/bupt_riscv.gen/sources_1/ip/bupt_riscv_mig/bupt_riscv_mig/user_design/rtl/phy/mig_7series_v4_2_ddr_byte_lane.v:70]
INFO: [Synth 8-6157] synthesizing module 'mig_7series_v4_2_ddr_byte_group_io__parameterized1' [d:/CodeProject/Verilog_Project/COCP/Verilog/build/bupt_riscv_vivado_acceptance_final/bupt_riscv.gen/sources_1/ip/bupt_riscv_mig/bupt_riscv_mig/user_design/rtl/phy/mig_7series_v4_2_ddr_byte_group_io.v:69]
INFO: [Synth 8-6155] done synthesizing module 'mig_7series_v4_2_ddr_byte_group_io__parameterized1' (0#1) [d:/CodeProject/Verilog_Project/COCP/Verilog/build/bupt_riscv_vivado_acceptance_final/bupt_riscv.gen/sources_1/ip/bupt_riscv_mig/bupt_riscv_mig/user_design/rtl/phy/mig_7series_v4_2_ddr_byte_group_io.v:69]
INFO: [Synth 8-6155] done synthesizing module 'mig_7series_v4_2_ddr_byte_lane__parameterized1' (0#1) [d:/CodeProject/Verilog_Project/COCP/Verilog/build/bupt_riscv_vivado_acceptance_final/bupt_riscv.gen/sources_1/ip/bupt_riscv_mig/bupt_riscv_mig/user_design/rtl/phy/mig_7series_v4_2_ddr_byte_lane.v:70]
INFO: [Synth 8-6157] synthesizing module 'mig_7series_v4_2_ddr_byte_lane__parameterized2' [d:/CodeProject/Verilog_Project/COCP/Verilog/build/bupt_riscv_vivado_acceptance_final/bupt_riscv.gen/sources_1/ip/bupt_riscv_mig/bupt_riscv_mig/user_design/rtl/phy/mig_7series_v4_2_ddr_byte_lane.v:70]
INFO: [Synth 8-6157] synthesizing module 'OBUFDS' [D:/Xilinx/Vivado/2023.2/scripts/rt/data/unisim_comp.v:93073]
INFO: [Synth 8-6155] done synthesizing module 'OBUFDS' (0#1) [D:/Xilinx/Vivado/2023.2/scripts/rt/data/unisim_comp.v:93073]
INFO: [Synth 8-6157] synthesizing module 'mig_7series_v4_2_ddr_byte_group_io__parameterized2' [d:/CodeProject/Verilog_Project/COCP/Verilog/build/bupt_riscv_vivado_acceptance_final/bupt_riscv.gen/sources_1/ip/bupt_riscv_mig/bupt_riscv_mig/user_design/rtl/phy/mig_7series_v4_2_ddr_byte_group_io.v:69]
INFO: [Synth 8-6155] done synthesizing module 'mig_7series_v4_2_ddr_byte_group_io__parameterized2' (0#1) [d:/CodeProject/Verilog_Project/COCP/Verilog/build/bupt_riscv_vivado_acceptance_final/bupt_riscv.gen/sources_1/ip/bupt_riscv_mig/bupt_riscv_mig/user_design/rtl/phy/mig_7series_v4_2_ddr_byte_group_io.v:69]
INFO: [Synth 8-6155] done synthesizing module 'mig_7series_v4_2_ddr_byte_lane__parameterized2' (0#1) [d:/CodeProject/Verilog_Project/COCP/Verilog/build/bupt_riscv_vivado_acceptance_final/bupt_riscv.gen/sources_1/ip/bupt_riscv_mig/bupt_riscv_mig/user_design/rtl/phy/mig_7series_v4_2_ddr_byte_lane.v:70]
INFO: [Synth 8-6157] synthesizing module 'BUFIO' [D:/Xilinx/Vivado/2023.2/scripts/rt/data/unisim_comp.v:2223]
INFO: [Synth 8-6155] done synthesizing module 'BUFIO' (0#1) [D:/Xilinx/Vivado/2023.2/scripts/rt/data/unisim_comp.v:2223]
INFO: [Synth 8-6157] synthesizing module 'PHY_CONTROL' [D:/Xilinx/Vivado/2023.2/scripts/rt/data/unisim_comp.v:111265]
INFO: [Synth 8-6155] done synthesizing module 'PHY_CONTROL' (0#1) [D:/Xilinx/Vivado/2023.2/scripts/rt/data/unisim_comp.v:111265]
INFO: [Synth 8-226] default block is never used [d:/CodeProject/Verilog_Project/COCP/Verilog/build/bupt_riscv_vivado_acceptance_final/bupt_riscv.gen/sources_1/ip/bupt_riscv_mig/bupt_riscv_mig/user_design/rtl/phy/mig_7series_v4_2_ddr_phy_4lanes.v:1557]
INFO: [Synth 8-6157] synthesizing module 'PHASER_REF' [D:/Xilinx/Vivado/2023.2/scripts/rt/data/unisim_comp.v:111249]
INFO: [Synth 8-6155] done synthesizing module 'PHASER_REF' (0#1) [D:/Xilinx/Vivado/2023.2/scripts/rt/data/unisim_comp.v:111249]
INFO: [Synth 8-6155] done synthesizing module 'mig_7series_v4_2_ddr_phy_4lanes' (0#1) [d:/CodeProject/Verilog_Project/COCP/Verilog/build/bupt_riscv_vivado_acceptance_final/bupt_riscv.gen/sources_1/ip/bupt_riscv_mig/bupt_riscv_mig/user_design/rtl/phy/mig_7series_v4_2_ddr_phy_4lanes.v:72]
INFO: [Synth 8-6155] done synthesizing module 'mig_7series_v4_2_ddr_mc_phy' (0#1) [d:/CodeProject/Verilog_Project/COCP/Verilog/build/bupt_riscv_vivado_acceptance_final/bupt_riscv.gen/sources_1/ip/bupt_riscv_mig/bupt_riscv_mig/user_design/rtl/phy/mig_7series_v4_2_ddr_mc_phy.v:70]
WARNING: [Synth 8-689] width (12) of port connection 'pi_dqs_found_lanes' does not match port width (4) of module 'mig_7series_v4_2_ddr_mc_phy' [d:/CodeProject/Verilog_Project/COCP/Verilog/build/bupt_riscv_vivado_acceptance_final/bupt_riscv.gen/sources_1/ip/bupt_riscv_mig/bupt_riscv_mig/user_design/rtl/phy/mig_7series_v4_2_ddr_mc_phy_wrapper.v:1671]
WARNING: [Synth 8-689] width (12) of port connection 'pi_phase_locked_lanes' does not match port width (4) of module 'mig_7series_v4_2_ddr_mc_phy' [d:/CodeProject/Verilog_Project/COCP/Verilog/build/bupt_riscv_vivado_acceptance_final/bupt_riscv.gen/sources_1/ip/bupt_riscv_mig/bupt_riscv_mig/user_design/rtl/phy/mig_7series_v4_2_ddr_mc_phy_wrapper.v:1679]
WARNING: [Synth 8-7071] port 'of_data_a_full' of module 'mig_7series_v4_2_ddr_mc_phy' is unconnected for instance 'u_ddr_mc_phy' [d:/CodeProject/Verilog_Project/COCP/Verilog/build/bupt_riscv_vivado_acceptance_final/bupt_riscv.gen/sources_1/ip/bupt_riscv_mig/bupt_riscv_mig/user_design/rtl/phy/mig_7series_v4_2_ddr_mc_phy_wrapper.v:1579]
WARNING: [Synth 8-7023] instance 'u_ddr_mc_phy' of module 'mig_7series_v4_2_ddr_mc_phy' has 89 connections declared, but only 88 given [d:/CodeProject/Verilog_Project/COCP/Verilog/build/bupt_riscv_vivado_acceptance_final/bupt_riscv.gen/sources_1/ip/bupt_riscv_mig/bupt_riscv_mig/user_design/rtl/phy/mig_7series_v4_2_ddr_mc_phy_wrapper.v:1579]
INFO: [Synth 8-6155] done synthesizing module 'mig_7series_v4_2_ddr_mc_phy_wrapper' (0#1) [d:/CodeProject/Verilog_Project/COCP/Verilog/build/bupt_riscv_vivado_acceptance_final/bupt_riscv.gen/sources_1/ip/bupt_riscv_mig/bupt_riscv_mig/user_design/rtl/phy/mig_7series_v4_2_ddr_mc_phy_wrapper.v:71]
INFO: [Synth 8-6157] synthesizing module 'mig_7series_v4_2_ddr_calib_top' [d:/CodeProject/Verilog_Project/COCP/Verilog/build/bupt_riscv_vivado_acceptance_final/bupt_riscv.gen/sources_1/ip/bupt_riscv_mig/bupt_riscv_mig/user_design/rtl/phy/mig_7series_v4_2_ddr_calib_top.v:82]
INFO: [Synth 8-6157] synthesizing module 'mig_7series_v4_2_ddr_phy_wrlvl_off_delay' [d:/CodeProject/Verilog_Project/COCP/Verilog/build/bupt_riscv_vivado_acceptance_final/bupt_riscv.gen/sources_1/ip/bupt_riscv_mig/bupt_riscv_mig/user_design/rtl/phy/mig_7series_v4_2_ddr_phy_wrlvl_off_delay.v:68]
INFO: [Synth 8-6155] done synthesizing module 'mig_7series_v4_2_ddr_phy_wrlvl_off_delay' (0#1) [d:/CodeProject/Verilog_Project/COCP/Verilog/build/bupt_riscv_vivado_acceptance_final/bupt_riscv.gen/sources_1/ip/bupt_riscv_mig/bupt_riscv_mig/user_design/rtl/phy/mig_7series_v4_2_ddr_phy_wrlvl_off_delay.v:68]
INFO: [Synth 8-6157] synthesizing module 'mig_7series_v4_2_ddr_phy_dqs_found_cal_hr' [d:/CodeProject/Verilog_Project/COCP/Verilog/build/bupt_riscv_vivado_acceptance_final/bupt_riscv.gen/sources_1/ip/bupt_riscv_mig/bupt_riscv_mig/user_design/rtl/phy/mig_7series_v4_2_ddr_phy_dqs_found_cal_hr.v:79]
INFO: [Synth 8-6155] done synthesizing module 'mig_7series_v4_2_ddr_phy_dqs_found_cal_hr' (0#1) [d:/CodeProject/Verilog_Project/COCP/Verilog/build/bupt_riscv_vivado_acceptance_final/bupt_riscv.gen/sources_1/ip/bupt_riscv_mig/bupt_riscv_mig/user_design/rtl/phy/mig_7series_v4_2_ddr_phy_dqs_found_cal_hr.v:79]
WARNING: [Synth 8-689] width (2) of port connection 'fine_adjust_lane_cnt' does not match port width (1) of module 'mig_7series_v4_2_ddr_phy_dqs_found_cal_hr' [d:/CodeProject/Verilog_Project/COCP/Verilog/build/bupt_riscv_vivado_acceptance_final/bupt_riscv.gen/sources_1/ip/bupt_riscv_mig/bupt_riscv_mig/user_design/rtl/phy/mig_7series_v4_2_ddr_calib_top.v:1963]
INFO: [Synth 8-6157] synthesizing module 'mig_7series_v4_2_ddr_phy_rdlvl' [d:/CodeProject/Verilog_Project/COCP/Verilog/build/bupt_riscv_vivado_acceptance_final/bupt_riscv.gen/sources_1/ip/bupt_riscv_mig/bupt_riscv_mig/user_design/rtl/phy/mig_7series_v4_2_ddr_phy_rdlvl.v:79]
WARNING: [Synth 8-5974] attribute "use_dsp48" has been deprecated, please use "use_dsp" instead 
INFO: [Synth 8-155] case statement is not full and has no default [d:/CodeProject/Verilog_Project/COCP/Verilog/build/bupt_riscv_vivado_acceptance_final/bupt_riscv.gen/sources_1/ip/bupt_riscv_mig/bupt_riscv_mig/user_design/rtl/phy/mig_7series_v4_2_ddr_phy_rdlvl.v:2746]
INFO: [Synth 8-6155] done synthesizing module 'mig_7series_v4_2_ddr_phy_rdlvl' (0#1) [d:/CodeProject/Verilog_Project/COCP/Verilog/build/bupt_riscv_vivado_acceptance_final/bupt_riscv.gen/sources_1/ip/bupt_riscv_mig/bupt_riscv_mig/user_design/rtl/phy/mig_7series_v4_2_ddr_phy_rdlvl.v:79]
INFO: [Synth 8-6157] synthesizing module 'mig_7series_v4_2_ddr_prbs_gen' [d:/CodeProject/Verilog_Project/COCP/Verilog/build/bupt_riscv_vivado_acceptance_final/bupt_riscv.gen/sources_1/ip/bupt_riscv_mig/bupt_riscv_mig/user_design/rtl/phy/mig_7series_v4_2_ddr_prbs_gen.v:92]
WARNING: [Synth 8-7186] Applying attribute ram_style = "distributed" is ignored, object 'rd_addr' is not inferred as ram due to incorrect usage [d:/CodeProject/Verilog_Project/COCP/Verilog/build/bupt_riscv_vivado_acceptance_final/bupt_riscv.gen/sources_1/ip/bupt_riscv_mig/bupt_riscv_mig/user_design/rtl/phy/mig_7series_v4_2_ddr_prbs_gen.v:203]
WARNING: [Synth 8-7186] Applying attribute ram_style = "distributed" is ignored, object 'mem_out' is not inferred as ram due to incorrect usage [d:/CodeProject/Verilog_Project/COCP/Verilog/build/bupt_riscv_vivado_acceptance_final/bupt_riscv.gen/sources_1/ip/bupt_riscv_mig/bupt_riscv_mig/user_design/rtl/phy/mig_7series_v4_2_ddr_prbs_gen.v:205]
INFO: [Synth 8-6155] done synthesizing module 'mig_7series_v4_2_ddr_prbs_gen' (0#1) [d:/CodeProject/Verilog_Project/COCP/Verilog/build/bupt_riscv_vivado_acceptance_final/bupt_riscv.gen/sources_1/ip/bupt_riscv_mig/bupt_riscv_mig/user_design/rtl/phy/mig_7series_v4_2_ddr_prbs_gen.v:92]
INFO: [Synth 8-6157] synthesizing module 'mig_7series_v4_2_ddr_phy_init' [d:/CodeProject/Verilog_Project/COCP/Verilog/build/bupt_riscv_vivado_acceptance_final/bupt_riscv.gen/sources_1/ip/bupt_riscv_mig/bupt_riscv_mig/user_design/rtl/phy/mig_7series_v4_2_ddr_phy_init.v:89]
INFO: [Synth 8-226] default block is never used [d:/CodeProject/Verilog_Project/COCP/Verilog/build/bupt_riscv_vivado_acceptance_final/bupt_riscv.gen/sources_1/ip/bupt_riscv_mig/bupt_riscv_mig/user_design/rtl/phy/mig_7series_v4_2_ddr_phy_init.v:5303]
INFO: [Synth 8-6155] done synthesizing module 'mig_7series_v4_2_ddr_phy_init' (0#1) [d:/CodeProject/Verilog_Project/COCP/Verilog/build/bupt_riscv_vivado_acceptance_final/bupt_riscv.gen/sources_1/ip/bupt_riscv_mig/bupt_riscv_mig/user_design/rtl/phy/mig_7series_v4_2_ddr_phy_init.v:89]
WARNING: [Synth 8-7071] port 'complex_oclk_prech_req' of module 'mig_7series_v4_2_ddr_phy_init' is unconnected for instance 'u_ddr_phy_init' [d:/CodeProject/Verilog_Project/COCP/Verilog/build/bupt_riscv_vivado_acceptance_final/bupt_riscv.gen/sources_1/ip/bupt_riscv_mig/bupt_riscv_mig/user_design/rtl/phy/mig_7series_v4_2_ddr_calib_top.v:1367]
WARNING: [Synth 8-7023] instance 'u_ddr_phy_init' of module 'mig_7series_v4_2_ddr_phy_init' has 131 connections declared, but only 130 given [d:/CodeProject/Verilog_Project/COCP/Verilog/build/bupt_riscv_vivado_acceptance_final/bupt_riscv.gen/sources_1/ip/bupt_riscv_mig/bupt_riscv_mig/user_design/rtl/phy/mig_7series_v4_2_ddr_calib_top.v:1367]
INFO: [Synth 8-6157] synthesizing module 'mig_7series_v4_2_ddr_phy_wrcal' [d:/CodeProject/Verilog_Project/COCP/Verilog/build/bupt_riscv_vivado_acceptance_final/bupt_riscv.gen/sources_1/ip/bupt_riscv_mig/bupt_riscv_mig/user_design/rtl/phy/mig_7series_v4_2_ddr_phy_wrcal.v:77]
INFO: [Synth 8-155] case statement is not full and has no default [d:/CodeProject/Verilog_Project/COCP/Verilog/build/bupt_riscv_vivado_acceptance_final/bupt_riscv.gen/sources_1/ip/bupt_riscv_mig/bupt_riscv_mig/user_design/rtl/phy/mig_7series_v4_2_ddr_phy_wrcal.v:1130]
INFO: [Synth 8-6155] done synthesizing module 'mig_7series_v4_2_ddr_phy_wrcal' (0#1) [d:/CodeProject/Verilog_Project/COCP/Verilog/build/bupt_riscv_vivado_acceptance_final/bupt_riscv.gen/sources_1/ip/bupt_riscv_mig/bupt_riscv_mig/user_design/rtl/phy/mig_7series_v4_2_ddr_phy_wrcal.v:77]
INFO: [Synth 8-6157] synthesizing module 'mig_7series_v4_2_ddr_phy_tempmon' [d:/CodeProject/Verilog_Project/COCP/Verilog/build/bupt_riscv_vivado_acceptance_final/bupt_riscv.gen/sources_1/ip/bupt_riscv_mig/bupt_riscv_mig/user_design/rtl/phy/mig_7series_v4_2_ddr_phy_tempmon.v:69]
INFO: [Synth 8-6155] done synthesizing module 'mig_7series_v4_2_ddr_phy_tempmon' (0#1) [d:/CodeProject/Verilog_Project/COCP/Verilog/build/bupt_riscv_vivado_acceptance_final/bupt_riscv.gen/sources_1/ip/bupt_riscv_mig/bupt_riscv_mig/user_design/rtl/phy/mig_7series_v4_2_ddr_phy_tempmon.v:69]
INFO: [Synth 8-6155] done synthesizing module 'mig_7series_v4_2_ddr_calib_top' (0#1) [d:/CodeProject/Verilog_Project/COCP/Verilog/build/bupt_riscv_vivado_acceptance_final/bupt_riscv.gen/sources_1/ip/bupt_riscv_mig/bupt_riscv_mig/user_design/rtl/phy/mig_7series_v4_2_ddr_calib_top.v:82]
WARNING: [Synth 8-689] width (12) of port connection 'pi_dqs_found_lanes' does not match port width (4) of module 'mig_7series_v4_2_ddr_calib_top' [d:/CodeProject/Verilog_Project/COCP/Verilog/build/bupt_riscv_vivado_acceptance_final/bupt_riscv.gen/sources_1/ip/bupt_riscv_mig/bupt_riscv_mig/user_design/rtl/phy/mig_7series_v4_2_ddr_phy_top.v:1340]
INFO: [Synth 8-6155] done synthesizing module 'mig_7series_v4_2_ddr_phy_top' (0#1) [d:/CodeProject/Verilog_Project/COCP/Verilog/build/bupt_riscv_vivado_acceptance_final/bupt_riscv.gen/sources_1/ip/bupt_riscv_mig/bupt_riscv_mig/user_design/rtl/phy/mig_7series_v4_2_ddr_phy_top.v:70]
INFO: [Synth 8-6155] done synthesizing module 'mig_7series_v4_2_mem_intfc' (0#1) [d:/CodeProject/Verilog_Project/COCP/Verilog/build/bupt_riscv_vivado_acceptance_final/bupt_riscv.gen/sources_1/ip/bupt_riscv_mig/bupt_riscv_mig/user_design/rtl/ip_top/mig_7series_v4_2_mem_intfc.v:70]
INFO: [Synth 8-6157] synthesizing module 'mig_7series_v4_2_ui_top' [d:/CodeProject/Verilog_Project/COCP/Verilog/build/bupt_riscv_vivado_acceptance_final/bupt_riscv.gen/sources_1/ip/bupt_riscv_mig/bupt_riscv_mig/user_design/rtl/ui/mig_7series_v4_2_ui_top.v:71]
INFO: [Synth 8-6157] synthesizing module 'mig_7series_v4_2_ui_cmd' [d:/CodeProject/Verilog_Project/COCP/Verilog/build/bupt_riscv_vivado_acceptance_final/bupt_riscv.gen/sources_1/ip/bupt_riscv_mig/bupt_riscv_mig/user_design/rtl/ui/mig_7series_v4_2_ui_cmd.v:70]
INFO: [Synth 8-6155] done synthesizing module 'mig_7series_v4_2_ui_cmd' (0#1) [d:/CodeProject/Verilog_Project/COCP/Verilog/build/bupt_riscv_vivado_acceptance_final/bupt_riscv.gen/sources_1/ip/bupt_riscv_mig/bupt_riscv_mig/user_design/rtl/ui/mig_7series_v4_2_ui_cmd.v:70]
INFO: [Synth 8-6157] synthesizing module 'mig_7series_v4_2_ui_wr_data' [d:/CodeProject/Verilog_Project/COCP/Verilog/build/bupt_riscv_vivado_acceptance_final/bupt_riscv.gen/sources_1/ip/bupt_riscv_mig/bupt_riscv_mig/user_design/rtl/ui/mig_7series_v4_2_ui_wr_data.v:131]
INFO: [Synth 8-155] case statement is not full and has no default [d:/CodeProject/Verilog_Project/COCP/Verilog/build/bupt_riscv_vivado_acceptance_final/bupt_riscv.gen/sources_1/ip/bupt_riscv_mig/bupt_riscv_mig/user_design/rtl/ui/mig_7series_v4_2_ui_wr_data.v:342]
INFO: [Synth 8-155] case statement is not full and has no default [d:/CodeProject/Verilog_Project/COCP/Verilog/build/bupt_riscv_vivado_acceptance_final/bupt_riscv.gen/sources_1/ip/bupt_riscv_mig/bupt_riscv_mig/user_design/rtl/ui/mig_7series_v4_2_ui_wr_data.v:380]
INFO: [Synth 8-6155] done synthesizing module 'mig_7series_v4_2_ui_wr_data' (0#1) [d:/CodeProject/Verilog_Project/COCP/Verilog/build/bupt_riscv_vivado_acceptance_final/bupt_riscv.gen/sources_1/ip/bupt_riscv_mig/bupt_riscv_mig/user_design/rtl/ui/mig_7series_v4_2_ui_wr_data.v:131]
INFO: [Synth 8-6157] synthesizing module 'mig_7series_v4_2_ui_rd_data' [d:/CodeProject/Verilog_Project/COCP/Verilog/build/bupt_riscv_vivado_acceptance_final/bupt_riscv.gen/sources_1/ip/bupt_riscv_mig/bupt_riscv_mig/user_design/rtl/ui/mig_7series_v4_2_ui_rd_data.v:140]
INFO: [Synth 8-155] case statement is not full and has no default [d:/CodeProject/Verilog_Project/COCP/Verilog/build/bupt_riscv_vivado_acceptance_final/bupt_riscv.gen/sources_1/ip/bupt_riscv_mig/bupt_riscv_mig/user_design/rtl/ui/mig_7series_v4_2_ui_rd_data.v:406]
WARNING: [Synth 8-567] referenced signal 'not_strict_mode.occ_cnt_r' should be on the sensitivity list [d:/CodeProject/Verilog_Project/COCP/Verilog/build/bupt_riscv_vivado_acceptance_final/bupt_riscv.gen/sources_1/ip/bupt_riscv_mig/bupt_riscv_mig/user_design/rtl/ui/mig_7series_v4_2_ui_rd_data.v:403]
WARNING: [Synth 8-567] referenced signal 'not_strict_mode.free_rd_buf' should be on the sensitivity list [d:/CodeProject/Verilog_Project/COCP/Verilog/build/bupt_riscv_vivado_acceptance_final/bupt_riscv.gen/sources_1/ip/bupt_riscv_mig/bupt_riscv_mig/user_design/rtl/ui/mig_7series_v4_2_ui_rd_data.v:403]
WARNING: [Synth 8-567] referenced signal 'not_strict_mode.occ_minus_one' should be on the sensitivity list [d:/CodeProject/Verilog_Project/COCP/Verilog/build/bupt_riscv_vivado_acceptance_final/bupt_riscv.gen/sources_1/ip/bupt_riscv_mig/bupt_riscv_mig/user_design/rtl/ui/mig_7series_v4_2_ui_rd_data.v:403]
WARNING: [Synth 8-567] referenced signal 'not_strict_mode.occ_plus_one' should be on the sensitivity list [d:/CodeProject/Verilog_Project/COCP/Verilog/build/bupt_riscv_vivado_acceptance_final/bupt_riscv.gen/sources_1/ip/bupt_riscv_mig/bupt_riscv_mig/user_design/rtl/ui/mig_7series_v4_2_ui_rd_data.v:403]
WARNING: [Synth 8-567] referenced signal 'not_strict_mode.rd_data_buf_addr_r_lcl' should be on the sensitivity list [d:/CodeProject/Verilog_Project/COCP/Verilog/build/bupt_riscv_vivado_acceptance_final/bupt_riscv.gen/sources_1/ip/bupt_riscv_mig/bupt_riscv_mig/user_design/rtl/ui/mig_7series_v4_2_ui_rd_data.v:432]
INFO: [Synth 8-6155] done synthesizing module 'mig_7series_v4_2_ui_rd_data' (0#1) [d:/CodeProject/Verilog_Project/COCP/Verilog/build/bupt_riscv_vivado_acceptance_final/bupt_riscv.gen/sources_1/ip/bupt_riscv_mig/bupt_riscv_mig/user_design/rtl/ui/mig_7series_v4_2_ui_rd_data.v:140]
INFO: [Synth 8-6155] done synthesizing module 'mig_7series_v4_2_ui_top' (0#1) [d:/CodeProject/Verilog_Project/COCP/Verilog/build/bupt_riscv_vivado_acceptance_final/bupt_riscv.gen/sources_1/ip/bupt_riscv_mig/bupt_riscv_mig/user_design/rtl/ui/mig_7series_v4_2_ui_top.v:71]
INFO: [Synth 8-6157] synthesizing module 'mig_7series_v4_2_axi_mc' [d:/CodeProject/Verilog_Project/COCP/Verilog/build/bupt_riscv_vivado_acceptance_final/bupt_riscv.gen/sources_1/ip/bupt_riscv_mig/bupt_riscv_mig/user_design/rtl/axi/mig_7series_v4_2_axi_mc.v:90]
INFO: [Synth 8-6157] synthesizing module 'mig_7series_v4_2_ddr_axi_upsizer' [d:/CodeProject/Verilog_Project/COCP/Verilog/build/bupt_riscv_vivado_acceptance_final/bupt_riscv.gen/sources_1/ip/bupt_riscv_mig/bupt_riscv_mig/user_design/rtl/axi/mig_7series_v4_2_ddr_axi_upsizer.v:71]
INFO: [Synth 8-6157] synthesizing module 'mig_7series_v4_2_ddr_a_upsizer' [d:/CodeProject/Verilog_Project/COCP/Verilog/build/bupt_riscv_vivado_acceptance_final/bupt_riscv.gen/sources_1/ip/bupt_riscv_mig/bupt_riscv_mig/user_design/rtl/axi/mig_7series_v4_2_ddr_a_upsizer.v:62]
INFO: [Synth 8-6157] synthesizing module 'MUXCY' [D:/Xilinx/Vivado/2023.2/scripts/rt/data/unisim_comp.v:85127]
INFO: [Synth 8-6155] done synthesizing module 'MUXCY' (0#1) [D:/Xilinx/Vivado/2023.2/scripts/rt/data/unisim_comp.v:85127]
INFO: [Synth 8-6157] synthesizing module 'XORCY' [D:/Xilinx/Vivado/2023.2/scripts/rt/data/unisim_comp.v:139093]
INFO: [Synth 8-6155] done synthesizing module 'XORCY' (0#1) [D:/Xilinx/Vivado/2023.2/scripts/rt/data/unisim_comp.v:139093]
INFO: [Synth 8-6157] synthesizing module 'mig_7series_v4_2_ddr_carry_latch_and' [d:/CodeProject/Verilog_Project/COCP/Verilog/build/bupt_riscv_vivado_acceptance_final/bupt_riscv.gen/sources_1/ip/bupt_riscv_mig/bupt_riscv_mig/user_design/rtl/axi/mig_7series_v4_2_ddr_carry_latch_and.v:61]
INFO: [Synth 8-6157] synthesizing module 'AND2B1L' [D:/Xilinx/Vivado/2023.2/scripts/rt/data/unisim_comp.v:929]
INFO: [Synth 8-6155] done synthesizing module 'AND2B1L' (0#1) [D:/Xilinx/Vivado/2023.2/scripts/rt/data/unisim_comp.v:929]
INFO: [Synth 8-6155] done synthesizing module 'mig_7series_v4_2_ddr_carry_latch_and' (0#1) [d:/CodeProject/Verilog_Project/COCP/Verilog/build/bupt_riscv_vivado_acceptance_final/bupt_riscv.gen/sources_1/ip/bupt_riscv_mig/bupt_riscv_mig/user_design/rtl/axi/mig_7series_v4_2_ddr_carry_latch_and.v:61]
INFO: [Synth 8-6157] synthesizing module 'mig_7series_v4_2_ddr_carry_and' [d:/CodeProject/Verilog_Project/COCP/Verilog/build/bupt_riscv_vivado_acceptance_final/bupt_riscv.gen/sources_1/ip/bupt_riscv_mig/bupt_riscv_mig/user_design/rtl/axi/mig_7series_v4_2_ddr_carry_and.v:61]
INFO: [Synth 8-6155] done synthesizing module 'mig_7series_v4_2_ddr_carry_and' (0#1) [d:/CodeProject/Verilog_Project/COCP/Verilog/build/bupt_riscv_vivado_acceptance_final/bupt_riscv.gen/sources_1/ip/bupt_riscv_mig/bupt_riscv_mig/user_design/rtl/axi/mig_7series_v4_2_ddr_carry_and.v:61]
INFO: [Synth 8-6157] synthesizing module 'mig_7series_v4_2_ddr_command_fifo' [d:/CodeProject/Verilog_Project/COCP/Verilog/build/bupt_riscv_vivado_acceptance_final/bupt_riscv.gen/sources_1/ip/bupt_riscv_mig/bupt_riscv_mig/user_design/rtl/axi/mig_7series_v4_2_ddr_command_fifo.v:61]
INFO: [Synth 8-6157] synthesizing module 'mig_7series_v4_2_ddr_carry_latch_or' [d:/CodeProject/Verilog_Project/COCP/Verilog/build/bupt_riscv_vivado_acceptance_final/bupt_riscv.gen/sources_1/ip/bupt_riscv_mig/bupt_riscv_mig/user_design/rtl/axi/mig_7series_v4_2_ddr_carry_latch_or.v:61]
INFO: [Common 17-14] Message 'Synth 8-6157' appears 100 times and further instances of the messages will be disabled. Use the Tcl command set_msg_config to change the current settings.
INFO: [Synth 8-6155] done synthesizing module 'OR2L' (0#1) [D:/Xilinx/Vivado/2023.2/scripts/rt/data/unisim_comp.v:96967]
INFO: [Synth 8-6155] done synthesizing module 'mig_7series_v4_2_ddr_carry_latch_or' (0#1) [d:/CodeProject/Verilog_Project/COCP/Verilog/build/bupt_riscv_vivado_acceptance_final/bupt_riscv.gen/sources_1/ip/bupt_riscv_mig/bupt_riscv_mig/user_design/rtl/axi/mig_7series_v4_2_ddr_carry_latch_or.v:61]
INFO: [Synth 8-6155] done synthesizing module 'FDRE' (0#1) [D:/Xilinx/Vivado/2023.2/scripts/rt/data/unisim_comp.v:41005]
INFO: [Synth 8-6155] done synthesizing module 'mig_7series_v4_2_ddr_command_fifo' (0#1) [d:/CodeProject/Verilog_Project/COCP/Verilog/build/bupt_riscv_vivado_acceptance_final/bupt_riscv.gen/sources_1/ip/bupt_riscv_mig/bupt_riscv_mig/user_design/rtl/axi/mig_7series_v4_2_ddr_command_fifo.v:61]
INFO: [Synth 8-6155] done synthesizing module 'mig_7series_v4_2_ddr_a_upsizer' (0#1) [d:/CodeProject/Verilog_Project/COCP/Verilog/build/bupt_riscv_vivado_acceptance_final/bupt_riscv.gen/sources_1/ip/bupt_riscv_mig/bupt_riscv_mig/user_design/rtl/axi/mig_7series_v4_2_ddr_a_upsizer.v:62]
INFO: [Synth 8-6155] done synthesizing module 'mig_7series_v4_2_ddr_comparator_sel_static' (0#1) [d:/CodeProject/Verilog_Project/COCP/Verilog/build/bupt_riscv_vivado_acceptance_final/bupt_riscv.gen/sources_1/ip/bupt_riscv_mig/bupt_riscv_mig/user_design/rtl/axi/mig_7series_v4_2_ddr_comparator_sel_static.v:60]
INFO: [Synth 8-6155] done synthesizing module 'mig_7series_v4_2_ddr_carry_or' (0#1) [d:/CodeProject/Verilog_Project/COCP/Verilog/build/bupt_riscv_vivado_acceptance_final/bupt_riscv.gen/sources_1/ip/bupt_riscv_mig/bupt_riscv_mig/user_design/rtl/axi/mig_7series_v4_2_ddr_carry_or.v:61]
INFO: [Synth 8-6155] done synthesizing module 'LUT6_2' (0#1) [D:/Xilinx/Vivado/2023.2/scripts/rt/data/unisim_comp.v:81549]
INFO: [Common 17-14] Message 'Synth 8-6155' appears 100 times and further instances of the messages will be disabled. Use the Tcl command set_msg_config to change the current settings.
INFO: [Synth 8-155] case statement is not full and has no default [d:/CodeProject/Verilog_Project/COCP/Verilog/build/bupt_riscv_vivado_acceptance_final/bupt_riscv.gen/sources_1/ip/bupt_riscv_mig/bupt_riscv_mig/user_design/rtl/axi/mig_7series_v4_2_ddr_axic_register_slice.v:183]
WARNING: [Synth 8-589] replacing case/wildcard equality operator === with logical equality operator == [d:/CodeProject/Verilog_Project/COCP/Verilog/build/bupt_riscv_vivado_acceptance_final/bupt_riscv.gen/sources_1/ip/bupt_riscv_mig/bupt_riscv_mig/user_design/rtl/axi/mig_7series_v4_2_axi_mc_r_channel.v:189]
INFO: [Synth 8-155] case statement is not full and has no default [d:/CodeProject/Verilog_Project/COCP/Verilog/build/bupt_riscv_vivado_acceptance_final/bupt_riscv.gen/sources_1/ip/bupt_riscv_mig/bupt_riscv_mig/user_design/rtl/axi/mig_7series_v4_2_axi_mc_r_channel.v:315]
WARNING: [Synth 8-689] width (1) of port connection 'dbg_poc' does not match port width (1024) of module 'mig_7series_v4_2_memc_ui_top_axi' [d:/CodeProject/Verilog_Project/COCP/Verilog/build/bupt_riscv_vivado_acceptance_final/bupt_riscv.gen/sources_1/ip/bupt_riscv_mig/bupt_riscv_mig/user_design/rtl/bupt_riscv_mig_mig.v:1323]
WARNING: [Synth 8-6014] Unused sequential element periodic_rd_generation.read_this_rank_r1_reg was removed.  [d:/CodeProject/Verilog_Project/COCP/Verilog/build/bupt_riscv_vivado_acceptance_final/bupt_riscv.gen/sources_1/ip/bupt_riscv_mig/bupt_riscv_mig/user_design/rtl/controller/mig_7series_v4_2_rank_cntrl.v:487]
WARNING: [Synth 8-3936] Found unconnected internal register 'dbl_req_reg' and it is trimmed from '6' to '5' bits. [d:/CodeProject/Verilog_Project/COCP/Verilog/build/bupt_riscv_vivado_acceptance_final/bupt_riscv.gen/sources_1/ip/bupt_riscv_mig/bupt_riscv_mig/user_design/rtl/controller/mig_7series_v4_2_round_robin_arb.v:145]
WARNING: [Synth 8-3936] Found unconnected internal register 'dbl_last_master_ns_reg' and it is trimmed from '6' to '4' bits. [d:/CodeProject/Verilog_Project/COCP/Verilog/build/bupt_riscv_vivado_acceptance_final/bupt_riscv.gen/sources_1/ip/bupt_riscv_mig/bupt_riscv_mig/user_design/rtl/controller/mig_7series_v4_2_round_robin_arb.v:143]
WARNING: [Synth 8-6014] Unused sequential element last_master_r_reg was removed.  [d:/CodeProject/Verilog_Project/COCP/Verilog/build/bupt_riscv_vivado_acceptance_final/bupt_riscv.gen/sources_1/ip/bupt_riscv_mig/bupt_riscv_mig/user_design/rtl/controller/mig_7series_v4_2_round_robin_arb.v:181]
WARNING: [Synth 8-3848] Net channel[0].inh_group in module/entity mig_7series_v4_2_round_robin_arb__parameterized0 does not have driver. [d:/CodeProject/Verilog_Project/COCP/Verilog/build/bupt_riscv_vivado_acceptance_final/bupt_riscv.gen/sources_1/ip/bupt_riscv_mig/bupt_riscv_mig/user_design/rtl/controller/mig_7series_v4_2_round_robin_arb.v:153]
WARNING: [Synth 8-3936] Found unconnected internal register 'col_addr_template_reg' and it is trimmed from '16' to '13' bits. [d:/CodeProject/Verilog_Project/COCP/Verilog/build/bupt_riscv_vivado_acceptance_final/bupt_riscv.gen/sources_1/ip/bupt_riscv_mig/bupt_riscv_mig/user_design/rtl/controller/mig_7series_v4_2_bank_compare.v:251]
WARNING: [Synth 8-3936] Found unconnected internal register 'dbl_req_reg' and it is trimmed from '8' to '7' bits. [d:/CodeProject/Verilog_Project/COCP/Verilog/build/bupt_riscv_vivado_acceptance_final/bupt_riscv.gen/sources_1/ip/bupt_riscv_mig/bupt_riscv_mig/user_design/rtl/controller/mig_7series_v4_2_round_robin_arb.v:145]
WARNING: [Synth 8-3936] Found unconnected internal register 'dbl_last_master_ns_reg' and it is trimmed from '8' to '6' bits. [d:/CodeProject/Verilog_Project/COCP/Verilog/build/bupt_riscv_vivado_acceptance_final/bupt_riscv.gen/sources_1/ip/bupt_riscv_mig/bupt_riscv_mig/user_design/rtl/controller/mig_7series_v4_2_round_robin_arb.v:143]
WARNING: [Synth 8-6014] Unused sequential element sent_row_or_maint_r_reg was removed.  [d:/CodeProject/Verilog_Project/COCP/Verilog/build/bupt_riscv_vivado_acceptance_final/bupt_riscv.gen/sources_1/ip/bupt_riscv_mig/bupt_riscv_mig/user_design/rtl/controller/mig_7series_v4_2_arb_row_col.v:357]
WARNING: [Synth 8-6014] Unused sequential element mc_aux_out_r_1_reg was removed.  [d:/CodeProject/Verilog_Project/COCP/Verilog/build/bupt_riscv_vivado_acceptance_final/bupt_riscv.gen/sources_1/ip/bupt_riscv_mig/bupt_riscv_mig/user_design/rtl/controller/mig_7series_v4_2_arb_select.v:680]
WARNING: [Synth 8-6014] Unused sequential element mc_aux_out_r_2_reg was removed.  [d:/CodeProject/Verilog_Project/COCP/Verilog/build/bupt_riscv_vivado_acceptance_final/bupt_riscv.gen/sources_1/ip/bupt_riscv_mig/bupt_riscv_mig/user_design/rtl/controller/mig_7series_v4_2_arb_select.v:681]
WARNING: [Synth 8-3848] Net col_mux.col_row_r in module/entity mig_7series_v4_2_arb_select does not have driver. [d:/CodeProject/Verilog_Project/COCP/Verilog/build/bupt_riscv_vivado_acceptance_final/bupt_riscv.gen/sources_1/ip/bupt_riscv_mig/bupt_riscv_mig/user_design/rtl/controller/mig_7series_v4_2_arb_select.v:390]
WARNING: [Synth 8-3936] Found unconnected internal register 'read_fifo.fifo_out_data_r_reg' and it is trimmed from '12' to '8' bits. [d:/CodeProject/Verilog_Project/COCP/Verilog/build/bupt_riscv_vivado_acceptance_final/bupt_riscv.gen/sources_1/ip/bupt_riscv_mig/bupt_riscv_mig/user_design/rtl/controller/mig_7series_v4_2_col_mach.v:396]
WARNING: [Synth 8-6014] Unused sequential element fine_delay_r_reg was removed.  [d:/CodeProject/Verilog_Project/COCP/Verilog/build/bupt_riscv_vivado_acceptance_final/bupt_riscv.gen/sources_1/ip/bupt_riscv_mig/bupt_riscv_mig/user_design/rtl/phy/mig_7series_v4_2_ddr_byte_group_io.v:185]
WARNING: [Synth 8-3848] Net dummy_i5 in module/entity mig_7series_v4_2_ddr_byte_lane does not have driver. [d:/CodeProject/Verilog_Project/COCP/Verilog/build/bupt_riscv_vivado_acceptance_final/bupt_riscv.gen/sources_1/ip/bupt_riscv_mig/bupt_riscv_mig/user_design/rtl/phy/mig_7series_v4_2_ddr_byte_lane.v:269]
WARNING: [Synth 8-3848] Net dummy_i6 in module/entity mig_7series_v4_2_ddr_byte_lane does not have driver. [d:/CodeProject/Verilog_Project/COCP/Verilog/build/bupt_riscv_vivado_acceptance_final/bupt_riscv.gen/sources_1/ip/bupt_riscv_mig/bupt_riscv_mig/user_design/rtl/phy/mig_7series_v4_2_ddr_byte_lane.v:270]
WARNING: [Synth 8-3848] Net oserdes_dqts_buf in module/entity mig_7series_v4_2_ddr_byte_group_io__parameterized0 does not have driver. [d:/CodeProject/Verilog_Project/COCP/Verilog/build/bupt_riscv_vivado_acceptance_final/bupt_riscv.gen/sources_1/ip/bupt_riscv_mig/bupt_riscv_mig/user_design/rtl/phy/mig_7series_v4_2_ddr_byte_group_io.v:143]
WARNING: [Synth 8-3848] Net oserdes_dqs_buf in module/entity mig_7series_v4_2_ddr_byte_group_io__parameterized0 does not have driver. [d:/CodeProject/Verilog_Project/COCP/Verilog/build/bupt_riscv_vivado_acceptance_final/bupt_riscv.gen/sources_1/ip/bupt_riscv_mig/bupt_riscv_mig/user_design/rtl/phy/mig_7series_v4_2_ddr_byte_group_io.v:144]
WARNING: [Synth 8-3848] Net oserdes_dqsts_buf in module/entity mig_7series_v4_2_ddr_byte_group_io__parameterized0 does not have driver. [d:/CodeProject/Verilog_Project/COCP/Verilog/build/bupt_riscv_vivado_acceptance_final/bupt_riscv.gen/sources_1/ip/bupt_riscv_mig/bupt_riscv_mig/user_design/rtl/phy/mig_7series_v4_2_ddr_byte_group_io.v:145]
WARNING: [Synth 8-3848] Net iserdes_dout in module/entity mig_7series_v4_2_ddr_byte_group_io__parameterized0 does not have driver. [d:/CodeProject/Verilog_Project/COCP/Verilog/build/bupt_riscv_vivado_acceptance_final/bupt_riscv.gen/sources_1/ip/bupt_riscv_mig/bupt_riscv_mig/user_design/rtl/phy/mig_7series_v4_2_ddr_byte_group_io.v:92]
WARNING: [Synth 8-6014] Unused sequential element ififo_rst_reg was removed.  [d:/CodeProject/Verilog_Project/COCP/Verilog/build/bupt_riscv_vivado_acceptance_final/bupt_riscv.gen/sources_1/ip/bupt_riscv_mig/bupt_riscv_mig/user_design/rtl/phy/mig_7series_v4_2_ddr_byte_lane.v:307]
WARNING: [Synth 8-3848] Net rclk in module/entity mig_7series_v4_2_ddr_byte_lane__parameterized0 does not have driver. [d:/CodeProject/Verilog_Project/COCP/Verilog/build/bupt_riscv_vivado_acceptance_final/bupt_riscv.gen/sources_1/ip/bupt_riscv_mig/bupt_riscv_mig/user_design/rtl/phy/mig_7series_v4_2_ddr_byte_lane.v:147]
WARNING: [Synth 8-3848] Net pi_iserdes_rst in module/entity mig_7series_v4_2_ddr_byte_lane__parameterized0 does not have driver. [d:/CodeProject/Verilog_Project/COCP/Verilog/build/bupt_riscv_vivado_acceptance_final/bupt_riscv.gen/sources_1/ip/bupt_riscv_mig/bupt_riscv_mig/user_design/rtl/phy/mig_7series_v4_2_ddr_byte_lane.v:193]
WARNING: [Synth 8-3848] Net pi_fine_overflow in module/entity mig_7series_v4_2_ddr_byte_lane__parameterized0 does not have driver. [d:/CodeProject/Verilog_Project/COCP/Verilog/build/bupt_riscv_vivado_acceptance_final/bupt_riscv.gen/sources_1/ip/bupt_riscv_mig/bupt_riscv_mig/user_design/rtl/phy/mig_7series_v4_2_ddr_byte_lane.v:195]
WARNING: [Synth 8-3848] Net pi_counter_read_val_w in module/entity mig_7series_v4_2_ddr_byte_lane__parameterized0 does not have driver. [d:/CodeProject/Verilog_Project/COCP/Verilog/build/bupt_riscv_vivado_acceptance_final/bupt_riscv.gen/sources_1/ip/bupt_riscv_mig/bupt_riscv_mig/user_design/rtl/phy/mig_7series_v4_2_ddr_byte_lane.v:431]
WARNING: [Synth 8-3848] Net dqs_out_of_range in module/entity mig_7series_v4_2_ddr_byte_lane__parameterized0 does not have driver. [d:/CodeProject/Verilog_Project/COCP/Verilog/build/bupt_riscv_vivado_acceptance_final/bupt_riscv.gen/sources_1/ip/bupt_riscv_mig/bupt_riscv_mig/user_design/rtl/phy/mig_7series_v4_2_ddr_byte_lane.v:198]
WARNING: [Synth 8-3848] Net iserdes_clk in module/entity mig_7series_v4_2_ddr_byte_lane__parameterized0 does not have driver. [d:/CodeProject/Verilog_Project/COCP/Verilog/build/bupt_riscv_vivado_acceptance_final/bupt_riscv.gen/sources_1/ip/bupt_riscv_mig/bupt_riscv_mig/user_design/rtl/phy/mig_7series_v4_2_ddr_byte_lane.v:275]
WARNING: [Synth 8-3848] Net iserdes_clkdiv in module/entity mig_7series_v4_2_ddr_byte_lane__parameterized0 does not have driver. [d:/CodeProject/Verilog_Project/COCP/Verilog/build/bupt_riscv_vivado_acceptance_final/bupt_riscv.gen/sources_1/ip/bupt_riscv_mig/bupt_riscv_mig/user_design/rtl/phy/mig_7series_v4_2_ddr_byte_lane.v:276]
WARNING: [Synth 8-6014] Unused sequential element fine_delay_r_reg was removed.  [d:/CodeProject/Verilog_Project/COCP/Verilog/build/bupt_riscv_vivado_acceptance_final/bupt_riscv.gen/sources_1/ip/bupt_riscv_mig/bupt_riscv_mig/user_design/rtl/phy/mig_7series_v4_2_ddr_byte_group_io.v:185]
WARNING: [Synth 8-3848] Net dummy_i5 in module/entity mig_7series_v4_2_ddr_byte_lane__parameterized1 does not have driver. [d:/CodeProject/Verilog_Project/COCP/Verilog/build/bupt_riscv_vivado_acceptance_final/bupt_riscv.gen/sources_1/ip/bupt_riscv_mig/bupt_riscv_mig/user_design/rtl/phy/mig_7series_v4_2_ddr_byte_lane.v:269]
WARNING: [Synth 8-3848] Net dummy_i6 in module/entity mig_7series_v4_2_ddr_byte_lane__parameterized1 does not have driver. [d:/CodeProject/Verilog_Project/COCP/Verilog/build/bupt_riscv_vivado_acceptance_final/bupt_riscv.gen/sources_1/ip/bupt_riscv_mig/bupt_riscv_mig/user_design/rtl/phy/mig_7series_v4_2_ddr_byte_lane.v:270]
WARNING: [Synth 8-3848] Net oserdes_dqts_buf in module/entity mig_7series_v4_2_ddr_byte_group_io__parameterized2 does not have driver. [d:/CodeProject/Verilog_Project/COCP/Verilog/build/bupt_riscv_vivado_acceptance_final/bupt_riscv.gen/sources_1/ip/bupt_riscv_mig/bupt_riscv_mig/user_design/rtl/phy/mig_7series_v4_2_ddr_byte_group_io.v:143]
WARNING: [Synth 8-3848] Net oserdes_dqs_buf in module/entity mig_7series_v4_2_ddr_byte_group_io__parameterized2 does not have driver. [d:/CodeProject/Verilog_Project/COCP/Verilog/build/bupt_riscv_vivado_acceptance_final/bupt_riscv.gen/sources_1/ip/bupt_riscv_mig/bupt_riscv_mig/user_design/rtl/phy/mig_7series_v4_2_ddr_byte_group_io.v:144]
WARNING: [Synth 8-3848] Net oserdes_dqsts_buf in module/entity mig_7series_v4_2_ddr_byte_group_io__parameterized2 does not have driver. [d:/CodeProject/Verilog_Project/COCP/Verilog/build/bupt_riscv_vivado_acceptance_final/bupt_riscv.gen/sources_1/ip/bupt_riscv_mig/bupt_riscv_mig/user_design/rtl/phy/mig_7series_v4_2_ddr_byte_group_io.v:145]
WARNING: [Synth 8-3848] Net iserdes_dout in module/entity mig_7series_v4_2_ddr_byte_group_io__parameterized2 does not have driver. [d:/CodeProject/Verilog_Project/COCP/Verilog/build/bupt_riscv_vivado_acceptance_final/bupt_riscv.gen/sources_1/ip/bupt_riscv_mig/bupt_riscv_mig/user_design/rtl/phy/mig_7series_v4_2_ddr_byte_group_io.v:92]
WARNING: [Synth 8-6014] Unused sequential element ififo_rst_reg was removed.  [d:/CodeProject/Verilog_Project/COCP/Verilog/build/bupt_riscv_vivado_acceptance_final/bupt_riscv.gen/sources_1/ip/bupt_riscv_mig/bupt_riscv_mig/user_design/rtl/phy/mig_7series_v4_2_ddr_byte_lane.v:307]
WARNING: [Synth 8-3848] Net rclk in module/entity mig_7series_v4_2_ddr_byte_lane__parameterized2 does not have driver. [d:/CodeProject/Verilog_Project/COCP/Verilog/build/bupt_riscv_vivado_acceptance_final/bupt_riscv.gen/sources_1/ip/bupt_riscv_mig/bupt_riscv_mig/user_design/rtl/phy/mig_7series_v4_2_ddr_byte_lane.v:147]
WARNING: [Synth 8-3848] Net pi_iserdes_rst in module/entity mig_7series_v4_2_ddr_byte_lane__parameterized2 does not have driver. [d:/CodeProject/Verilog_Project/COCP/Verilog/build/bupt_riscv_vivado_acceptance_final/bupt_riscv.gen/sources_1/ip/bupt_riscv_mig/bupt_riscv_mig/user_design/rtl/phy/mig_7series_v4_2_ddr_byte_lane.v:193]
WARNING: [Synth 8-3848] Net pi_fine_overflow in module/entity mig_7series_v4_2_ddr_byte_lane__parameterized2 does not have driver. [d:/CodeProject/Verilog_Project/COCP/Verilog/build/bupt_riscv_vivado_acceptance_final/bupt_riscv.gen/sources_1/ip/bupt_riscv_mig/bupt_riscv_mig/user_design/rtl/phy/mig_7series_v4_2_ddr_byte_lane.v:195]
WARNING: [Synth 8-3848] Net pi_counter_read_val_w in module/entity mig_7series_v4_2_ddr_byte_lane__parameterized2 does not have driver. [d:/CodeProject/Verilog_Project/COCP/Verilog/build/bupt_riscv_vivado_acceptance_final/bupt_riscv.gen/sources_1/ip/bupt_riscv_mig/bupt_riscv_mig/user_design/rtl/phy/mig_7series_v4_2_ddr_byte_lane.v:431]
WARNING: [Synth 8-3848] Net dqs_out_of_range in module/entity mig_7series_v4_2_ddr_byte_lane__parameterized2 does not have driver. [d:/CodeProject/Verilog_Project/COCP/Verilog/build/bupt_riscv_vivado_acceptance_final/bupt_riscv.gen/sources_1/ip/bupt_riscv_mig/bupt_riscv_mig/user_design/rtl/phy/mig_7series_v4_2_ddr_byte_lane.v:198]
WARNING: [Synth 8-3848] Net iserdes_clk in module/entity mig_7series_v4_2_ddr_byte_lane__parameterized2 does not have driver. [d:/CodeProject/Verilog_Project/COCP/Verilog/build/bupt_riscv_vivado_acceptance_final/bupt_riscv.gen/sources_1/ip/bupt_riscv_mig/bupt_riscv_mig/user_design/rtl/phy/mig_7series_v4_2_ddr_byte_lane.v:275]
WARNING: [Synth 8-3848] Net iserdes_clkdiv in module/entity mig_7series_v4_2_ddr_byte_lane__parameterized2 does not have driver. [d:/CodeProject/Verilog_Project/COCP/Verilog/build/bupt_riscv_vivado_acceptance_final/bupt_riscv.gen/sources_1/ip/bupt_riscv_mig/bupt_riscv_mig/user_design/rtl/phy/mig_7series_v4_2_ddr_byte_lane.v:276]
WARNING: [Synth 8-6014] Unused sequential element B_rst_primitives_reg was removed.  [d:/CodeProject/Verilog_Project/COCP/Verilog/build/bupt_riscv_vivado_acceptance_final/bupt_riscv.gen/sources_1/ip/bupt_riscv_mig/bupt_riscv_mig/user_design/rtl/phy/mig_7series_v4_2_ddr_phy_4lanes.v:737]
WARNING: [Synth 8-6014] Unused sequential element C_rst_primitives_reg was removed.  [d:/CodeProject/Verilog_Project/COCP/Verilog/build/bupt_riscv_vivado_acceptance_final/bupt_riscv.gen/sources_1/ip/bupt_riscv_mig/bupt_riscv_mig/user_design/rtl/phy/mig_7series_v4_2_ddr_phy_4lanes.v:738]
WARNING: [Synth 8-6014] Unused sequential element D_rst_primitives_reg was removed.  [d:/CodeProject/Verilog_Project/COCP/Verilog/build/bupt_riscv_vivado_acceptance_final/bupt_riscv.gen/sources_1/ip/bupt_riscv_mig/bupt_riscv_mig/user_design/rtl/phy/mig_7series_v4_2_ddr_phy_4lanes.v:739]
WARNING: [Synth 8-3936] Found unconnected internal register 'byte_sel_data_map_reg' and it is trimmed from '96' to '88' bits. [d:/CodeProject/Verilog_Project/COCP/Verilog/build/bupt_riscv_vivado_acceptance_final/bupt_riscv.gen/sources_1/ip/bupt_riscv_mig/bupt_riscv_mig/user_design/rtl/phy/mig_7series_v4_2_ddr_mc_phy_wrapper.v:731]
WARNING: [Synth 8-3848] Net phy_data_full in module/entity mig_7series_v4_2_ddr_mc_phy_wrapper does not have driver. [d:/CodeProject/Verilog_Project/COCP/Verilog/build/bupt_riscv_vivado_acceptance_final/bupt_riscv.gen/sources_1/ip/bupt_riscv_mig/bupt_riscv_mig/user_design/rtl/phy/mig_7series_v4_2_ddr_mc_phy_wrapper.v:227]
WARNING: [Synth 8-6014] Unused sequential element rank_final_loop[0].final_do_max_reg[0] was removed.  [d:/CodeProject/Verilog_Project/COCP/Verilog/build/bupt_riscv_vivado_acceptance_final/bupt_riscv.gen/sources_1/ip/bupt_riscv_mig/bupt_riscv_mig/user_design/rtl/phy/mig_7series_v4_2_ddr_phy_dqs_found_cal_hr.v:1116]
WARNING: [Synth 8-6014] Unused sequential element rank_final_loop[0].final_do_index_reg[0] was removed.  [d:/CodeProject/Verilog_Project/COCP/Verilog/build/bupt_riscv_vivado_acceptance_final/bupt_riscv.gen/sources_1/ip/bupt_riscv_mig/bupt_riscv_mig/user_design/rtl/phy/mig_7series_v4_2_ddr_phy_dqs_found_cal_hr.v:1146]
WARNING: [Synth 8-6014] Unused sequential element dqsfound_retry_r1_reg was removed.  [d:/CodeProject/Verilog_Project/COCP/Verilog/build/bupt_riscv_vivado_acceptance_final/bupt_riscv.gen/sources_1/ip/bupt_riscv_mig/bupt_riscv_mig/user_design/rtl/phy/mig_7series_v4_2_ddr_phy_dqs_found_cal_hr.v:690]
WARNING: [Synth 8-3848] Net dqsfound_retry_done in module/entity mig_7series_v4_2_ddr_phy_dqs_found_cal_hr does not have driver. [d:/CodeProject/Verilog_Project/COCP/Verilog/build/bupt_riscv_vivado_acceptance_final/bupt_riscv.gen/sources_1/ip/bupt_riscv_mig/bupt_riscv_mig/user_design/rtl/phy/mig_7series_v4_2_ddr_phy_dqs_found_cal_hr.v:131]
WARNING: [Synth 8-6014] Unused sequential element gen_track_left_edge[0].pb_found_first_edge_r_reg was removed.  [d:/CodeProject/Verilog_Project/COCP/Verilog/build/bupt_riscv_vivado_acceptance_final/bupt_riscv.gen/sources_1/ip/bupt_riscv_mig/bupt_riscv_mig/user_design/rtl/phy/mig_7series_v4_2_ddr_phy_rdlvl.v:2474]
WARNING: [Synth 8-6014] Unused sequential element gen_track_left_edge[1].pb_found_first_edge_r_reg was removed.  [d:/CodeProject/Verilog_Project/COCP/Verilog/build/bupt_riscv_vivado_acceptance_final/bupt_riscv.gen/sources_1/ip/bupt_riscv_mig/bupt_riscv_mig/user_design/rtl/phy/mig_7series_v4_2_ddr_phy_rdlvl.v:2474]
WARNING: [Synth 8-6014] Unused sequential element gen_track_left_edge[2].pb_found_first_edge_r_reg was removed.  [d:/CodeProject/Verilog_Project/COCP/Verilog/build/bupt_riscv_vivado_acceptance_final/bupt_riscv.gen/sources_1/ip/bupt_riscv_mig/bupt_riscv_mig/user_design/rtl/phy/mig_7series_v4_2_ddr_phy_rdlvl.v:2474]
WARNING: [Synth 8-6014] Unused sequential element gen_track_left_edge[3].pb_found_first_edge_r_reg was removed.  [d:/CodeProject/Verilog_Project/COCP/Verilog/build/bupt_riscv_vivado_acceptance_final/bupt_riscv.gen/sources_1/ip/bupt_riscv_mig/bupt_riscv_mig/user_design/rtl/phy/mig_7series_v4_2_ddr_phy_rdlvl.v:2474]
WARNING: [Synth 8-6014] Unused sequential element gen_track_left_edge[4].pb_found_first_edge_r_reg was removed.  [d:/CodeProject/Verilog_Project/COCP/Verilog/build/bupt_riscv_vivado_acceptance_final/bupt_riscv.gen/sources_1/ip/bupt_riscv_mig/bupt_riscv_mig/user_design/rtl/phy/mig_7series_v4_2_ddr_phy_rdlvl.v:2474]
WARNING: [Synth 8-6014] Unused sequential element gen_track_left_edge[5].pb_found_first_edge_r_reg was removed.  [d:/CodeProject/Verilog_Project/COCP/Verilog/build/bupt_riscv_vivado_acceptance_final/bupt_riscv.gen/sources_1/ip/bupt_riscv_mig/bupt_riscv_mig/user_design/rtl/phy/mig_7series_v4_2_ddr_phy_rdlvl.v:2474]
WARNING: [Synth 8-6014] Unused sequential element gen_track_left_edge[6].pb_found_first_edge_r_reg was removed.  [d:/CodeProject/Verilog_Project/COCP/Verilog/build/bupt_riscv_vivado_acceptance_final/bupt_riscv.gen/sources_1/ip/bupt_riscv_mig/bupt_riscv_mig/user_design/rtl/phy/mig_7series_v4_2_ddr_phy_rdlvl.v:2474]
WARNING: [Synth 8-6014] Unused sequential element gen_track_left_edge[7].pb_found_first_edge_r_reg was removed.  [d:/CodeProject/Verilog_Project/COCP/Verilog/build/bupt_riscv_vivado_acceptance_final/bupt_riscv.gen/sources_1/ip/bupt_riscv_mig/bupt_riscv_mig/user_design/rtl/phy/mig_7series_v4_2_ddr_phy_rdlvl.v:2474]
WARNING: [Synth 8-6014] Unused sequential element rdlvl_stg1_done_int_r1_reg was removed.  [d:/CodeProject/Verilog_Project/COCP/Verilog/build/bupt_riscv_vivado_acceptance_final/bupt_riscv.gen/sources_1/ip/bupt_riscv_mig/bupt_riscv_mig/user_design/rtl/phy/mig_7series_v4_2_ddr_phy_rdlvl.v:686]
WARNING: [Synth 8-6014] Unused sequential element rdlvl_stg1_done_int_r2_reg was removed.  [d:/CodeProject/Verilog_Project/COCP/Verilog/build/bupt_riscv_vivado_acceptance_final/bupt_riscv.gen/sources_1/ip/bupt_riscv_mig/bupt_riscv_mig/user_design/rtl/phy/mig_7series_v4_2_ddr_phy_rdlvl.v:687]
WARNING: [Synth 8-6014] Unused sequential element rdlvl_stg1_done_int_r3_reg was removed.  [d:/CodeProject/Verilog_Project/COCP/Verilog/build/bupt_riscv_vivado_acceptance_final/bupt_riscv.gen/sources_1/ip/bupt_riscv_mig/bupt_riscv_mig/user_design/rtl/phy/mig_7series_v4_2_ddr_phy_rdlvl.v:688]
WARNING: [Synth 8-6014] Unused sequential element rdlvl_last_byte_done_int_r1_reg was removed.  [d:/CodeProject/Verilog_Project/COCP/Verilog/build/bupt_riscv_vivado_acceptance_final/bupt_riscv.gen/sources_1/ip/bupt_riscv_mig/bupt_riscv_mig/user_design/rtl/phy/mig_7series_v4_2_ddr_phy_rdlvl.v:689]
WARNING: [Synth 8-6014] Unused sequential element rdlvl_last_byte_done_int_r2_reg was removed.  [d:/CodeProject/Verilog_Project/COCP/Verilog/build/bupt_riscv_vivado_acceptance_final/bupt_riscv.gen/sources_1/ip/bupt_riscv_mig/bupt_riscv_mig/user_design/rtl/phy/mig_7series_v4_2_ddr_phy_rdlvl.v:690]
WARNING: [Synth 8-6014] Unused sequential element rdlvl_last_byte_done_int_r3_reg was removed.  [d:/CodeProject/Verilog_Project/COCP/Verilog/build/bupt_riscv_vivado_acceptance_final/bupt_riscv.gen/sources_1/ip/bupt_riscv_mig/bupt_riscv_mig/user_design/rtl/phy/mig_7series_v4_2_ddr_phy_rdlvl.v:691]
WARNING: [Synth 8-6014] Unused sequential element fine_dly_dec_done_r3_reg was removed.  [d:/CodeProject/Verilog_Project/COCP/Verilog/build/bupt_riscv_vivado_acceptance_final/bupt_riscv.gen/sources_1/ip/bupt_riscv_mig/bupt_riscv_mig/user_design/rtl/phy/mig_7series_v4_2_ddr_phy_rdlvl.v:940]
WARNING: [Synth 8-6014] Unused sequential element fine_dly_dec_done_r4_reg was removed.  [d:/CodeProject/Verilog_Project/COCP/Verilog/build/bupt_riscv_vivado_acceptance_final/bupt_riscv.gen/sources_1/ip/bupt_riscv_mig/bupt_riscv_mig/user_design/rtl/phy/mig_7series_v4_2_ddr_phy_rdlvl.v:941]
WARNING: [Synth 8-6014] Unused sequential element regl_rank_done_r_reg was removed.  [d:/CodeProject/Verilog_Project/COCP/Verilog/build/bupt_riscv_vivado_acceptance_final/bupt_riscv.gen/sources_1/ip/bupt_riscv_mig/bupt_riscv_mig/user_design/rtl/phy/mig_7series_v4_2_ddr_phy_rdlvl.v:1044]
WARNING: [Synth 8-6014] Unused sequential element cal1_state_r2_reg was removed.  [d:/CodeProject/Verilog_Project/COCP/Verilog/build/bupt_riscv_vivado_acceptance_final/bupt_riscv.gen/sources_1/ip/bupt_riscv_mig/bupt_riscv_mig/user_design/rtl/phy/mig_7series_v4_2_ddr_phy_rdlvl.v:2696]
WARNING: [Synth 8-6014] Unused sequential element cal1_state_r3_reg was removed.  [d:/CodeProject/Verilog_Project/COCP/Verilog/build/bupt_riscv_vivado_acceptance_final/bupt_riscv.gen/sources_1/ip/bupt_riscv_mig/bupt_riscv_mig/user_design/rtl/phy/mig_7series_v4_2_ddr_phy_rdlvl.v:2697]
WARNING: [Synth 8-6014] Unused sequential element cal1_cnt_cpt_timing_r_reg was removed.  [d:/CodeProject/Verilog_Project/COCP/Verilog/build/bupt_riscv_vivado_acceptance_final/bupt_riscv.gen/sources_1/ip/bupt_riscv_mig/bupt_riscv_mig/user_design/rtl/phy/mig_7series_v4_2_ddr_phy_rdlvl.v:610]
WARNING: [Synth 8-6014] Unused sequential element sample_cnt_r_reg was removed.  [d:/CodeProject/Verilog_Project/COCP/Verilog/build/bupt_riscv_vivado_acceptance_final/bupt_riscv.gen/sources_1/ip/bupt_riscv_mig/bupt_riscv_mig/user_design/rtl/phy/mig_7series_v4_2_ddr_prbs_gen.v:156]
WARNING: [Synth 8-6014] Unused sequential element reseed_prbs_r_reg was removed.  [d:/CodeProject/Verilog_Project/COCP/Verilog/build/bupt_riscv_vivado_acceptance_final/bupt_riscv.gen/sources_1/ip/bupt_riscv_mig/bupt_riscv_mig/user_design/rtl/phy/mig_7series_v4_2_ddr_prbs_gen.v:157]
WARNING: [Synth 8-6014] Unused sequential element lfsr_q_reg was removed.  [d:/CodeProject/Verilog_Project/COCP/Verilog/build/bupt_riscv_vivado_acceptance_final/bupt_riscv.gen/sources_1/ip/bupt_riscv_mig/bupt_riscv_mig/user_design/rtl/phy/mig_7series_v4_2_ddr_prbs_gen.v:174]
WARNING: [Synth 8-6014] Unused sequential element gen_single_slot_odt.phy_tmp_cs1_r_reg was removed.  [d:/CodeProject/Verilog_Project/COCP/Verilog/build/bupt_riscv_vivado_acceptance_final/bupt_riscv.gen/sources_1/ip/bupt_riscv_mig/bupt_riscv_mig/user_design/rtl/phy/mig_7series_v4_2_ddr_phy_init.v:4271]
WARNING: [Synth 8-6014] Unused sequential element gen_single_slot_odt.phy_tmp_odt_r1_reg was removed.  [d:/CodeProject/Verilog_Project/COCP/Verilog/build/bupt_riscv_vivado_acceptance_final/bupt_riscv.gen/sources_1/ip/bupt_riscv_mig/bupt_riscv_mig/user_design/rtl/phy/mig_7series_v4_2_ddr_phy_init.v:4273]
WARNING: [Synth 8-6014] Unused sequential element wrlvl_final_r_reg was removed.  [d:/CodeProject/Verilog_Project/COCP/Verilog/build/bupt_riscv_vivado_acceptance_final/bupt_riscv.gen/sources_1/ip/bupt_riscv_mig/bupt_riscv_mig/user_design/rtl/phy/mig_7series_v4_2_ddr_phy_init.v:1421]
WARNING: [Synth 8-6014] Unused sequential element wrlvl_rank_cntr_reg was removed.  [d:/CodeProject/Verilog_Project/COCP/Verilog/build/bupt_riscv_vivado_acceptance_final/bupt_riscv.gen/sources_1/ip/bupt_riscv_mig/bupt_riscv_mig/user_design/rtl/phy/mig_7series_v4_2_ddr_phy_init.v:1539]
WARNING: [Synth 8-6014] Unused sequential element cnt_pwron_cke_done_r1_reg was removed.  [d:/CodeProject/Verilog_Project/COCP/Verilog/build/bupt_riscv_vivado_acceptance_final/bupt_riscv.gen/sources_1/ip/bupt_riscv_mig/bupt_riscv_mig/user_design/rtl/phy/mig_7series_v4_2_ddr_phy_init.v:1781]
WARNING: [Synth 8-6014] Unused sequential element cnt_txpr_r_reg was removed.  [d:/CodeProject/Verilog_Project/COCP/Verilog/build/bupt_riscv_vivado_acceptance_final/bupt_riscv.gen/sources_1/ip/bupt_riscv_mig/bupt_riscv_mig/user_design/rtl/phy/mig_7series_v4_2_ddr_phy_init.v:1799]
WARNING: [Synth 8-6014] Unused sequential element cnt_txpr_done_r_reg was removed.  [d:/CodeProject/Verilog_Project/COCP/Verilog/build/bupt_riscv_vivado_acceptance_final/bupt_riscv.gen/sources_1/ip/bupt_riscv_mig/bupt_riscv_mig/user_design/rtl/phy/mig_7series_v4_2_ddr_phy_init.v:1800]
WARNING: [Synth 8-6014] Unused sequential element rnk_ref_cnt_reg was removed.  [d:/CodeProject/Verilog_Project/COCP/Verilog/build/bupt_riscv_vivado_acceptance_final/bupt_riscv.gen/sources_1/ip/bupt_riscv_mig/bupt_riscv_mig/user_design/rtl/phy/mig_7series_v4_2_ddr_phy_init.v:1941]
WARNING: [Synth 8-6014] Unused sequential element read_calib_int_reg was removed.  [d:/CodeProject/Verilog_Project/COCP/Verilog/build/bupt_riscv_vivado_acceptance_final/bupt_riscv.gen/sources_1/ip/bupt_riscv_mig/bupt_riscv_mig/user_design/rtl/phy/mig_7series_v4_2_ddr_phy_init.v:2720]
WARNING: [Synth 8-6014] Unused sequential element read_calib_r_reg was removed.  [d:/CodeProject/Verilog_Project/COCP/Verilog/build/bupt_riscv_vivado_acceptance_final/bupt_riscv.gen/sources_1/ip/bupt_riscv_mig/bupt_riscv_mig/user_design/rtl/phy/mig_7series_v4_2_ddr_phy_init.v:2727]
WARNING: [Synth 8-6014] Unused sequential element ddr3_lm_done_r_reg was removed.  [d:/CodeProject/Verilog_Project/COCP/Verilog/build/bupt_riscv_vivado_acceptance_final/bupt_riscv.gen/sources_1/ip/bupt_riscv_mig/bupt_riscv_mig/user_design/rtl/phy/mig_7series_v4_2_ddr_phy_init.v:2772]
WARNING: [Synth 8-6014] Unused sequential element pi_dqs_found_rank_done_r_reg was removed.  [d:/CodeProject/Verilog_Project/COCP/Verilog/build/bupt_riscv_vivado_acceptance_final/bupt_riscv.gen/sources_1/ip/bupt_riscv_mig/bupt_riscv_mig/user_design/rtl/phy/mig_7series_v4_2_ddr_phy_init.v:2778]
WARNING: [Synth 8-6014] Unused sequential element pi_dqs_found_all_r_reg was removed.  [d:/CodeProject/Verilog_Project/COCP/Verilog/build/bupt_riscv_vivado_acceptance_final/bupt_riscv.gen/sources_1/ip/bupt_riscv_mig/bupt_riscv_mig/user_design/rtl/phy/mig_7series_v4_2_ddr_phy_init.v:2783]
WARNING: [Synth 8-6014] Unused sequential element complex_row0_rd_done_r1_reg was removed.  [d:/CodeProject/Verilog_Project/COCP/Verilog/build/bupt_riscv_vivado_acceptance_final/bupt_riscv.gen/sources_1/ip/bupt_riscv_mig/bupt_riscv_mig/user_design/rtl/phy/mig_7series_v4_2_ddr_phy_init.v:3339]
WARNING: [Synth 8-6014] Unused sequential element rdlvl_wr_r_reg was removed.  [d:/CodeProject/Verilog_Project/COCP/Verilog/build/bupt_riscv_vivado_acceptance_final/bupt_riscv.gen/sources_1/ip/bupt_riscv_mig/bupt_riscv_mig/user_design/rtl/phy/mig_7series_v4_2_ddr_phy_init.v:3632]
WARNING: [Synth 8-6014] Unused sequential element extend_cal_pat_reg was removed.  [d:/CodeProject/Verilog_Project/COCP/Verilog/build/bupt_riscv_vivado_acceptance_final/bupt_riscv.gen/sources_1/ip/bupt_riscv_mig/bupt_riscv_mig/user_design/rtl/phy/mig_7series_v4_2_ddr_phy_init.v:3638]
WARNING: [Synth 8-6014] Unused sequential element cnt_init_data_r_reg was removed.  [d:/CodeProject/Verilog_Project/COCP/Verilog/build/bupt_riscv_vivado_acceptance_final/bupt_riscv.gen/sources_1/ip/bupt_riscv_mig/bupt_riscv_mig/user_design/rtl/phy/mig_7series_v4_2_ddr_phy_init.v:3714]
WARNING: [Synth 8-6014] Unused sequential element victim_byte_cnt_reg was removed.  [d:/CodeProject/Verilog_Project/COCP/Verilog/build/bupt_riscv_vivado_acceptance_final/bupt_riscv.gen/sources_1/ip/bupt_riscv_mig/bupt_riscv_mig/user_design/rtl/phy/mig_7series_v4_2_ddr_phy_init.v:818]
WARNING: [Synth 8-6014] Unused sequential element calib_cas_slot_reg was removed.  [d:/CodeProject/Verilog_Project/COCP/Verilog/build/bupt_riscv_vivado_acceptance_final/bupt_riscv.gen/sources_1/ip/bupt_riscv_mig/bupt_riscv_mig/user_design/rtl/phy/mig_7series_v4_2_ddr_phy_init.v:4173]
WARNING: [Synth 8-3936] Found unconnected internal register 'rdlvl_start_dly0_r_reg' and it is trimmed from '16' to '15' bits. [d:/CodeProject/Verilog_Project/COCP/Verilog/build/bupt_riscv_vivado_acceptance_final/bupt_riscv.gen/sources_1/ip/bupt_riscv_mig/bupt_riscv_mig/user_design/rtl/phy/mig_7series_v4_2_ddr_phy_init.v:1228]
WARNING: [Synth 8-3936] Found unconnected internal register 'wrcal_start_dly_r_reg' and it is trimmed from '16' to '15' bits. [d:/CodeProject/Verilog_Project/COCP/Verilog/build/bupt_riscv_vivado_acceptance_final/bupt_riscv.gen/sources_1/ip/bupt_riscv_mig/bupt_riscv_mig/user_design/rtl/phy/mig_7series_v4_2_ddr_phy_init.v:1230]
WARNING: [Synth 8-3936] Found unconnected internal register 'oclkdelay_start_dly_r_reg' and it is trimmed from '16' to '15' bits. [d:/CodeProject/Verilog_Project/COCP/Verilog/build/bupt_riscv_vivado_acceptance_final/bupt_riscv.gen/sources_1/ip/bupt_riscv_mig/bupt_riscv_mig/user_design/rtl/phy/mig_7series_v4_2_ddr_phy_init.v:1232]
WARNING: [Synth 8-6014] Unused sequential element gen_single_slot_odt.tmp_mr2_r_reg[1] was removed.  [d:/CodeProject/Verilog_Project/COCP/Verilog/build/bupt_riscv_vivado_acceptance_final/bupt_riscv.gen/sources_1/ip/bupt_riscv_mig/bupt_riscv_mig/user_design/rtl/phy/mig_7series_v4_2_ddr_phy_init.v:4265]
WARNING: [Synth 8-6014] Unused sequential element gen_single_slot_odt.tmp_mr2_r_reg[2] was removed.  [d:/CodeProject/Verilog_Project/COCP/Verilog/build/bupt_riscv_vivado_acceptance_final/bupt_riscv.gen/sources_1/ip/bupt_riscv_mig/bupt_riscv_mig/user_design/rtl/phy/mig_7series_v4_2_ddr_phy_init.v:4265]
WARNING: [Synth 8-6014] Unused sequential element gen_single_slot_odt.tmp_mr2_r_reg[3] was removed.  [d:/CodeProject/Verilog_Project/COCP/Verilog/build/bupt_riscv_vivado_acceptance_final/bupt_riscv.gen/sources_1/ip/bupt_riscv_mig/bupt_riscv_mig/user_design/rtl/phy/mig_7series_v4_2_ddr_phy_init.v:4265]
WARNING: [Synth 8-6014] Unused sequential element gen_single_slot_odt.tmp_mr1_r_reg[1] was removed.  [d:/CodeProject/Verilog_Project/COCP/Verilog/build/bupt_riscv_vivado_acceptance_final/bupt_riscv.gen/sources_1/ip/bupt_riscv_mig/bupt_riscv_mig/user_design/rtl/phy/mig_7series_v4_2_ddr_phy_init.v:4268]
WARNING: [Synth 8-6014] Unused sequential element gen_single_slot_odt.tmp_mr1_r_reg[2] was removed.  [d:/CodeProject/Verilog_Project/COCP/Verilog/build/bupt_riscv_vivado_acceptance_final/bupt_riscv.gen/sources_1/ip/bupt_riscv_mig/bupt_riscv_mig/user_design/rtl/phy/mig_7series_v4_2_ddr_phy_init.v:4268]
WARNING: [Synth 8-6014] Unused sequential element gen_single_slot_odt.tmp_mr1_r_reg[3] was removed.  [d:/CodeProject/Verilog_Project/COCP/Verilog/build/bupt_riscv_vivado_acceptance_final/bupt_riscv.gen/sources_1/ip/bupt_riscv_mig/bupt_riscv_mig/user_design/rtl/phy/mig_7series_v4_2_ddr_phy_init.v:4268]
WARNING: [Synth 8-6014] Unused sequential element prech_done_r1_reg was removed.  [d:/CodeProject/Verilog_Project/COCP/Verilog/build/bupt_riscv_vivado_acceptance_final/bupt_riscv.gen/sources_1/ip/bupt_riscv_mig/bupt_riscv_mig/user_design/rtl/phy/mig_7series_v4_2_ddr_phy_init.v:1303]
WARNING: [Synth 8-6014] Unused sequential element calib_cmd_wren_reg was removed.  [d:/CodeProject/Verilog_Project/COCP/Verilog/build/bupt_riscv_vivado_acceptance_final/bupt_riscv.gen/sources_1/ip/bupt_riscv_mig/bupt_riscv_mig/user_design/rtl/phy/mig_7series_v4_2_ddr_phy_init.v:4229]
WARNING: [Synth 8-3848] Net calib_aux_out in module/entity mig_7series_v4_2_ddr_phy_init does not have driver. [d:/CodeProject/Verilog_Project/COCP/Verilog/build/bupt_riscv_vivado_acceptance_final/bupt_riscv.gen/sources_1/ip/bupt_riscv_mig/bupt_riscv_mig/user_design/rtl/phy/mig_7series_v4_2_ddr_phy_init.v:276]
WARNING: [Synth 8-6014] Unused sequential element rd_active_r4_reg was removed.  [d:/CodeProject/Verilog_Project/COCP/Verilog/build/bupt_riscv_vivado_acceptance_final/bupt_riscv.gen/sources_1/ip/bupt_riscv_mig/bupt_riscv_mig/user_design/rtl/phy/mig_7series_v4_2_ddr_phy_wrcal.v:534]
WARNING: [Synth 8-6014] Unused sequential element rd_active_r5_reg was removed.  [d:/CodeProject/Verilog_Project/COCP/Verilog/build/bupt_riscv_vivado_acceptance_final/bupt_riscv.gen/sources_1/ip/bupt_riscv_mig/bupt_riscv_mig/user_design/rtl/phy/mig_7series_v4_2_ddr_phy_wrcal.v:535]
WARNING: [Synth 8-6014] Unused sequential element pat1_detect_reg was removed.  [d:/CodeProject/Verilog_Project/COCP/Verilog/build/bupt_riscv_vivado_acceptance_final/bupt_riscv.gen/sources_1/ip/bupt_riscv_mig/bupt_riscv_mig/user_design/rtl/phy/mig_7series_v4_2_ddr_phy_wrcal.v:1124]
WARNING: [Synth 8-6014] Unused sequential element early1_detect_reg was removed.  [d:/CodeProject/Verilog_Project/COCP/Verilog/build/bupt_riscv_vivado_acceptance_final/bupt_riscv.gen/sources_1/ip/bupt_riscv_mig/bupt_riscv_mig/user_design/rtl/phy/mig_7series_v4_2_ddr_phy_wrcal.v:1125]
WARNING: [Synth 8-6014] Unused sequential element rd_mux_sel_r_reg was removed.  [d:/CodeProject/Verilog_Project/COCP/Verilog/build/bupt_riscv_vivado_acceptance_final/bupt_riscv.gen/sources_1/ip/bupt_riscv_mig/bupt_riscv_mig/user_design/rtl/phy/mig_7series_v4_2_ddr_phy_wrcal.v:438]
WARNING: [Synth 8-3848] Net i in module/entity mig_7series_v4_2_ddr_phy_wrcal does not have driver. [d:/CodeProject/Verilog_Project/COCP/Verilog/build/bupt_riscv_vivado_acceptance_final/bupt_riscv.gen/sources_1/ip/bupt_riscv_mig/bupt_riscv_mig/user_design/rtl/phy/mig_7series_v4_2_ddr_phy_wrcal.v:155]
WARNING: [Synth 8-6014] Unused sequential element calib_complete_r_reg was removed.  [d:/CodeProject/Verilog_Project/COCP/Verilog/build/bupt_riscv_vivado_acceptance_final/bupt_riscv.gen/sources_1/ip/bupt_riscv_mig/bupt_riscv_mig/user_design/rtl/phy/mig_7series_v4_2_ddr_phy_tempmon.v:182]
WARNING: [Synth 8-6014] Unused sequential element sample_en_cnt_reg was removed.  [d:/CodeProject/Verilog_Project/COCP/Verilog/build/bupt_riscv_vivado_acceptance_final/bupt_riscv.gen/sources_1/ip/bupt_riscv_mig/bupt_riscv_mig/user_design/rtl/phy/mig_7series_v4_2_ddr_phy_tempmon.v:188]
WARNING: [Synth 8-6014] Unused sequential element device_temp_capture_102_reg was removed.  [d:/CodeProject/Verilog_Project/COCP/Verilog/build/bupt_riscv_vivado_acceptance_final/bupt_riscv.gen/sources_1/ip/bupt_riscv_mig/bupt_riscv_mig/user_design/rtl/phy/mig_7series_v4_2_ddr_phy_tempmon.v:290]
WARNING: [Synth 8-6014] Unused sequential element gen_byte_sel_div2.ctl_lane_sel_reg was removed.  [d:/CodeProject/Verilog_Project/COCP/Verilog/build/bupt_riscv_vivado_acceptance_final/bupt_riscv.gen/sources_1/ip/bupt_riscv_mig/bupt_riscv_mig/user_design/rtl/phy/mig_7series_v4_2_ddr_calib_top.v:963]
WARNING: [Synth 8-6014] Unused sequential element tempmon_sel_pi_incdec_r_reg was removed.  [d:/CodeProject/Verilog_Project/COCP/Verilog/build/bupt_riscv_vivado_acceptance_final/bupt_riscv.gen/sources_1/ip/bupt_riscv_mig/bupt_riscv_mig/user_design/rtl/phy/mig_7series_v4_2_ddr_calib_top.v:883]
WARNING: [Synth 8-6014] Unused sequential element ck_addr_cmd_delay_done_r1_reg was removed.  [d:/CodeProject/Verilog_Project/COCP/Verilog/build/bupt_riscv_vivado_acceptance_final/bupt_riscv.gen/sources_1/ip/bupt_riscv_mig/bupt_riscv_mig/user_design/rtl/phy/mig_7series_v4_2_ddr_calib_top.v:898]
WARNING: [Synth 8-6014] Unused sequential element ck_addr_cmd_delay_done_r2_reg was removed.  [d:/CodeProject/Verilog_Project/COCP/Verilog/build/bupt_riscv_vivado_acceptance_final/bupt_riscv.gen/sources_1/ip/bupt_riscv_mig/bupt_riscv_mig/user_design/rtl/phy/mig_7series_v4_2_ddr_calib_top.v:899]
WARNING: [Synth 8-6014] Unused sequential element ck_addr_cmd_delay_done_r3_reg was removed.  [d:/CodeProject/Verilog_Project/COCP/Verilog/build/bupt_riscv_vivado_acceptance_final/bupt_riscv.gen/sources_1/ip/bupt_riscv_mig/bupt_riscv_mig/user_design/rtl/phy/mig_7series_v4_2_ddr_calib_top.v:900]
WARNING: [Synth 8-6014] Unused sequential element ck_addr_cmd_delay_done_r4_reg was removed.  [d:/CodeProject/Verilog_Project/COCP/Verilog/build/bupt_riscv_vivado_acceptance_final/bupt_riscv.gen/sources_1/ip/bupt_riscv_mig/bupt_riscv_mig/user_design/rtl/phy/mig_7series_v4_2_ddr_calib_top.v:901]
WARNING: [Synth 8-6014] Unused sequential element ck_addr_cmd_delay_done_r5_reg was removed.  [d:/CodeProject/Verilog_Project/COCP/Verilog/build/bupt_riscv_vivado_acceptance_final/bupt_riscv.gen/sources_1/ip/bupt_riscv_mig/bupt_riscv_mig/user_design/rtl/phy/mig_7series_v4_2_ddr_calib_top.v:902]
WARNING: [Synth 8-6014] Unused sequential element ck_addr_cmd_delay_done_r6_reg was removed.  [d:/CodeProject/Verilog_Project/COCP/Verilog/build/bupt_riscv_vivado_acceptance_final/bupt_riscv.gen/sources_1/ip/bupt_riscv_mig/bupt_riscv_mig/user_design/rtl/phy/mig_7series_v4_2_ddr_calib_top.v:903]
WARNING: [Synth 8-6014] Unused sequential element skip_calib_tap_off.skip_cal_tempmon_samp_en_reg was removed.  [d:/CodeProject/Verilog_Project/COCP/Verilog/build/bupt_riscv_vivado_acceptance_final/bupt_riscv.gen/sources_1/ip/bupt_riscv_mig/bupt_riscv_mig/user_design/rtl/phy/mig_7series_v4_2_ddr_calib_top.v:2262]
WARNING: [Synth 8-6014] Unused sequential element wrlvl_final_mux_reg was removed.  [d:/CodeProject/Verilog_Project/COCP/Verilog/build/bupt_riscv_vivado_acceptance_final/bupt_riscv.gen/sources_1/ip/bupt_riscv_mig/bupt_riscv_mig/user_design/rtl/phy/mig_7series_v4_2_ddr_calib_top.v:834]
WARNING: [Synth 8-3848] Net dbg_skip_cal in module/entity mig_7series_v4_2_ddr_calib_top does not have driver. [d:/CodeProject/Verilog_Project/COCP/Verilog/build/bupt_riscv_vivado_acceptance_final/bupt_riscv.gen/sources_1/ip/bupt_riscv_mig/bupt_riscv_mig/user_design/rtl/phy/mig_7series_v4_2_ddr_calib_top.v:673]
WARNING: [Synth 8-3848] Net coarse_dec_err in module/entity mig_7series_v4_2_ddr_calib_top does not have driver. [d:/CodeProject/Verilog_Project/COCP/Verilog/build/bupt_riscv_vivado_acceptance_final/bupt_riscv.gen/sources_1/ip/bupt_riscv_mig/bupt_riscv_mig/user_design/rtl/phy/mig_7series_v4_2_ddr_calib_top.v:662]
WARNING: [Synth 8-3848] Net dbg_poc in module/entity mig_7series_v4_2_ddr_calib_top does not have driver. [d:/CodeProject/Verilog_Project/COCP/Verilog/build/bupt_riscv_vivado_acceptance_final/bupt_riscv.gen/sources_1/ip/bupt_riscv_mig/bupt_riscv_mig/user_design/rtl/phy/mig_7series_v4_2_ddr_calib_top.v:335]
WARNING: [Synth 8-3848] Net fine_delay_incdec_pb in module/entity mig_7series_v4_2_ddr_calib_top does not have driver. [d:/CodeProject/Verilog_Project/COCP/Verilog/build/bupt_riscv_vivado_acceptance_final/bupt_riscv.gen/sources_1/ip/bupt_riscv_mig/bupt_riscv_mig/user_design/rtl/phy/mig_7series_v4_2_ddr_calib_top.v:341]
WARNING: [Synth 8-3848] Net fine_delay_sel in module/entity mig_7series_v4_2_ddr_calib_top does not have driver. [d:/CodeProject/Verilog_Project/COCP/Verilog/build/bupt_riscv_vivado_acceptance_final/bupt_riscv.gen/sources_1/ip/bupt_riscv_mig/bupt_riscv_mig/user_design/rtl/phy/mig_7series_v4_2_ddr_calib_top.v:342]
WARNING: [Synth 8-3848] Net lim_done in module/entity mig_7series_v4_2_ddr_calib_top does not have driver. [d:/CodeProject/Verilog_Project/COCP/Verilog/build/bupt_riscv_vivado_acceptance_final/bupt_riscv.gen/sources_1/ip/bupt_riscv_mig/bupt_riscv_mig/user_design/rtl/phy/mig_7series_v4_2_ddr_calib_top.v:620]
WARNING: [Synth 8-3848] Net lim2init_write_request in module/entity mig_7series_v4_2_ddr_calib_top does not have driver. [d:/CodeProject/Verilog_Project/COCP/Verilog/build/bupt_riscv_vivado_acceptance_final/bupt_riscv.gen/sources_1/ip/bupt_riscv_mig/bupt_riscv_mig/user_design/rtl/phy/mig_7series_v4_2_ddr_calib_top.v:619]
WARNING: [Synth 8-3848] Net complex_ocal_num_samples_done_r in module/entity mig_7series_v4_2_ddr_calib_top does not have driver. [d:/CodeProject/Verilog_Project/COCP/Verilog/build/bupt_riscv_vivado_acceptance_final/bupt_riscv.gen/sources_1/ip/bupt_riscv_mig/bupt_riscv_mig/user_design/rtl/phy/mig_7series_v4_2_ddr_calib_top.v:533]
WARNING: [Synth 8-3848] Net complex_ocal_rd_victim_sel in module/entity mig_7series_v4_2_ddr_calib_top does not have driver. [d:/CodeProject/Verilog_Project/COCP/Verilog/build/bupt_riscv_vivado_acceptance_final/bupt_riscv.gen/sources_1/ip/bupt_riscv_mig/bupt_riscv_mig/user_design/rtl/phy/mig_7series_v4_2_ddr_calib_top.v:534]
WARNING: [Synth 8-3848] Net done_dqs_tap_inc in module/entity mig_7series_v4_2_ddr_calib_top does not have driver. [d:/CodeProject/Verilog_Project/COCP/Verilog/build/bupt_riscv_vivado_acceptance_final/bupt_riscv.gen/sources_1/ip/bupt_riscv_mig/bupt_riscv_mig/user_design/rtl/phy/mig_7series_v4_2_ddr_calib_top.v:587]
WARNING: [Synth 8-3848] Net complex_victim_inc in module/entity mig_7series_v4_2_ddr_calib_top does not have driver. [d:/CodeProject/Verilog_Project/COCP/Verilog/build/bupt_riscv_vivado_acceptance_final/bupt_riscv.gen/sources_1/ip/bupt_riscv_mig/bupt_riscv_mig/user_design/rtl/phy/mig_7series_v4_2_ddr_calib_top.v:592]
WARNING: [Synth 8-3848] Net rd_victim_sel in module/entity mig_7series_v4_2_ddr_calib_top does not have driver. [d:/CodeProject/Verilog_Project/COCP/Verilog/build/bupt_riscv_vivado_acceptance_final/bupt_riscv.gen/sources_1/ip/bupt_riscv_mig/bupt_riscv_mig/user_design/rtl/phy/mig_7series_v4_2_ddr_calib_top.v:588]
WARNING: [Synth 8-3848] Net oclkdelay_center_calib_start in module/entity mig_7series_v4_2_ddr_calib_top does not have driver. [d:/CodeProject/Verilog_Project/COCP/Verilog/build/bupt_riscv_vivado_acceptance_final/bupt_riscv.gen/sources_1/ip/bupt_riscv_mig/bupt_riscv_mig/user_design/rtl/phy/mig_7series_v4_2_ddr_calib_top.v:597]
WARNING: [Synth 8-3848] Net oclk_center_write_resume in module/entity mig_7series_v4_2_ddr_calib_top does not have driver. [d:/CodeProject/Verilog_Project/COCP/Verilog/build/bupt_riscv_vivado_acceptance_final/bupt_riscv.gen/sources_1/ip/bupt_riscv_mig/bupt_riscv_mig/user_design/rtl/phy/mig_7series_v4_2_ddr_calib_top.v:615]
WARNING: [Synth 8-3848] Net oclkdelay_center_calib_done in module/entity mig_7series_v4_2_ddr_calib_top does not have driver. [d:/CodeProject/Verilog_Project/COCP/Verilog/build/bupt_riscv_vivado_acceptance_final/bupt_riscv.gen/sources_1/ip/bupt_riscv_mig/bupt_riscv_mig/user_design/rtl/phy/mig_7series_v4_2_ddr_calib_top.v:616]
WARNING: [Synth 8-6014] Unused sequential element app_wdf_rdy_r_copy4_reg was removed.  [d:/CodeProject/Verilog_Project/COCP/Verilog/build/bupt_riscv_vivado_acceptance_final/bupt_riscv.gen/sources_1/ip/bupt_riscv_mig/bupt_riscv_mig/user_design/rtl/ui/mig_7series_v4_2_ui_wr_data.v:268]
WARNING: [Synth 8-6014] Unused sequential element queue_id_reg was removed.  [d:/CodeProject/Verilog_Project/COCP/Verilog/build/bupt_riscv_vivado_acceptance_final/bupt_riscv.gen/sources_1/ip/bupt_riscv_mig/bupt_riscv_mig/user_design/rtl/axi/mig_7series_v4_2_ddr_a_upsizer.v:840]
WARNING: [Synth 8-6014] Unused sequential element M_AXI_WUSER_II_reg was removed.  [d:/CodeProject/Verilog_Project/COCP/Verilog/build/bupt_riscv_vivado_acceptance_final/bupt_riscv.gen/sources_1/ip/bupt_riscv_mig/bupt_riscv_mig/user_design/rtl/axi/mig_7series_v4_2_ddr_w_upsizer.v:1056]
WARNING: [Synth 8-6014] Unused sequential element queue_id_reg was removed.  [d:/CodeProject/Verilog_Project/COCP/Verilog/build/bupt_riscv_vivado_acceptance_final/bupt_riscv.gen/sources_1/ip/bupt_riscv_mig/bupt_riscv_mig/user_design/rtl/axi/mig_7series_v4_2_ddr_a_upsizer.v:840]
WARNING: [Synth 8-6014] Unused sequential element ruser_wrap_buffer_reg was removed.  [d:/CodeProject/Verilog_Project/COCP/Verilog/build/bupt_riscv_vivado_acceptance_final/bupt_riscv.gen/sources_1/ip/bupt_riscv_mig/bupt_riscv_mig/user_design/rtl/axi/mig_7series_v4_2_ddr_r_upsizer.v:814]
WARNING: [Synth 8-6014] Unused sequential element int_next_pending_r_reg was removed.  [d:/CodeProject/Verilog_Project/COCP/Verilog/build/bupt_riscv_vivado_acceptance_final/bupt_riscv.gen/sources_1/ip/bupt_riscv_mig/bupt_riscv_mig/user_design/rtl/axi/mig_7series_v4_2_axi_mc_incr_cmd.v:191]
WARNING: [Synth 8-6014] Unused sequential element sel_first_r_reg was removed.  [d:/CodeProject/Verilog_Project/COCP/Verilog/build/bupt_riscv_vivado_acceptance_final/bupt_riscv.gen/sources_1/ip/bupt_riscv_mig/bupt_riscv_mig/user_design/rtl/axi/mig_7series_v4_2_axi_mc_incr_cmd.v:220]
WARNING: [Synth 8-6014] Unused sequential element int_next_pending_r_reg was removed.  [d:/CodeProject/Verilog_Project/COCP/Verilog/build/bupt_riscv_vivado_acceptance_final/bupt_riscv.gen/sources_1/ip/bupt_riscv_mig/bupt_riscv_mig/user_design/rtl/axi/mig_7series_v4_2_axi_mc_wrap_cmd.v:221]
WARNING: [Synth 8-6014] Unused sequential element sel_first_r_reg was removed.  [d:/CodeProject/Verilog_Project/COCP/Verilog/build/bupt_riscv_vivado_acceptance_final/bupt_riscv.gen/sources_1/ip/bupt_riscv_mig/bupt_riscv_mig/user_design/rtl/axi/mig_7series_v4_2_axi_mc_wrap_cmd.v:239]
WARNING: [Synth 8-3848] Net cmd_wr_bytes in module/entity mig_7series_v4_2_axi_mc_w_channel does not have driver. [d:/CodeProject/Verilog_Project/COCP/Verilog/build/bupt_riscv_vivado_acceptance_final/bupt_riscv.gen/sources_1/ip/bupt_riscv_mig/bupt_riscv_mig/user_design/rtl/axi/mig_7series_v4_2_axi_mc_w_channel.v:96]
WARNING: [Synth 8-6014] Unused sequential element int_next_pending_r_reg was removed.  [d:/CodeProject/Verilog_Project/COCP/Verilog/build/bupt_riscv_vivado_acceptance_final/bupt_riscv.gen/sources_1/ip/bupt_riscv_mig/bupt_riscv_mig/user_design/rtl/axi/mig_7series_v4_2_axi_mc_incr_cmd.v:191]
WARNING: [Synth 8-6014] Unused sequential element sel_first_r_reg was removed.  [d:/CodeProject/Verilog_Project/COCP/Verilog/build/bupt_riscv_vivado_acceptance_final/bupt_riscv.gen/sources_1/ip/bupt_riscv_mig/bupt_riscv_mig/user_design/rtl/axi/mig_7series_v4_2_axi_mc_incr_cmd.v:220]
WARNING: [Synth 8-6014] Unused sequential element int_next_pending_r_reg was removed.  [d:/CodeProject/Verilog_Project/COCP/Verilog/build/bupt_riscv_vivado_acceptance_final/bupt_riscv.gen/sources_1/ip/bupt_riscv_mig/bupt_riscv_mig/user_design/rtl/axi/mig_7series_v4_2_axi_mc_wrap_cmd.v:221]
WARNING: [Synth 8-6014] Unused sequential element sel_first_r_reg was removed.  [d:/CodeProject/Verilog_Project/COCP/Verilog/build/bupt_riscv_vivado_acceptance_final/bupt_riscv.gen/sources_1/ip/bupt_riscv_mig/bupt_riscv_mig/user_design/rtl/axi/mig_7series_v4_2_axi_mc_wrap_cmd.v:239]
WARNING: [Synth 8-6014] Unused sequential element rd_last_r_reg was removed.  [d:/CodeProject/Verilog_Project/COCP/Verilog/build/bupt_riscv_vivado_acceptance_final/bupt_riscv.gen/sources_1/ip/bupt_riscv_mig/bupt_riscv_mig/user_design/rtl/axi/mig_7series_v4_2_axi_mc_r_channel.v:216]
WARNING: [Synth 8-3848] Net error in module/entity mig_7series_v4_2_memc_ui_top_axi does not have driver. [d:/CodeProject/Verilog_Project/COCP/Verilog/build/bupt_riscv_vivado_acceptance_final/bupt_riscv.gen/sources_1/ip/bupt_riscv_mig/bupt_riscv_mig/user_design/rtl/ip_top/mig_7series_v4_2_memc_ui_top_axi.v:555]
WARNING: [Synth 8-3848] Net app_correct_en_i in module/entity mig_7series_v4_2_memc_ui_top_axi does not have driver. [d:/CodeProject/Verilog_Project/COCP/Verilog/build/bupt_riscv_vivado_acceptance_final/bupt_riscv.gen/sources_1/ip/bupt_riscv_mig/bupt_riscv_mig/user_design/rtl/ip_top/mig_7series_v4_2_memc_ui_top_axi.v:500]
WARNING: [Synth 8-3848] Net s_axi_ctrl_awvalid in module/entity bupt_riscv_mig_mig does not have driver. [d:/CodeProject/Verilog_Project/COCP/Verilog/build/bupt_riscv_vivado_acceptance_final/bupt_riscv.gen/sources_1/ip/bupt_riscv_mig/bupt_riscv_mig/user_design/rtl/bupt_riscv_mig_mig.v:730]
WARNING: [Synth 8-3848] Net s_axi_ctrl_awaddr in module/entity bupt_riscv_mig_mig does not have driver. [d:/CodeProject/Verilog_Project/COCP/Verilog/build/bupt_riscv_vivado_acceptance_final/bupt_riscv.gen/sources_1/ip/bupt_riscv_mig/bupt_riscv_mig/user_design/rtl/bupt_riscv_mig_mig.v:732]
WARNING: [Synth 8-3848] Net s_axi_ctrl_wvalid in module/entity bupt_riscv_mig_mig does not have driver. [d:/CodeProject/Verilog_Project/COCP/Verilog/build/bupt_riscv_vivado_acceptance_final/bupt_riscv.gen/sources_1/ip/bupt_riscv_mig/bupt_riscv_mig/user_design/rtl/bupt_riscv_mig_mig.v:734]
WARNING: [Synth 8-3848] Net s_axi_ctrl_wdata in module/entity bupt_riscv_mig_mig does not have driver. [d:/CodeProject/Verilog_Project/COCP/Verilog/build/bupt_riscv_vivado_acceptance_final/bupt_riscv.gen/sources_1/ip/bupt_riscv_mig/bupt_riscv_mig/user_design/rtl/bupt_riscv_mig_mig.v:736]
WARNING: [Synth 8-3848] Net s_axi_ctrl_bready in module/entity bupt_riscv_mig_mig does not have driver. [d:/CodeProject/Verilog_Project/COCP/Verilog/build/bupt_riscv_vivado_acceptance_final/bupt_riscv.gen/sources_1/ip/bupt_riscv_mig/bupt_riscv_mig/user_design/rtl/bupt_riscv_mig_mig.v:739]
WARNING: [Synth 8-3848] Net s_axi_ctrl_arvalid in module/entity bupt_riscv_mig_mig does not have driver. [d:/CodeProject/Verilog_Project/COCP/Verilog/build/bupt_riscv_vivado_acceptance_final/bupt_riscv.gen/sources_1/ip/bupt_riscv_mig/bupt_riscv_mig/user_design/rtl/bupt_riscv_mig_mig.v:742]
WARNING: [Synth 8-3848] Net s_axi_ctrl_araddr in module/entity bupt_riscv_mig_mig does not have driver. [d:/CodeProject/Verilog_Project/COCP/Verilog/build/bupt_riscv_vivado_acceptance_final/bupt_riscv.gen/sources_1/ip/bupt_riscv_mig/bupt_riscv_mig/user_design/rtl/bupt_riscv_mig_mig.v:744]
WARNING: [Synth 8-3848] Net s_axi_ctrl_rready in module/entity bupt_riscv_mig_mig does not have driver. [d:/CodeProject/Verilog_Project/COCP/Verilog/build/bupt_riscv_vivado_acceptance_final/bupt_riscv.gen/sources_1/ip/bupt_riscv_mig/bupt_riscv_mig/user_design/rtl/bupt_riscv_mig_mig.v:747]
WARNING: [Synth 8-3848] Net clk_ref_p in module/entity bupt_riscv_mig_mig does not have driver. [d:/CodeProject/Verilog_Project/COCP/Verilog/build/bupt_riscv_vivado_acceptance_final/bupt_riscv.gen/sources_1/ip/bupt_riscv_mig/bupt_riscv_mig/user_design/rtl/bupt_riscv_mig_mig.v:757]
WARNING: [Synth 8-3848] Net clk_ref_n in module/entity bupt_riscv_mig_mig does not have driver. [d:/CodeProject/Verilog_Project/COCP/Verilog/build/bupt_riscv_vivado_acceptance_final/bupt_riscv.gen/sources_1/ip/bupt_riscv_mig/bupt_riscv_mig/user_design/rtl/bupt_riscv_mig_mig.v:758]
WARNING: [Synth 8-3848] Net device_temp_i in module/entity bupt_riscv_mig_mig does not have driver. [d:/CodeProject/Verilog_Project/COCP/Verilog/build/bupt_riscv_vivado_acceptance_final/bupt_riscv.gen/sources_1/ip/bupt_riscv_mig/bupt_riscv_mig/user_design/rtl/bupt_riscv_mig_mig.v:761]
WARNING: [Synth 8-7129] Port mc_app_rd_last in module mig_7series_v4_2_axi_mc_r_channel is either unconnected or has no load
WARNING: [Synth 8-7129] Port axlen[7] in module mig_7series_v4_2_axi_mc_wrap_cmd__parameterized0 is either unconnected or has no load
WARNING: [Synth 8-7129] Port axlen[6] in module mig_7series_v4_2_axi_mc_wrap_cmd__parameterized0 is either unconnected or has no load
WARNING: [Synth 8-7129] Port axlen[5] in module mig_7series_v4_2_axi_mc_wrap_cmd__parameterized0 is either unconnected or has no load
WARNING: [Synth 8-7129] Port axlen[4] in module mig_7series_v4_2_axi_mc_wrap_cmd__parameterized0 is either unconnected or has no load
WARNING: [Synth 8-7129] Port axsize[2] in module mig_7series_v4_2_axi_mc_wrap_cmd__parameterized0 is either unconnected or has no load
WARNING: [Synth 8-7129] Port axsize[1] in module mig_7series_v4_2_axi_mc_wrap_cmd__parameterized0 is either unconnected or has no load
WARNING: [Synth 8-7129] Port axsize[0] in module mig_7series_v4_2_axi_mc_wrap_cmd__parameterized0 is either unconnected or has no load
WARNING: [Synth 8-7129] Port axsize[2] in module mig_7series_v4_2_axi_mc_incr_cmd__parameterized0 is either unconnected or has no load
WARNING: [Synth 8-7129] Port axsize[1] in module mig_7series_v4_2_axi_mc_incr_cmd__parameterized0 is either unconnected or has no load
WARNING: [Synth 8-7129] Port axsize[0] in module mig_7series_v4_2_axi_mc_incr_cmd__parameterized0 is either unconnected or has no load
WARNING: [Synth 8-7129] Port axburst[0] in module mig_7series_v4_2_axi_mc_cmd_translator__parameterized0 is either unconnected or has no load
WARNING: [Synth 8-7129] Port arlock[1] in module mig_7series_v4_2_axi_mc_ar_channel is either unconnected or has no load
WARNING: [Synth 8-7129] Port arlock[0] in module mig_7series_v4_2_axi_mc_ar_channel is either unconnected or has no load
WARNING: [Synth 8-7129] Port arcache[3] in module mig_7series_v4_2_axi_mc_ar_channel is either unconnected or has no load
WARNING: [Synth 8-7129] Port arcache[2] in module mig_7series_v4_2_axi_mc_ar_channel is either unconnected or has no load
WARNING: [Synth 8-7129] Port arcache[1] in module mig_7series_v4_2_axi_mc_ar_channel is either unconnected or has no load
WARNING: [Synth 8-7129] Port arcache[0] in module mig_7series_v4_2_axi_mc_ar_channel is either unconnected or has no load
WARNING: [Synth 8-7129] Port arprot[2] in module mig_7series_v4_2_axi_mc_ar_channel is either unconnected or has no load
WARNING: [Synth 8-7129] Port arprot[1] in module mig_7series_v4_2_axi_mc_ar_channel is either unconnected or has no load
WARNING: [Synth 8-7129] Port arprot[0] in module mig_7series_v4_2_axi_mc_ar_channel is either unconnected or has no load
WARNING: [Synth 8-7129] Port b_resp_rdy in module mig_7series_v4_2_axi_mc_b_channel is either unconnected or has no load
WARNING: [Synth 8-7129] Port cmd_wr_bytes in module mig_7series_v4_2_axi_mc_w_channel is either unconnected or has no load
WARNING: [Synth 8-7129] Port awvalid in module mig_7series_v4_2_axi_mc_w_channel is either unconnected or has no load
WARNING: [Synth 8-7129] Port w_ignore_begin in module mig_7series_v4_2_axi_mc_w_channel is either unconnected or has no load
WARNING: [Synth 8-7129] Port w_ignore_end in module mig_7series_v4_2_axi_mc_w_channel is either unconnected or has no load
WARNING: [Synth 8-7129] Port axlen[7] in module mig_7series_v4_2_axi_mc_wrap_cmd is either unconnected or has no load
WARNING: [Synth 8-7129] Port axlen[6] in module mig_7series_v4_2_axi_mc_wrap_cmd is either unconnected or has no load
WARNING: [Synth 8-7129] Port axlen[5] in module mig_7series_v4_2_axi_mc_wrap_cmd is either unconnected or has no load
WARNING: [Synth 8-7129] Port axlen[4] in module mig_7series_v4_2_axi_mc_wrap_cmd is either unconnected or has no load
WARNING: [Synth 8-7129] Port axsize[2] in module mig_7series_v4_2_axi_mc_wrap_cmd is either unconnected or has no load
WARNING: [Synth 8-7129] Port axsize[1] in module mig_7series_v4_2_axi_mc_wrap_cmd is either unconnected or has no load
WARNING: [Synth 8-7129] Port axsize[0] in module mig_7series_v4_2_axi_mc_wrap_cmd is either unconnected or has no load
WARNING: [Synth 8-7129] Port axsize[2] in module mig_7series_v4_2_axi_mc_incr_cmd is either unconnected or has no load
WARNING: [Synth 8-7129] Port axsize[1] in module mig_7series_v4_2_axi_mc_incr_cmd is either unconnected or has no load
WARNING: [Synth 8-7129] Port axsize[0] in module mig_7series_v4_2_axi_mc_incr_cmd is either unconnected or has no load
WARNING: [Synth 8-7129] Port axburst[0] in module mig_7series_v4_2_axi_mc_cmd_translator is either unconnected or has no load
WARNING: [Synth 8-7129] Port awlock[1] in module mig_7series_v4_2_axi_mc_aw_channel is either unconnected or has no load
WARNING: [Synth 8-7129] Port awlock[0] in module mig_7series_v4_2_axi_mc_aw_channel is either unconnected or has no load
WARNING: [Synth 8-7129] Port awcache[3] in module mig_7series_v4_2_axi_mc_aw_channel is either unconnected or has no load
WARNING: [Synth 8-7129] Port awcache[2] in module mig_7series_v4_2_axi_mc_aw_channel is either unconnected or has no load
WARNING: [Synth 8-7129] Port awcache[1] in module mig_7series_v4_2_axi_mc_aw_channel is either unconnected or has no load
WARNING: [Synth 8-7129] Port awcache[0] in module mig_7series_v4_2_axi_mc_aw_channel is either unconnected or has no load
WARNING: [Synth 8-7129] Port awprot[2] in module mig_7series_v4_2_axi_mc_aw_channel is either unconnected or has no load
WARNING: [Synth 8-7129] Port awprot[1] in module mig_7series_v4_2_axi_mc_aw_channel is either unconnected or has no load
WARNING: [Synth 8-7129] Port awprot[0] in module mig_7series_v4_2_axi_mc_aw_channel is either unconnected or has no load
WARNING: [Synth 8-7129] Port cmd_wr_bytes in module mig_7series_v4_2_axi_mc_aw_channel is either unconnected or has no load
WARNING: [Synth 8-7129] Port ACLK in module mig_7series_v4_2_ddr_axic_register_slice__parameterized11 is either unconnected or has no load
WARNING: [Synth 8-7129] Port ARESET in module mig_7series_v4_2_ddr_axic_register_slice__parameterized11 is either unconnected or has no load
WARNING: [Synth 8-7129] Port ACLK in module mig_7series_v4_2_ddr_axic_register_slice__parameterized6 is either unconnected or has no load
WARNING: [Synth 8-7129] Port ARESET in module mig_7series_v4_2_ddr_axic_register_slice__parameterized6 is either unconnected or has no load
WARNING: [Synth 8-7129] Port ACLK in module mig_7series_v4_2_ddr_axic_register_slice__parameterized8 is either unconnected or has no load
WARNING: [Synth 8-7129] Port ARESET in module mig_7series_v4_2_ddr_axic_register_slice__parameterized8 is either unconnected or has no load
WARNING: [Synth 8-7129] Port ACLK in module mig_7series_v4_2_ddr_axic_register_slice__parameterized10 is either unconnected or has no load
WARNING: [Synth 8-7129] Port ARESET in module mig_7series_v4_2_ddr_axic_register_slice__parameterized10 is either unconnected or has no load
WARNING: [Synth 8-7129] Port S_AXI_AWUSER[0] in module mig_7series_v4_2_ddr_axi_register_slice__parameterized2 is either unconnected or has no load
WARNING: [Synth 8-7129] Port S_AXI_WUSER[0] in module mig_7series_v4_2_ddr_axi_register_slice__parameterized2 is either unconnected or has no load
WARNING: [Synth 8-7129] Port S_AXI_ARUSER[0] in module mig_7series_v4_2_ddr_axi_register_slice__parameterized2 is either unconnected or has no load
WARNING: [Synth 8-7129] Port M_AXI_BUSER[0] in module mig_7series_v4_2_ddr_axi_register_slice__parameterized2 is either unconnected or has no load
WARNING: [Synth 8-7129] Port M_AXI_RUSER[0] in module mig_7series_v4_2_ddr_axi_register_slice__parameterized2 is either unconnected or has no load
WARNING: [Synth 8-7129] Port ACLK in module mig_7series_v4_2_ddr_axic_register_slice__parameterized9 is either unconnected or has no load
WARNING: [Synth 8-7129] Port ARESET in module mig_7series_v4_2_ddr_axic_register_slice__parameterized9 is either unconnected or has no load
WARNING: [Synth 8-7129] Port ACLK in module mig_7series_v4_2_ddr_axic_register_slice__parameterized7 is either unconnected or has no load
WARNING: [Synth 8-7129] Port ARESET in module mig_7series_v4_2_ddr_axic_register_slice__parameterized7 is either unconnected or has no load
WARNING: [Synth 8-7129] Port S_AXI_AWUSER[0] in module mig_7series_v4_2_ddr_axi_register_slice__parameterized1 is either unconnected or has no load
WARNING: [Synth 8-7129] Port S_AXI_WUSER[0] in module mig_7series_v4_2_ddr_axi_register_slice__parameterized1 is either unconnected or has no load
WARNING: [Synth 8-7129] Port S_AXI_ARUSER[0] in module mig_7series_v4_2_ddr_axi_register_slice__parameterized1 is either unconnected or has no load
WARNING: [Synth 8-7129] Port M_AXI_BUSER[0] in module mig_7series_v4_2_ddr_axi_register_slice__parameterized1 is either unconnected or has no load
WARNING: [Synth 8-7129] Port M_AXI_RUSER[0] in module mig_7series_v4_2_ddr_axi_register_slice__parameterized1 is either unconnected or has no load
WARNING: [Synth 8-7129] Port ACLK in module mig_7series_v4_2_ddr_axic_register_slice__parameterized3 is either unconnected or has no load
WARNING: [Synth 8-7129] Port ARESET in module mig_7series_v4_2_ddr_axic_register_slice__parameterized3 is either unconnected or has no load
WARNING: [Synth 8-7129] Port ACLK in module mig_7series_v4_2_ddr_axic_register_slice__parameterized1 is either unconnected or has no load
WARNING: [Synth 8-7129] Port ARESET in module mig_7series_v4_2_ddr_axic_register_slice__parameterized1 is either unconnected or has no load
WARNING: [Synth 8-7129] Port ACLK in module mig_7series_v4_2_ddr_axic_register_slice__parameterized4 is either unconnected or has no load
WARNING: [Synth 8-7129] Port ARESET in module mig_7series_v4_2_ddr_axic_register_slice__parameterized4 is either unconnected or has no load
WARNING: [Synth 8-7129] Port S_AXI_AWUSER[0] in module mig_7series_v4_2_ddr_axi_register_slice__parameterized0 is either unconnected or has no load
WARNING: [Synth 8-7129] Port S_AXI_WUSER[0] in module mig_7series_v4_2_ddr_axi_register_slice__parameterized0 is either unconnected or has no load
WARNING: [Synth 8-7129] Port S_AXI_ARUSER[0] in module mig_7series_v4_2_ddr_axi_register_slice__parameterized0 is either unconnected or has no load
WARNING: [Synth 8-7129] Port M_AXI_BUSER[0] in module mig_7series_v4_2_ddr_axi_register_slice__parameterized0 is either unconnected or has no load
WARNING: [Synth 8-7129] Port M_AXI_RUSER[0] in module mig_7series_v4_2_ddr_axi_register_slice__parameterized0 is either unconnected or has no load
WARNING: [Synth 8-7129] Port ACLK in module mig_7series_v4_2_ddr_axic_register_slice__parameterized2 is either unconnected or has no load
WARNING: [Synth 8-7129] Port ARESET in module mig_7series_v4_2_ddr_axic_register_slice__parameterized2 is either unconnected or has no load
WARNING: [Synth 8-7129] Port ACLK in module mig_7series_v4_2_ddr_axic_register_slice__parameterized0 is either unconnected or has no load
WARNING: [Synth 8-7129] Port ARESET in module mig_7series_v4_2_ddr_axic_register_slice__parameterized0 is either unconnected or has no load
WARNING: [Synth 8-7129] Port S_AXI_AWUSER[0] in module mig_7series_v4_2_ddr_axi_register_slice is either unconnected or has no load
WARNING: [Synth 8-7129] Port S_AXI_WUSER[0] in module mig_7series_v4_2_ddr_axi_register_slice is either unconnected or has no load
WARNING: [Synth 8-7129] Port S_AXI_ARUSER[0] in module mig_7series_v4_2_ddr_axi_register_slice is either unconnected or has no load
WARNING: [Synth 8-7129] Port M_AXI_BUSER[0] in module mig_7series_v4_2_ddr_axi_register_slice is either unconnected or has no load
WARNING: [Synth 8-7129] Port M_AXI_RUSER[0] in module mig_7series_v4_2_ddr_axi_register_slice is either unconnected or has no load
WARNING: [Synth 8-7129] Port cmd_modified in module mig_7series_v4_2_ddr_r_upsizer is either unconnected or has no load
WARNING: [Synth 8-7129] Port M_AXI_RUSER[0] in module mig_7series_v4_2_ddr_r_upsizer is either unconnected or has no load
WARNING: [Synth 8-7129] Port S_AXI_AUSER[0] in module mig_7series_v4_2_ddr_a_upsizer__parameterized0 is either unconnected or has no load
WARNING: [Synth 8-7129] Port S_AXI_WUSER[0] in module mig_7series_v4_2_ddr_w_upsizer is either unconnected or has no load
WARNING: [Synth 8-7129] Port S_AXI_AUSER[0] in module mig_7series_v4_2_ddr_a_upsizer is either unconnected or has no load
WARNING: [Synth 8-7129] Port ecc_multiple[7] in module mig_7series_v4_2_ui_rd_data is either unconnected or has no load
WARNING: [Synth 8-7129] Port ecc_multiple[6] in module mig_7series_v4_2_ui_rd_data is either unconnected or has no load
WARNING: [Synth 8-7129] Port ecc_multiple[5] in module mig_7series_v4_2_ui_rd_data is either unconnected or has no load
WARNING: [Synth 8-7129] Port ecc_multiple[4] in module mig_7series_v4_2_ui_rd_data is either unconnected or has no load
WARNING: [Synth 8-7129] Port ecc_multiple[3] in module mig_7series_v4_2_ui_rd_data is either unconnected or has no load
WARNING: [Synth 8-7129] Port ecc_multiple[2] in module mig_7series_v4_2_ui_rd_data is either unconnected or has no load
INFO: [Common 17-14] Message 'Synth 8-7129' appears 100 times and further instances of the messages will be disabled. Use the Tcl command set_msg_config to change the current settings.
---------------------------------------------------------------------------------
Finished RTL Elaboration : Time (s): cpu = 00:00:10 ; elapsed = 00:00:10 . Memory (MB): peak = 1691.520 ; gain = 765.949
---------------------------------------------------------------------------------
---------------------------------------------------------------------------------
Start Handling Custom Attributes
---------------------------------------------------------------------------------
---------------------------------------------------------------------------------
Finished Handling Custom Attributes : Time (s): cpu = 00:00:10 ; elapsed = 00:00:11 . Memory (MB): peak = 1691.520 ; gain = 765.949
---------------------------------------------------------------------------------
---------------------------------------------------------------------------------
Finished RTL Optimization Phase 1 : Time (s): cpu = 00:00:10 ; elapsed = 00:00:11 . Memory (MB): peak = 1691.520 ; gain = 765.949
---------------------------------------------------------------------------------
Netlist sorting complete. Time (s): cpu = 00:00:00 ; elapsed = 00:00:00.210 . Memory (MB): peak = 1693.012 ; gain = 0.000
INFO: [Netlist 29-17] Analyzing 345 Unisim elements for replacement
INFO: [Netlist 29-28] Unisim Transformation completed in 0 CPU seconds
INFO: [Project 1-570] Preparing netlist for logic optimization

Processing XDC Constraints
Initializing timing engine
Parsing XDC File [d:/CodeProject/Verilog_Project/COCP/Verilog/build/bupt_riscv_vivado_acceptance_final/bupt_riscv.gen/sources_1/ip/bupt_riscv_mig/bupt_riscv_mig/user_design/constraints/bupt_riscv_mig_ooc.xdc]
Finished Parsing XDC File [d:/CodeProject/Verilog_Project/COCP/Verilog/build/bupt_riscv_vivado_acceptance_final/bupt_riscv.gen/sources_1/ip/bupt_riscv_mig/bupt_riscv_mig/user_design/constraints/bupt_riscv_mig_ooc.xdc]
Parsing XDC File [d:/CodeProject/Verilog_Project/COCP/Verilog/build/bupt_riscv_vivado_acceptance_final/bupt_riscv.gen/sources_1/ip/bupt_riscv_mig/bupt_riscv_mig/user_design/constraints/bupt_riscv_mig.xdc]
WARNING: [Designutils 20-1567] Use of 'set_multicycle_path' with '-hold' is not supported by synthesis. The constraint will not be passed to synthesis. [d:/CodeProject/Verilog_Project/COCP/Verilog/build/bupt_riscv_vivado_acceptance_final/bupt_riscv.gen/sources_1/ip/bupt_riscv_mig/bupt_riscv_mig/user_design/constraints/bupt_riscv_mig.xdc:334]
WARNING: [Designutils 20-1567] Use of 'set_multicycle_path' with '-hold' is not supported by synthesis. The constraint will not be passed to synthesis. [d:/CodeProject/Verilog_Project/COCP/Verilog/build/bupt_riscv_vivado_acceptance_final/bupt_riscv.gen/sources_1/ip/bupt_riscv_mig/bupt_riscv_mig/user_design/constraints/bupt_riscv_mig.xdc:341]
Finished Parsing XDC File [d:/CodeProject/Verilog_Project/COCP/Verilog/build/bupt_riscv_vivado_acceptance_final/bupt_riscv.gen/sources_1/ip/bupt_riscv_mig/bupt_riscv_mig/user_design/constraints/bupt_riscv_mig.xdc]
INFO: [Project 1-236] Implementation specific constraints were found while reading constraint file [d:/CodeProject/Verilog_Project/COCP/Verilog/build/bupt_riscv_vivado_acceptance_final/bupt_riscv.gen/sources_1/ip/bupt_riscv_mig/bupt_riscv_mig/user_design/constraints/bupt_riscv_mig.xdc]. These constraints will be ignored for synthesis but will be used in implementation. Impacted constraints are listed in the file [.Xil/bupt_riscv_mig_propImpl.xdc].
Resolution: To avoid this warning, move constraints listed in [.Xil/bupt_riscv_mig_propImpl.xdc] to another XDC file and exclude this new file from synthesis with the used_in_synthesis property (File Properties dialog in GUI) and re-run elaboration/synthesis.
INFO: [Timing 38-2] Deriving generated clocks
Completed Processing XDC Constraints

Netlist sorting complete. Time (s): cpu = 00:00:00 ; elapsed = 00:00:00.004 . Memory (MB): peak = 1801.676 ; gain = 0.000
INFO: [Project 1-111] Unisim Transformation Summary:
  A total of 93 instances were transformed.
  IOBUFDS_INTERMDISABLE => IOBUFDS_INTERMDISABLE (IBUFDS_INTERMDISABLE_INT(x2), INV, OBUFTDS(x2)): 2 instances
  IOBUF_INTERMDISABLE => IOBUF_INTERMDISABLE (IBUF_INTERMDISABLE, OBUFT): 16 instances
  LUT6_2 => LUT6_2 (LUT5, LUT6): 24 instances
  RAM32M => RAM32M (RAMD32(x6), RAMS32(x2)): 51 instances

The system cannot find the path specified.
Constraint Validation Runtime : Time (s): cpu = 00:00:00 ; elapsed = 00:00:00.146 . Memory (MB): peak = 1801.676 ; gain = 0.000
INFO: [Designutils 20-5008] Incremental synthesis strategy off
---------------------------------------------------------------------------------
Finished Constraint Validation : Time (s): cpu = 00:00:19 ; elapsed = 00:00:20 . Memory (MB): peak = 1801.676 ; gain = 876.105
---------------------------------------------------------------------------------
---------------------------------------------------------------------------------
Start Loading Part and Timing Information
---------------------------------------------------------------------------------
Loading part: xc7a100tcsg324-1
---------------------------------------------------------------------------------
Finished Loading Part and Timing Information : Time (s): cpu = 00:00:19 ; elapsed = 00:00:20 . Memory (MB): peak = 1801.676 ; gain = 876.105
---------------------------------------------------------------------------------
---------------------------------------------------------------------------------
Start Applying 'set_property' XDC Constraints
---------------------------------------------------------------------------------
Applied set_property IO_BUFFER_TYPE = NONE for ddr2_ck_n[0]. (constraint file  d:/CodeProject/Verilog_Project/COCP/Verilog/build/bupt_riscv_vivado_acceptance_final/bupt_riscv.gen/sources_1/ip/bupt_riscv_mig/bupt_riscv_mig/user_design/constraints/bupt_riscv_mig.xdc, line 27).
Applied set_property IO_BUFFER_TYPE = NONE for ddr2_ck_p[0]. (constraint file  d:/CodeProject/Verilog_Project/COCP/Verilog/build/bupt_riscv_vivado_acceptance_final/bupt_riscv.gen/sources_1/ip/bupt_riscv_mig/bupt_riscv_mig/user_design/constraints/bupt_riscv_mig.xdc, line 28).
---------------------------------------------------------------------------------
Finished applying 'set_property' XDC Constraints : Time (s): cpu = 00:00:19 ; elapsed = 00:00:20 . Memory (MB): peak = 1801.676 ; gain = 876.105
---------------------------------------------------------------------------------
INFO: [Synth 8-802] inferred FSM for state register 'xadc_supplied_temperature.tempmon_state_reg' in module 'mig_7series_v4_2_tempmon'
INFO: [Synth 8-802] inferred FSM for state register 'fine_adj_state_r_reg' in module 'mig_7series_v4_2_ddr_phy_dqs_found_cal_hr'
INFO: [Synth 8-802] inferred FSM for state register 'cal1_state_r_reg' in module 'mig_7series_v4_2_ddr_phy_rdlvl'
INFO: [Synth 8-802] inferred FSM for state register 'tempmon_state_reg' in module 'mig_7series_v4_2_ddr_phy_tempmon'
INFO: [Synth 8-802] inferred FSM for state register 'state_reg' in module 'mig_7series_v4_2_axi_mc_r_channel'
---------------------------------------------------------------------------------------------------
                   State |                     New Encoding |                Previous Encoding 
---------------------------------------------------------------------------------------------------
               INIT_IDLE |                             0001 |                              000
       REQUEST_READ_TEMP |                             1000 |                              001
           WAIT_FOR_READ |                             0100 |                              010
                    READ |                             0010 |                              011
---------------------------------------------------------------------------------------------------
INFO: [Synth 8-3354] encoded FSM with state register 'xadc_supplied_temperature.tempmon_state_reg' using encoding 'one-hot' in module 'mig_7series_v4_2_tempmon'
---------------------------------------------------------------------------------------------------
                   State |                     New Encoding |                Previous Encoding 
---------------------------------------------------------------------------------------------------
           FINE_ADJ_IDLE |                             0000 |                             0000
                RST_WAIT |                             0001 |                             0011
           FINE_ADJ_DONE |                             0010 |                             1111
            RST_POSTWAIT |                             0011 |                             0001
           RST_POSTWAIT1 |                             0100 |                             0010
           FINE_ADJ_INIT |                             0101 |                             0100
                FINE_INC |                             0110 |                             0101
           FINE_INC_WAIT |                             0111 |                             0110
        FINE_INC_PREWAIT |                             1000 |                             0111
          DETECT_PREWAIT |                             1001 |                             1000
         DETECT_DQSFOUND |                             1010 |                             1001
                FINE_DEC |                             1011 |                             1011
           FINE_DEC_WAIT |                             1100 |                             1100
        FINE_DEC_PREWAIT |                             1101 |                             1101
              FINAL_WAIT |                             1110 |                             1110
              PRECH_WAIT |                             1111 |                             1010
---------------------------------------------------------------------------------------------------
INFO: [Synth 8-3354] encoded FSM with state register 'fine_adj_state_r_reg' using encoding 'sequential' in module 'mig_7series_v4_2_ddr_phy_dqs_found_cal_hr'
---------------------------------------------------------------------------------------------------
                   State |                     New Encoding |                Previous Encoding 
---------------------------------------------------------------------------------------------------
               CAL1_IDLE | 00000000000000000000000000010000000 |                           000000
   CAL1_MPR_NEW_DQS_WAIT | 00000000000000000000000001000000000 |                           011101
     CAL1_MPR_PAT_DETECT | 00000000000000000000000010000000000 |                           011111
         CAL1_VALID_WAIT | 10000000000000000000000000000000000 |                           011110
       CAL1_NEW_DQS_WAIT | 00000000000000000000010000000000000 |                           000001
   CAL1_STORE_FIRST_WAIT | 00000000000000000010000000000000000 |                           000010
         CAL1_PAT_DETECT | 00000000000000100000000000000000000 |                           000011
    CAL1_DQ_IDEL_TAP_INC | 00000000000000000000000000000000100 |                           000100
CAL1_DQ_IDEL_TAP_INC_WAIT | 00000000000000000000000000000001000 |                           000101
        CAL1_DETECT_EDGE | 00000000000001000000000000000000000 |                           001000
          CAL1_CALC_IDEL | 00000100000000000000000000000000000 |                           001011
        CAL1_CENTER_WAIT | 00000000000000000000000000000000001 |                           100010
       CAL1_IDEL_DEC_CPT | 00000000000000000000000000000000010 |                           001100
    CAL1_DQ_IDEL_TAP_DEC | 00000000000000000001000000000000000 |                           000110
CAL1_DQ_IDEL_TAP_DEC_WAIT | 00100000000000000000000000000000000 |                           000111
           CAL1_NEXT_DQS | 00000000000000000000000000000010000 |                           001110
          CAL1_REGL_LOAD | 00000000000000000000000000001000000 |                           011011
               CAL1_DONE | 00000000000000000000000000000100000 |                           001111
    CAL1_NEW_DQS_PREWAIT | 00000000000000000000000000100000000 |                           100000
  CAL1_IDEL_DEC_CPT_WAIT | 00000000000000000000100000000000000 |                           001101
 CAL1_RD_STOP_FOR_PI_INC | 00000000000000000000000100000000000 |                           100001
       CAL1_IDEL_INC_CPT | 00000000000000000000001000000000000 |                           001001
  CAL1_IDEL_INC_CPT_WAIT | 00010000000000000000000000000000000 |                           001010
          CAL1_RDLVL_ERR | 00000000000010000000000000000000000 |                           011100
---------------------------------------------------------------------------------------------------
INFO: [Synth 8-3354] encoded FSM with state register 'cal1_state_r_reg' using encoding 'one-hot' in module 'mig_7series_v4_2_ddr_phy_rdlvl'
---------------------------------------------------------------------------------------------------
                   State |                     New Encoding |                Previous Encoding 
---------------------------------------------------------------------------------------------------
*
                    IDLE |                      00000000001 |                      00000000001
                    INIT |                      00000000010 |                      00000000010
                 NEUTRAL |                      00001000000 |                      00001000000
                 ONE_DEC |                      00010000000 |                      00010000000
                 TWO_DEC |                      00100000000 |                      00100000000
               THREE_DEC |                      01000000000 |                      01000000000
                FOUR_DEC |                      10000000000 |                      10000000000
                 ONE_INC |                      00000100000 |                      00000100000
                 TWO_INC |                      00000010000 |                      00000010000
               THREE_INC |                      00000001000 |                      00000001000
                FOUR_INC |                      00000000100 |                      00000000100
---------------------------------------------------------------------------------------------------
INFO: [Synth 8-3898] No Re-encoding of one hot register 'tempmon_state_reg' in module 'mig_7series_v4_2_ddr_phy_tempmon'
---------------------------------------------------------------------------------------------------
                   State |                     New Encoding |                Previous Encoding 
---------------------------------------------------------------------------------------------------
                    ZERO |                               11 |                               10
                     ONE |                               01 |                               11
                     TWO |                               00 |                               01
                  iSTATE |                               10 |                               00
---------------------------------------------------------------------------------------------------
INFO: [Synth 8-3354] encoded FSM with state register 'state_reg' using encoding 'sequential' in module 'mig_7series_v4_2_axi_mc_r_channel'
---------------------------------------------------------------------------------
Finished RTL Optimization Phase 2 : Time (s): cpu = 00:00:24 ; elapsed = 00:00:27 . Memory (MB): peak = 1801.676 ; gain = 876.105
---------------------------------------------------------------------------------
---------------------------------------------------------------------------------
Start RTL Component Statistics 
---------------------------------------------------------------------------------
Detailed RTL Component Info : 
+---Adders : 
	   3 Input   32 Bit       Adders := 1     
	   2 Input   27 Bit       Adders := 2     
	   2 Input   13 Bit       Adders := 1     
	   2 Input   12 Bit       Adders := 15    
	   2 Input   11 Bit       Adders := 1     
	   2 Input   10 Bit       Adders := 7     
	   2 Input    9 Bit       Adders := 2     
	   2 Input    8 Bit       Adders := 8     
	   2 Input    7 Bit       Adders := 2     
	   2 Input    6 Bit       Adders := 23    
	   3 Input    6 Bit       Adders := 3     
	   2 Input    5 Bit       Adders := 37    
	   2 Input    4 Bit       Adders := 31    
	   2 Input    3 Bit       Adders := 15    
	   3 Input    3 Bit       Adders := 1     
	   2 Input    2 Bit       Adders := 46    
	   3 Input    2 Bit       Adders := 3     
	   4 Input    2 Bit       Adders := 5     
	   5 Input    2 Bit       Adders := 1     
	   8 Input    2 Bit       Adders := 1     
	   2 Input    1 Bit       Adders := 6     
	   3 Input    1 Bit       Adders := 1     
	   4 Input    1 Bit       Adders := 1     
	   5 Input    1 Bit       Adders := 1     
	   6 Input    1 Bit       Adders := 1     
	   7 Input    1 Bit       Adders := 1     
	   8 Input    1 Bit       Adders := 1     
	   9 Input    1 Bit       Adders := 1     
+---XORs : 
	   2 Input      1 Bit         XORs := 19    
+---Registers : 
	              144 Bit    Registers := 1     
	              132 Bit    Registers := 2     
	              128 Bit    Registers := 6     
	               88 Bit    Registers := 1     
	               80 Bit    Registers := 3     
	               58 Bit    Registers := 2     
	               52 Bit    Registers := 1     
	               32 Bit    Registers := 3     
	               30 Bit    Registers := 1     
	               27 Bit    Registers := 8     
	               16 Bit    Registers := 13    
	               15 Bit    Registers := 4     
	               13 Bit    Registers := 7     
	               12 Bit    Registers := 32    
	               11 Bit    Registers := 1     
	               10 Bit    Registers := 5     
	                9 Bit    Registers := 10    
	                8 Bit    Registers := 17    
	                7 Bit    Registers := 3     
	                6 Bit    Registers := 47    
	                5 Bit    Registers := 45    
	                4 Bit    Registers := 87    
	                3 Bit    Registers := 39    
	                2 Bit    Registers := 68    
	                1 Bit    Registers := 1553  
+---Muxes : 
	   2 Input  132 Bit        Muxes := 1     
	   2 Input  128 Bit        Muxes := 10    
	   4 Input  128 Bit        Muxes := 1     
	   2 Input  127 Bit        Muxes := 1     
	   2 Input   80 Bit        Muxes := 6     
	   2 Input   64 Bit        Muxes := 3     
	   2 Input   52 Bit        Muxes := 1     
	   2 Input   36 Bit        Muxes := 2     
	  24 Input   35 Bit        Muxes := 1     
	   2 Input   35 Bit        Muxes := 20    
	   2 Input   32 Bit        Muxes := 1     
	   2 Input   30 Bit        Muxes := 12    
	   4 Input   30 Bit        Muxes := 4     
	   2 Input   27 Bit        Muxes := 17    
	   2 Input   20 Bit        Muxes := 8     
	   2 Input   16 Bit        Muxes := 8     
	   3 Input   16 Bit        Muxes := 1     
	   3 Input   13 Bit        Muxes := 1     
	   2 Input   13 Bit        Muxes := 7     
	   8 Input   13 Bit        Muxes := 1     
	   2 Input   12 Bit        Muxes := 7     
	   4 Input   12 Bit        Muxes := 1     
	  12 Input   11 Bit        Muxes := 1     
	   2 Input   11 Bit        Muxes := 1     
	   2 Input   10 Bit        Muxes := 8     
	   4 Input    9 Bit        Muxes := 6     
	   2 Input    9 Bit        Muxes := 16    
	   2 Input    8 Bit        Muxes := 97    
	   5 Input    8 Bit        Muxes := 1     
	   8 Input    8 Bit        Muxes := 3     
	   3 Input    7 Bit        Muxes := 3     
	   2 Input    7 Bit        Muxes := 5     
	   4 Input    7 Bit        Muxes := 2     
	   2 Input    6 Bit        Muxes := 69    
	   4 Input    6 Bit        Muxes := 7     
	   5 Input    6 Bit        Muxes := 3     
	  16 Input    6 Bit        Muxes := 1     
	  24 Input    6 Bit        Muxes := 5     
	   3 Input    6 Bit        Muxes := 7     
	   2 Input    5 Bit        Muxes := 44    
	   8 Input    5 Bit        Muxes := 2     
	  24 Input    5 Bit        Muxes := 1     
	   4 Input    5 Bit        Muxes := 1     
	   3 Input    5 Bit        Muxes := 6     
	   6 Input    5 Bit        Muxes := 1     
	   5 Input    5 Bit        Muxes := 2     
	   2 Input    4 Bit        Muxes := 75    
	  32 Input    4 Bit        Muxes := 1     
	   3 Input    4 Bit        Muxes := 2     
	   7 Input    4 Bit        Muxes := 1     
	  10 Input    4 Bit        Muxes := 1     
	   8 Input    4 Bit        Muxes := 4     
	   2 Input    3 Bit        Muxes := 57    
	   3 Input    3 Bit        Muxes := 1     
	   4 Input    3 Bit        Muxes := 3     
	   2 Input    2 Bit        Muxes := 82    
	   4 Input    2 Bit        Muxes := 9     
	   8 Input    2 Bit        Muxes := 5     
	   3 Input    2 Bit        Muxes := 5     
	  24 Input    2 Bit        Muxes := 2     
	   6 Input    2 Bit        Muxes := 1     
	  10 Input    2 Bit        Muxes := 1     
	   2 Input    1 Bit        Muxes := 515   
	   3 Input    1 Bit        Muxes := 17    
	   8 Input    1 Bit        Muxes := 4     
	   4 Input    1 Bit        Muxes := 209   
	   5 Input    1 Bit        Muxes := 1     
	  16 Input    1 Bit        Muxes := 21    
	  24 Input    1 Bit        Muxes := 30    
	  10 Input    1 Bit        Muxes := 17    
	  12 Input    1 Bit        Muxes := 4     
---------------------------------------------------------------------------------
Finished RTL Component Statistics 
---------------------------------------------------------------------------------
---------------------------------------------------------------------------------
Start Part Resource Summary
---------------------------------------------------------------------------------
Part Resources:
DSPs: 240 (col length:80)
BRAMs: 270 (col length: RAMB18 80 RAMB36 40)
---------------------------------------------------------------------------------
Finished Part Resource Summary
---------------------------------------------------------------------------------
---------------------------------------------------------------------------------
Start Cross Boundary and Area Optimization
---------------------------------------------------------------------------------
WARNING: [Synth 8-7080] Parallel synthesis criteria is not met
WARNING: [Synth 8-3936] Found unconnected internal register 'byte_sel_data_map_reg' and it is trimmed from '88' to '4' bits. [d:/CodeProject/Verilog_Project/COCP/Verilog/build/bupt_riscv_vivado_acceptance_final/bupt_riscv.gen/sources_1/ip/bupt_riscv_mig/bupt_riscv_mig/user_design/rtl/phy/mig_7series_v4_2_ddr_mc_phy_wrapper.v:731]
WARNING: [Synth 8-3936] Found unconnected internal register 'oclkdelay_start_dly_r_reg' and it is trimmed from '15' to '14' bits. [d:/CodeProject/Verilog_Project/COCP/Verilog/build/bupt_riscv_vivado_acceptance_final/bupt_riscv.gen/sources_1/ip/bupt_riscv_mig/bupt_riscv_mig/user_design/rtl/phy/mig_7series_v4_2_ddr_phy_init.v:1232]
WARNING: [Synth 8-3936] Found unconnected internal register 'wrcal_start_dly_r_reg' and it is trimmed from '15' to '14' bits. [d:/CodeProject/Verilog_Project/COCP/Verilog/build/bupt_riscv_vivado_acceptance_final/bupt_riscv.gen/sources_1/ip/bupt_riscv_mig/bupt_riscv_mig/user_design/rtl/phy/mig_7series_v4_2_ddr_phy_init.v:1230]
WARNING: [Synth 8-3332] Sequential element (FSM_onehot_cal1_state_r_reg[33]) is unused and will be removed from module mig_7series_v4_2_ddr_phy_rdlvl.
WARNING: [Synth 8-3332] Sequential element (USE_UPSIZER.upsizer_d2/USE_WRITE.write_addr_inst/USE_BURSTS.cmd_queue/USE_FF_OUT.USE_FPGA_OUTPUT_PIPELINE.DATA_GEN[16].FDRE_inst) is unused and will be removed from module mig_7series_v4_2_axi_mc.
WARNING: [Synth 8-3332] Sequential element (USE_UPSIZER.upsizer_d2/USE_WRITE.write_addr_inst/USE_BURSTS.cmd_queue/USE_FF_OUT.USE_FPGA_OUTPUT_PIPELINE.DATA_GEN[17].FDRE_inst) is unused and will be removed from module mig_7series_v4_2_axi_mc.
WARNING: [Synth 8-3332] Sequential element (USE_UPSIZER.upsizer_d2/USE_WRITE.write_addr_inst/USE_BURSTS.cmd_queue/USE_FF_OUT.USE_FPGA_OUTPUT_PIPELINE.DATA_GEN[18].FDRE_inst) is unused and will be removed from module mig_7series_v4_2_axi_mc.
WARNING: [Synth 8-3332] Sequential element (USE_UPSIZER.upsizer_d2/USE_READ.read_addr_inst/USE_BURSTS.cmd_queue/USE_FF_OUT.USE_FPGA_OUTPUT_PIPELINE.DATA_GEN[16].FDRE_inst) is unused and will be removed from module mig_7series_v4_2_axi_mc.
WARNING: [Synth 8-3332] Sequential element (USE_UPSIZER.upsizer_d2/USE_READ.read_addr_inst/USE_BURSTS.cmd_queue/USE_FF_OUT.USE_FPGA_OUTPUT_PIPELINE.DATA_GEN[17].FDRE_inst) is unused and will be removed from module mig_7series_v4_2_axi_mc.
WARNING: [Synth 8-3332] Sequential element (USE_UPSIZER.upsizer_d2/USE_READ.read_addr_inst/USE_BURSTS.cmd_queue/USE_FF_OUT.USE_FPGA_OUTPUT_PIPELINE.DATA_GEN[18].FDRE_inst) is unused and will be removed from module mig_7series_v4_2_axi_mc.
WARNING: [Synth 8-3332] Sequential element (USE_UPSIZER.upsizer_d2/USE_READ.read_addr_inst/USE_BURSTS.cmd_queue/USE_FF_OUT.USE_FPGA_OUTPUT_PIPELINE.DATA_GEN[34].FDRE_inst) is unused and will be removed from module mig_7series_v4_2_axi_mc.
---------------------------------------------------------------------------------
Finished Cross Boundary and Area Optimization : Time (s): cpu = 00:01:02 ; elapsed = 00:01:09 . Memory (MB): peak = 1902.988 ; gain = 977.418
---------------------------------------------------------------------------------
---------------------------------------------------------------------------------
Start ROM, RAM, DSP, Shift Register and Retiming Reporting
---------------------------------------------------------------------------------

ROM: Preliminary Mapping Report
+------------------------------+------------+---------------+----------------+
|Module Name                   | RTL Object | Depth x Width | Implemented As | 
+------------------------------+------------+---------------+----------------+
|mig_7series_v4_2_ddr_prbs_gen | mem_out    | 256x18        | LUT            | 
|mig_7series_v4_2_ddr_prbs_gen | mem_out    | 256x18        | LUT            | 
+------------------------------+------------+---------------+----------------+


Distributed RAM: Preliminary Mapping Report (see note below)
+---------------+---------------------------------------------------------------------------------------+-----------+----------------------+--------------+
|Module Name    | RTL Object                                                                            | Inference | Size (Depth x Width) | Primitives   | 
+---------------+---------------------------------------------------------------------------------------+-----------+----------------------+--------------+
|bupt_riscv_mig | of_pre_fifo_gen.u_ddr_of_pre_fifo/mem_reg                                             | Implied   | 16 x 80              | RAM32M x 14  | 
|bupt_riscv_mig | ddr_byte_lane_A.ddr_byte_lane_A/dq_gen_40.if_post_fifo_gen.u_ddr_if_post_fifo/mem_reg | Implied   | 4 x 80               | RAM32M x 14  | 
|bupt_riscv_mig | ddr_byte_lane_A.ddr_byte_lane_A/of_pre_fifo_gen.u_ddr_of_pre_fifo/mem_reg             | Implied   | 16 x 80              | RAM32M x 14  | 
|bupt_riscv_mig | ddr_byte_lane_B.ddr_byte_lane_B/of_pre_fifo_gen.u_ddr_of_pre_fifo/mem_reg             | Implied   | 16 x 80              | RAM32M x 14  | 
|bupt_riscv_mig | ddr_byte_lane_C.ddr_byte_lane_C/dq_gen_40.if_post_fifo_gen.u_ddr_if_post_fifo/mem_reg | Implied   | 4 x 80               | RAM32M x 14  | 
|bupt_riscv_mig | ddr_byte_lane_C.ddr_byte_lane_C/of_pre_fifo_gen.u_ddr_of_pre_fifo/mem_reg             | Implied   | 16 x 80              | RAM32M x 14  | 
+---------------+---------------------------------------------------------------------------------------+-----------+----------------------+--------------+

Note: The table above is a preliminary report that shows the Distributed RAMs at the current stage of the synthesis flow. Some Distributed RAMs may be reimplemented as non Distributed RAM primitives later in the synthesis flow. Multiple instantiated RAMs are reported only once.
---------------------------------------------------------------------------------
Finished ROM, RAM, DSP, Shift Register and Retiming Reporting
---------------------------------------------------------------------------------
---------------------------------------------------------------------------------
Start Applying XDC Timing Constraints
---------------------------------------------------------------------------------
WARNING: [Synth 8-3321] set_false_path : Empty through list for constraint at line 347 of d:/CodeProject/Verilog_Project/COCP/Verilog/build/bupt_riscv_vivado_acceptance_final/bupt_riscv.gen/sources_1/ip/bupt_riscv_mig/bupt_riscv_mig/user_design/constraints/bupt_riscv_mig.xdc. [d:/CodeProject/Verilog_Project/COCP/Verilog/build/bupt_riscv_vivado_acceptance_final/bupt_riscv.gen/sources_1/ip/bupt_riscv_mig/bupt_riscv_mig/user_design/constraints/bupt_riscv_mig.xdc:347]
---------------------------------------------------------------------------------
Finished Applying XDC Timing Constraints : Time (s): cpu = 00:01:06 ; elapsed = 00:01:13 . Memory (MB): peak = 1902.988 ; gain = 977.418
---------------------------------------------------------------------------------
---------------------------------------------------------------------------------
Start Timing Optimization
---------------------------------------------------------------------------------
---------------------------------------------------------------------------------
Finished Timing Optimization : Time (s): cpu = 00:01:07 ; elapsed = 00:01:14 . Memory (MB): peak = 1902.988 ; gain = 977.418
---------------------------------------------------------------------------------
---------------------------------------------------------------------------------
Start ROM, RAM, DSP, Shift Register and Retiming Reporting
---------------------------------------------------------------------------------

Distributed RAM: Final Mapping Report
+---------------+---------------------------------------------------------------------------------------+-----------+----------------------+--------------+
|Module Name    | RTL Object                                                                            | Inference | Size (Depth x Width) | Primitives   | 
+---------------+---------------------------------------------------------------------------------------+-----------+----------------------+--------------+
|bupt_riscv_mig | of_pre_fifo_gen.u_ddr_of_pre_fifo/mem_reg                                             | Implied   | 16 x 80              | RAM32M x 14  | 
|bupt_riscv_mig | ddr_byte_lane_A.ddr_byte_lane_A/dq_gen_40.if_post_fifo_gen.u_ddr_if_post_fifo/mem_reg | Implied   | 4 x 80               | RAM32M x 14  | 
|bupt_riscv_mig | ddr_byte_lane_A.ddr_byte_lane_A/of_pre_fifo_gen.u_ddr_of_pre_fifo/mem_reg             | Implied   | 16 x 80              | RAM32M x 14  | 
|bupt_riscv_mig | ddr_byte_lane_B.ddr_byte_lane_B/of_pre_fifo_gen.u_ddr_of_pre_fifo/mem_reg             | Implied   | 16 x 80              | RAM32M x 14  | 
|bupt_riscv_mig | ddr_byte_lane_C.ddr_byte_lane_C/dq_gen_40.if_post_fifo_gen.u_ddr_if_post_fifo/mem_reg | Implied   | 4 x 80               | RAM32M x 14  | 
|bupt_riscv_mig | ddr_byte_lane_C.ddr_byte_lane_C/of_pre_fifo_gen.u_ddr_of_pre_fifo/mem_reg             | Implied   | 16 x 80              | RAM32M x 14  | 
+---------------+---------------------------------------------------------------------------------------+-----------+----------------------+--------------+

---------------------------------------------------------------------------------
Finished ROM, RAM, DSP, Shift Register and Retiming Reporting
---------------------------------------------------------------------------------
---------------------------------------------------------------------------------
Start Technology Mapping
---------------------------------------------------------------------------------
---------------------------------------------------------------------------------
Finished Technology Mapping : Time (s): cpu = 00:01:10 ; elapsed = 00:01:17 . Memory (MB): peak = 1902.988 ; gain = 977.418
---------------------------------------------------------------------------------
---------------------------------------------------------------------------------
Start IO Insertion
---------------------------------------------------------------------------------
---------------------------------------------------------------------------------
Start Flattening Before IO Insertion
---------------------------------------------------------------------------------
---------------------------------------------------------------------------------
Finished Flattening Before IO Insertion
---------------------------------------------------------------------------------
---------------------------------------------------------------------------------
Start Final Netlist Cleanup
---------------------------------------------------------------------------------
---------------------------------------------------------------------------------
Finished Final Netlist Cleanup
---------------------------------------------------------------------------------
---------------------------------------------------------------------------------
Finished IO Insertion : Time (s): cpu = 00:01:13 ; elapsed = 00:01:20 . Memory (MB): peak = 1902.988 ; gain = 977.418
---------------------------------------------------------------------------------
---------------------------------------------------------------------------------
Start Renaming Generated Instances
---------------------------------------------------------------------------------
---------------------------------------------------------------------------------
Finished Renaming Generated Instances : Time (s): cpu = 00:01:13 ; elapsed = 00:01:20 . Memory (MB): peak = 1902.988 ; gain = 977.418
---------------------------------------------------------------------------------
---------------------------------------------------------------------------------
Start Rebuilding User Hierarchy
---------------------------------------------------------------------------------
---------------------------------------------------------------------------------
Finished Rebuilding User Hierarchy : Time (s): cpu = 00:01:14 ; elapsed = 00:01:22 . Memory (MB): peak = 1902.988 ; gain = 977.418
---------------------------------------------------------------------------------
---------------------------------------------------------------------------------
Start Renaming Generated Ports
---------------------------------------------------------------------------------
---------------------------------------------------------------------------------
Finished Renaming Generated Ports : Time (s): cpu = 00:01:14 ; elapsed = 00:01:22 . Memory (MB): peak = 1902.988 ; gain = 977.418
---------------------------------------------------------------------------------
---------------------------------------------------------------------------------
Start Handling Custom Attributes
---------------------------------------------------------------------------------
---------------------------------------------------------------------------------
Finished Handling Custom Attributes : Time (s): cpu = 00:01:14 ; elapsed = 00:01:22 . Memory (MB): peak = 1902.988 ; gain = 977.418
---------------------------------------------------------------------------------
---------------------------------------------------------------------------------
Start Renaming Generated Nets
---------------------------------------------------------------------------------
---------------------------------------------------------------------------------
Finished Renaming Generated Nets : Time (s): cpu = 00:01:14 ; elapsed = 00:01:22 . Memory (MB): peak = 1902.988 ; gain = 977.418
---------------------------------------------------------------------------------
---------------------------------------------------------------------------------
Start ROM, RAM, DSP, Shift Register and Retiming Reporting
---------------------------------------------------------------------------------

Static Shift Register Report:
+---------------+-------------------------------------------------------------------------------------------------------------------------------------------------------------------------------------------------+--------+-------+--------------+--------------------+-------------------+--------+---------+
|Module Name    | RTL Name                                                                                                                                                                                        | Length | Width | Reset Signal | Pull out first Reg | Pull out last Reg | SRL16E | SRLC32E | 
+---------------+-------------------------------------------------------------------------------------------------------------------------------------------------------------------------------------------------+--------+-------+--------------+--------------------+-------------------+--------+---------+
|bupt_riscv_mig | u_bupt_riscv_mig_mig/u_memc_ui_top_axi/mem_intfc0/ddr_phy_top0/u_ddr_mc_phy_wrapper/u_ddr_mc_phy/ddr_phy_4lanes_0.u_ddr_phy_4lanes/rclk_delay_reg[11]                                           | 12     | 1     | NO           | NO                 | YES               | 1      | 0       | 
|bupt_riscv_mig | u_bupt_riscv_mig_mig/u_memc_ui_top_axi/mem_intfc0/ddr_phy_top0/u_ddr_mc_phy_wrapper/u_ddr_mc_phy/ddr_phy_4lanes_0.u_ddr_phy_4lanes/ddr_byte_lane_C.ddr_byte_lane_C/ddr_byte_group_io/rst_r4_reg | 4      | 1     | NO           | NO                 | YES               | 1      | 0       | 
|bupt_riscv_mig | u_bupt_riscv_mig_mig/u_memc_ui_top_axi/mem_intfc0/ddr_phy_top0/u_ddr_calib_top/mb_wrlvl_off.u_phy_wrlvl_off_delay/cmd_delay_start_r6_reg                                                        | 6      | 1     | NO           | NO                 | YES               | 1      | 0       | 
|bupt_riscv_mig | u_bupt_riscv_mig_mig/u_memc_ui_top_axi/mem_intfc0/ddr_phy_top0/u_ddr_calib_top/mb_wrlvl_off.u_phy_wrlvl_off_delay/delay_done_r4_reg                                                             | 4      | 1     | NO           | NO                 | YES               | 1      | 0       | 
|bupt_riscv_mig | u_bupt_riscv_mig_mig/u_memc_ui_top_axi/mem_intfc0/ddr_phy_top0/u_ddr_calib_top/mb_wrlvl_off.u_phy_wrlvl_off_delay/po_delay_done_r4_reg                                                          | 4      | 1     | NO           | NO                 | YES               | 1      | 0       | 
|bupt_riscv_mig | u_bupt_riscv_mig_mig/u_memc_ui_top_axi/mem_intfc0/ddr_phy_top0/u_ddr_calib_top/dqsfind_calib_left.u_ddr_phy_dqs_found_cal_hr/init_dqsfound_done_r5_reg                                          | 3      | 1     | NO           | NO                 | YES               | 1      | 0       | 
|bupt_riscv_mig | u_bupt_riscv_mig_mig/u_memc_ui_top_axi/mem_intfc0/ddr_phy_top0/u_ddr_calib_top/u_ddr_phy_init/prech_done_reg                                                                                    | 17     | 1     | NO           | NO                 | YES               | 1      | 0       | 
|bupt_riscv_mig | u_bupt_riscv_mig_mig/u_memc_ui_top_axi/mem_intfc0/ddr_phy_top0/u_ddr_calib_top/u_ddr_phy_init/wrcal_start_dly_r_reg[5]                                                                          | 6      | 1     | NO           | NO                 | YES               | 1      | 0       | 
|bupt_riscv_mig | u_bupt_riscv_mig_mig/u_memc_ui_top_axi/mem_intfc0/ddr_phy_top0/u_ddr_calib_top/u_ddr_phy_init/rdlvl_start_dly0_r_reg[14]                                                                        | 15     | 1     | NO           | NO                 | YES               | 1      | 0       | 
|bupt_riscv_mig | u_bupt_riscv_mig_mig/u_memc_ui_top_axi/mem_intfc0/ddr_phy_top0/u_ddr_calib_top/u_ddr_phy_wrcal/gen_pat_match_div4.pat_data_match_valid_r_reg                                                    | 3      | 1     | NO           | NO                 | YES               | 1      | 0       | 
|bupt_riscv_mig | u_bupt_riscv_mig_mig/u_memc_ui_top_axi/mem_intfc0/ddr_phy_top0/u_ddr_calib_top/u_ddr_phy_wrcal/gen_pat_match_div4.gen_pat_match[0].pat_match_rise2_r_reg[0]                                     | 3      | 4     | NO           | NO                 | YES               | 4      | 0       | 
|bupt_riscv_mig | u_bupt_riscv_mig_mig/u_memc_ui_top_axi/mem_intfc0/ddr_phy_top0/u_ddr_calib_top/reset_if_r9_reg                                                                                                  | 9      | 1     | NO           | NO                 | YES               | 1      | 0       | 
+---------------+-------------------------------------------------------------------------------------------------------------------------------------------------------------------------------------------------+--------+-------+--------------+--------------------+-------------------+--------+---------+


Dynamic Shift Register Report:
+------------+----------------+--------+------------+--------+---------+--------+--------+--------+
|Module Name | RTL Name       | Length | Data Width | SRL16E | SRLC32E | Mux F7 | Mux F8 | Mux F9 | 
+------------+----------------+--------+------------+--------+---------+--------+--------+--------+
|dsrl        | memory_reg[7]  | 1      | 1          | 1      | 0       | 0      | 0      | 0      | 
|dsrl__1     | memory_reg[31] | 129    | 129        | 0      | 129     | 0      | 0      | 0      | 
|dsrl__2     | memory_reg[29] | 4      | 4          | 0      | 4       | 0      | 0      | 0      | 
+------------+----------------+--------+------------+--------+---------+--------+--------+--------+

---------------------------------------------------------------------------------
Finished ROM, RAM, DSP, Shift Register and Retiming Reporting
---------------------------------------------------------------------------------
---------------------------------------------------------------------------------
Start Writing Synthesis Report
---------------------------------------------------------------------------------

Report BlackBoxes: 
+-+--------------+----------+
| |BlackBox name |Instances |
+-+--------------+----------+
+-+--------------+----------+

Report Cell Usage: 
+------+----------------------+------+
|      |Cell                  |Count |
+------+----------------------+------+
|1     |AND2B1L               |    10|
|2     |BUFG                  |     8|
|3     |BUFH                  |     1|
|4     |BUFIO                 |     1|
|5     |CARRY4                |   115|
|6     |IDELAYCTRL            |     1|
|7     |IDELAYE2              |    16|
|8     |IN_FIFO               |     2|
|9     |ISERDESE2             |    16|
|10    |LUT1                  |   358|
|11    |LUT2                  |   469|
|12    |LUT3                  |   945|
|13    |LUT4                  |  1253|
|14    |LUT5                  |  1466|
|15    |LUT6                  |  1371|
|17    |MMCME2_ADV            |     1|
|18    |MUXCY                 |   131|
|19    |MUXF7                 |    28|
|20    |ODDR                  |     5|
|21    |OR2L                  |     2|
|22    |OSERDESE2             |    42|
|25    |OUT_FIFO              |     4|
|27    |PHASER_IN_PHY         |     2|
|28    |PHASER_OUT_PHY        |     4|
|30    |PHASER_REF            |     1|
|31    |PHY_CONTROL           |     1|
|32    |PLLE2_ADV             |     1|
|33    |RAM32M                |   112|
|34    |RAM32X1D              |     2|
|35    |SRL16E                |    16|
|36    |SRLC32E               |   196|
|37    |XADC                  |     1|
|38    |XORCY                 |    58|
|39    |FDCE                  |     1|
|40    |FDPE                  |    70|
|41    |FDRE                  |  4764|
|42    |FDSE                  |   114|
|43    |IOBUFDS_INTERMDISABLE |     2|
|44    |IOBUF_INTERMDISABLE   |    16|
|45    |OBUF                  |    22|
|46    |OBUFDS                |     1|
|47    |OBUFT                 |     2|
+------+----------------------+------+
---------------------------------------------------------------------------------
Finished Writing Synthesis Report : Time (s): cpu = 00:01:14 ; elapsed = 00:01:22 . Memory (MB): peak = 1902.988 ; gain = 977.418
---------------------------------------------------------------------------------
Synthesis finished with 0 errors, 0 critical warnings and 13 warnings.
Synthesis Optimization Runtime : Time (s): cpu = 00:01:00 ; elapsed = 00:01:18 . Memory (MB): peak = 1902.988 ; gain = 867.262
Synthesis Optimization Complete : Time (s): cpu = 00:01:14 ; elapsed = 00:01:22 . Memory (MB): peak = 1902.988 ; gain = 977.418
INFO: [Project 1-571] Translating synthesized netlist
Netlist sorting complete. Time (s): cpu = 00:00:00 ; elapsed = 00:00:00.155 . Memory (MB): peak = 1902.988 ; gain = 0.000
INFO: [Netlist 29-17] Analyzing 529 Unisim elements for replacement
INFO: [Netlist 29-28] Unisim Transformation completed in 0 CPU seconds
INFO: [Project 1-570] Preparing netlist for logic optimization
INFO: [Opt 31-138] Pushed 2 inverter(s) to 16 load pin(s).
Netlist sorting complete. Time (s): cpu = 00:00:00 ; elapsed = 00:00:00.002 . Memory (MB): peak = 1902.988 ; gain = 0.000
INFO: [Project 1-111] Unisim Transformation Summary:
  A total of 198 instances were transformed.
  (MUXCY,XORCY) => CARRY4: 41 instances
  IOBUFDS_INTERMDISABLE => IOBUFDS_INTERMDISABLE (IBUFDS_INTERMDISABLE_INT(x2), INV, OBUFTDS(x2)): 2 instances
  IOBUF_INTERMDISABLE => IOBUF_INTERMDISABLE (IBUF_INTERMDISABLE, OBUFT): 16 instances
  LUT6_2 => LUT6_2 (LUT5, LUT6): 24 instances
  OBUFDS => OBUFDS_DUAL_BUF (INV, OBUFDS(x2)): 1 instance 
  RAM32M => RAM32M (RAMD32(x6), RAMS32(x2)): 112 instances
  RAM32X1D => RAM32X1D (RAMD32(x2)): 2 instances

The system cannot find the path specified.
Synth Design complete | Checksum: 30931301
INFO: [Common 17-83] Releasing license: Synthesis
247 Infos, 312 Warnings, 0 Critical Warnings and 0 Errors encountered.
synth_design completed successfully
synth_design: Time (s): cpu = 00:01:19 ; elapsed = 00:01:27 . Memory (MB): peak = 1902.988 ; gain = 1377.910
INFO: [Coretcl 2-1174] Renamed 174 cell refs.
Write ShapeDB Complete: Time (s): cpu = 00:00:00 ; elapsed = 00:00:00.013 . Memory (MB): peak = 1902.988 ; gain = 0.000
INFO: [Common 17-1381] The checkpoint 'D:/CodeProject/Verilog_Project/COCP/Verilog/build/bupt_riscv_vivado_acceptance_final/bupt_riscv.runs/bupt_riscv_mig_synth_1/bupt_riscv_mig.dcp' has been generated.
INFO: [runtcl-4] Executing : report_utilization -file bupt_riscv_mig_utilization_synth.rpt -pb bupt_riscv_mig_utilization_synth.pb
INFO: [Common 17-206] Exiting Vivado at Fri Jul 10 22:25:56 2026...
