
*** Running vivado
    with args -log top.vds -m64 -product Vivado -mode batch -messageDb vivado.pb -notrace -source top.tcl


ECHO is off.
ECHO is off.

****** Vivado v2023.2 (64-bit)
  **** SW Build 4029153 on Fri Oct 13 20:14:34 MDT 2023
  **** IP Build 4028589 on Sat Oct 14 00:45:43 MDT 2023
  **** SharedData Build 4025554 on Tue Oct 10 17:18:54 MDT 2023
    ** Copyright 1986-2022 Xilinx, Inc. All Rights Reserved.
    ** Copyright 2022-2023 Advanced Micro Devices, Inc. All Rights Reserved.

source top.tcl -notrace
create_project: Time (s): cpu = 00:00:06 ; elapsed = 00:00:06 . Memory (MB): peak = 487.160 ; gain = 180.953
Command: synth_design -top top -part xc7a100tcsg324-1
Starting synth_design
Attempting to get a license for feature 'Synthesis' and/or device 'xc7a100t'
INFO: [Common 17-349] Got license for feature 'Synthesis' and/or device 'xc7a100t'
INFO: [Device 21-403] Loading part xc7a100tcsg324-1
INFO: [Synth 8-7079] Multithreading enabled for synth_design using a maximum of 2 processes.
INFO: [Synth 8-7078] Launching helper process for spawning children vivado processes
INFO: [Synth 8-7075] Helper process launched with PID 36968
---------------------------------------------------------------------------------
Starting RTL Elaboration : Time (s): cpu = 00:00:04 ; elapsed = 00:00:04 . Memory (MB): peak = 1365.211 ; gain = 438.129
---------------------------------------------------------------------------------
INFO: [Synth 8-6157] synthesizing module 'top' [D:/CodeProject/Verilog_Project/COCP/Verilog/src/bupt_riscv/top.v:3]
INFO: [Synth 8-6157] synthesizing module 'clock_gen' [D:/CodeProject/Verilog_Project/COCP/Verilog/src/bupt_riscv/clock_gen.v:3]
INFO: [Synth 8-6157] synthesizing module 'BUFG' [D:/Xilinx/Vivado/2023.2/scripts/rt/data/unisim_comp.v:1951]
INFO: [Synth 8-6155] done synthesizing module 'BUFG' (0#1) [D:/Xilinx/Vivado/2023.2/scripts/rt/data/unisim_comp.v:1951]
INFO: [Synth 8-6157] synthesizing module 'MMCME2_BASE' [D:/Xilinx/Vivado/2023.2/scripts/rt/data/unisim_comp.v:82294]
	Parameter CLKFBOUT_MULT_F bound to: 10.000000 - type: double 
	Parameter CLKFBOUT_PHASE bound to: 0.000000 - type: double 
	Parameter CLKIN1_PERIOD bound to: 10.000000 - type: double 
	Parameter CLKOUT0_DIVIDE_F bound to: 5.000000 - type: double 
	Parameter CLKOUT0_DUTY_CYCLE bound to: 0.500000 - type: double 
	Parameter CLKOUT0_PHASE bound to: 0.000000 - type: double 
	Parameter CLKOUT1_DIVIDE bound to: 10 - type: integer 
	Parameter CLKOUT1_DUTY_CYCLE bound to: 0.500000 - type: double 
	Parameter CLKOUT1_PHASE bound to: 0.000000 - type: double 
	Parameter DIVCLK_DIVIDE bound to: 1 - type: integer 
	Parameter STARTUP_WAIT bound to: FALSE - type: string 
INFO: [Synth 8-6155] done synthesizing module 'MMCME2_BASE' (0#1) [D:/Xilinx/Vivado/2023.2/scripts/rt/data/unisim_comp.v:82294]
INFO: [Synth 8-6155] done synthesizing module 'clock_gen' (0#1) [D:/CodeProject/Verilog_Project/COCP/Verilog/src/bupt_riscv/clock_gen.v:3]
INFO: [Synth 8-6157] synthesizing module 'button_edge' [D:/CodeProject/Verilog_Project/COCP/Verilog/src/bupt_riscv/button_edge.v:3]
INFO: [Synth 8-6155] done synthesizing module 'button_edge' (0#1) [D:/CodeProject/Verilog_Project/COCP/Verilog/src/bupt_riscv/button_edge.v:3]
INFO: [Synth 8-6157] synthesizing module 'demo_clock_ctrl' [D:/CodeProject/Verilog_Project/COCP/Verilog/src/bupt_riscv/demo_clock_ctrl.v:3]
INFO: [Synth 8-6157] synthesizing module 'BUFGCE' [D:/Xilinx/Vivado/2023.2/scripts/rt/data/unisim_comp.v:1961]
INFO: [Synth 8-6155] done synthesizing module 'BUFGCE' (0#1) [D:/Xilinx/Vivado/2023.2/scripts/rt/data/unisim_comp.v:1961]
INFO: [Synth 8-6155] done synthesizing module 'demo_clock_ctrl' (0#1) [D:/CodeProject/Verilog_Project/COCP/Verilog/src/bupt_riscv/demo_clock_ctrl.v:3]
INFO: [Synth 8-6157] synthesizing module 'soc' [D:/CodeProject/Verilog_Project/COCP/Verilog/src/bupt_riscv/soc.v:3]
	Parameter UART_CLKS_PER_BIT bound to: 868 - type: integer 
	Parameter TIMER_TICK_CYCLES bound to: 1000000 - type: integer 
INFO: [Synth 8-6157] synthesizing module 'riscv' [D:/CodeProject/Verilog_Project/COCP/Verilog/src/bupt_riscv/riscv_core/riscv.v:3]
INFO: [Synth 8-6157] synthesizing module 'pc' [D:/CodeProject/Verilog_Project/COCP/Verilog/src/bupt_riscv/riscv_core/pc.v:23]
	Parameter WIDTH bound to: 32 - type: integer 
INFO: [Synth 8-6155] done synthesizing module 'pc' (0#1) [D:/CodeProject/Verilog_Project/COCP/Verilog/src/bupt_riscv/riscv_core/pc.v:23]
INFO: [Synth 8-6157] synthesizing module 'flopenrc' [D:/CodeProject/Verilog_Project/COCP/Verilog/src/bupt_riscv/riscv_core/flopenrc.v:23]
	Parameter WIDTH bound to: 32 - type: integer 
INFO: [Synth 8-6155] done synthesizing module 'flopenrc' (0#1) [D:/CodeProject/Verilog_Project/COCP/Verilog/src/bupt_riscv/riscv_core/flopenrc.v:23]
INFO: [Synth 8-6157] synthesizing module 'flopenrc__parameterized0' [D:/CodeProject/Verilog_Project/COCP/Verilog/src/bupt_riscv/riscv_core/flopenrc.v:23]
	Parameter WIDTH bound to: 1 - type: integer 
INFO: [Synth 8-6155] done synthesizing module 'flopenrc__parameterized0' (0#1) [D:/CodeProject/Verilog_Project/COCP/Verilog/src/bupt_riscv/riscv_core/flopenrc.v:23]
INFO: [Synth 8-6157] synthesizing module 'regfile' [D:/CodeProject/Verilog_Project/COCP/Verilog/src/bupt_riscv/riscv_core/regfile.v:23]
INFO: [Synth 8-6155] done synthesizing module 'regfile' (0#1) [D:/CodeProject/Verilog_Project/COCP/Verilog/src/bupt_riscv/riscv_core/regfile.v:23]
INFO: [Synth 8-6157] synthesizing module 'immgen' [D:/CodeProject/Verilog_Project/COCP/Verilog/src/bupt_riscv/riscv_core/immgen.v:3]
INFO: [Synth 8-6155] done synthesizing module 'immgen' (0#1) [D:/CodeProject/Verilog_Project/COCP/Verilog/src/bupt_riscv/riscv_core/immgen.v:3]
INFO: [Synth 8-226] default block is never used [D:/CodeProject/Verilog_Project/COCP/Verilog/src/bupt_riscv/riscv_core/riscv.v:270]
INFO: [Synth 8-226] default block is never used [D:/CodeProject/Verilog_Project/COCP/Verilog/src/bupt_riscv/riscv_core/riscv.v:287]
INFO: [Synth 8-226] default block is never used [D:/CodeProject/Verilog_Project/COCP/Verilog/src/bupt_riscv/riscv_core/riscv.v:299]
INFO: [Synth 8-6157] synthesizing module 'flopenrc__parameterized1' [D:/CodeProject/Verilog_Project/COCP/Verilog/src/bupt_riscv/riscv_core/flopenrc.v:23]
	Parameter WIDTH bound to: 5 - type: integer 
INFO: [Synth 8-6155] done synthesizing module 'flopenrc__parameterized1' (0#1) [D:/CodeProject/Verilog_Project/COCP/Verilog/src/bupt_riscv/riscv_core/flopenrc.v:23]
INFO: [Synth 8-6157] synthesizing module 'flopenrc__parameterized2' [D:/CodeProject/Verilog_Project/COCP/Verilog/src/bupt_riscv/riscv_core/flopenrc.v:23]
	Parameter WIDTH bound to: 3 - type: integer 
INFO: [Synth 8-6155] done synthesizing module 'flopenrc__parameterized2' (0#1) [D:/CodeProject/Verilog_Project/COCP/Verilog/src/bupt_riscv/riscv_core/flopenrc.v:23]
INFO: [Synth 8-6157] synthesizing module 'flopenrc__parameterized3' [D:/CodeProject/Verilog_Project/COCP/Verilog/src/bupt_riscv/riscv_core/flopenrc.v:23]
	Parameter WIDTH bound to: 2 - type: integer 
INFO: [Synth 8-6155] done synthesizing module 'flopenrc__parameterized3' (0#1) [D:/CodeProject/Verilog_Project/COCP/Verilog/src/bupt_riscv/riscv_core/flopenrc.v:23]
INFO: [Synth 8-6157] synthesizing module 'flopenrc__parameterized4' [D:/CodeProject/Verilog_Project/COCP/Verilog/src/bupt_riscv/riscv_core/flopenrc.v:23]
	Parameter WIDTH bound to: 12 - type: integer 
INFO: [Synth 8-6155] done synthesizing module 'flopenrc__parameterized4' (0#1) [D:/CodeProject/Verilog_Project/COCP/Verilog/src/bupt_riscv/riscv_core/flopenrc.v:23]
INFO: [Synth 8-6157] synthesizing module 'alu' [D:/CodeProject/Verilog_Project/COCP/Verilog/src/bupt_riscv/riscv_core/alu.v:3]
INFO: [Synth 8-6155] done synthesizing module 'alu' (0#1) [D:/CodeProject/Verilog_Project/COCP/Verilog/src/bupt_riscv/riscv_core/alu.v:3]
INFO: [Synth 8-6157] synthesizing module 'iter_mul' [D:/CodeProject/Verilog_Project/COCP/Verilog/src/bupt_riscv/riscv_core/iter_mul.v:3]
INFO: [Synth 8-6155] done synthesizing module 'iter_mul' (0#1) [D:/CodeProject/Verilog_Project/COCP/Verilog/src/bupt_riscv/riscv_core/iter_mul.v:3]
INFO: [Synth 8-6157] synthesizing module 'iter_div' [D:/CodeProject/Verilog_Project/COCP/Verilog/src/bupt_riscv/riscv_core/iter_div.v:3]
INFO: [Synth 8-6155] done synthesizing module 'iter_div' (0#1) [D:/CodeProject/Verilog_Project/COCP/Verilog/src/bupt_riscv/riscv_core/iter_div.v:3]
INFO: [Synth 8-6157] synthesizing module 'flopenr' [D:/CodeProject/Verilog_Project/COCP/Verilog/src/bupt_riscv/riscv_core/flopenr.v:23]
	Parameter WIDTH bound to: 32 - type: integer 
INFO: [Synth 8-6155] done synthesizing module 'flopenr' (0#1) [D:/CodeProject/Verilog_Project/COCP/Verilog/src/bupt_riscv/riscv_core/flopenr.v:23]
INFO: [Synth 8-6157] synthesizing module 'flopenr__parameterized0' [D:/CodeProject/Verilog_Project/COCP/Verilog/src/bupt_riscv/riscv_core/flopenr.v:23]
	Parameter WIDTH bound to: 5 - type: integer 
INFO: [Synth 8-6155] done synthesizing module 'flopenr__parameterized0' (0#1) [D:/CodeProject/Verilog_Project/COCP/Verilog/src/bupt_riscv/riscv_core/flopenr.v:23]
INFO: [Synth 8-6157] synthesizing module 'flopenr__parameterized1' [D:/CodeProject/Verilog_Project/COCP/Verilog/src/bupt_riscv/riscv_core/flopenr.v:23]
	Parameter WIDTH bound to: 3 - type: integer 
INFO: [Synth 8-6155] done synthesizing module 'flopenr__parameterized1' (0#1) [D:/CodeProject/Verilog_Project/COCP/Verilog/src/bupt_riscv/riscv_core/flopenr.v:23]
INFO: [Synth 8-6157] synthesizing module 'flopenr__parameterized2' [D:/CodeProject/Verilog_Project/COCP/Verilog/src/bupt_riscv/riscv_core/flopenr.v:23]
	Parameter WIDTH bound to: 1 - type: integer 
INFO: [Synth 8-6155] done synthesizing module 'flopenr__parameterized2' (0#1) [D:/CodeProject/Verilog_Project/COCP/Verilog/src/bupt_riscv/riscv_core/flopenr.v:23]
INFO: [Synth 8-6157] synthesizing module 'flopenr__parameterized3' [D:/CodeProject/Verilog_Project/COCP/Verilog/src/bupt_riscv/riscv_core/flopenr.v:23]
	Parameter WIDTH bound to: 2 - type: integer 
INFO: [Synth 8-6155] done synthesizing module 'flopenr__parameterized3' (0#1) [D:/CodeProject/Verilog_Project/COCP/Verilog/src/bupt_riscv/riscv_core/flopenr.v:23]
INFO: [Synth 8-6157] synthesizing module 'store_align' [D:/CodeProject/Verilog_Project/COCP/Verilog/src/bupt_riscv/riscv_core/store_align.v:3]
INFO: [Synth 8-6155] done synthesizing module 'store_align' (0#1) [D:/CodeProject/Verilog_Project/COCP/Verilog/src/bupt_riscv/riscv_core/store_align.v:3]
INFO: [Synth 8-6157] synthesizing module 'load_ext' [D:/CodeProject/Verilog_Project/COCP/Verilog/src/bupt_riscv/riscv_core/load_ext.v:3]
INFO: [Synth 8-6155] done synthesizing module 'load_ext' (0#1) [D:/CodeProject/Verilog_Project/COCP/Verilog/src/bupt_riscv/riscv_core/load_ext.v:3]
INFO: [Synth 8-6157] synthesizing module 'branch_predictor' [D:/CodeProject/Verilog_Project/COCP/Verilog/src/bupt_riscv/riscv_core/branch_predictor.v:3]
INFO: [Synth 8-6155] done synthesizing module 'branch_predictor' (0#1) [D:/CodeProject/Verilog_Project/COCP/Verilog/src/bupt_riscv/riscv_core/branch_predictor.v:3]
INFO: [Synth 8-6155] done synthesizing module 'riscv' (0#1) [D:/CodeProject/Verilog_Project/COCP/Verilog/src/bupt_riscv/riscv_core/riscv.v:3]
INFO: [Synth 8-6157] synthesizing module 'simple_bus' [D:/CodeProject/Verilog_Project/COCP/Verilog/src/bupt_riscv/simple_bus.v:3]
	Parameter UART_CLKS_PER_BIT bound to: 868 - type: integer 
	Parameter TIMER_TICK_CYCLES bound to: 1000000 - type: integer 
INFO: [Synth 8-6157] synthesizing module 'boot_rom' [D:/CodeProject/Verilog_Project/COCP/Verilog/src/bupt_riscv/boot_rom.v:3]
INFO: [Synth 8-3876] $readmem data file 'bupt_riscv_boot.mem' is read successfully [D:/CodeProject/Verilog_Project/COCP/Verilog/src/bupt_riscv/boot_rom.v:12]
INFO: [Synth 8-6155] done synthesizing module 'boot_rom' (0#1) [D:/CodeProject/Verilog_Project/COCP/Verilog/src/bupt_riscv/boot_rom.v:3]
INFO: [Synth 8-6157] synthesizing module 'icache' [D:/CodeProject/Verilog_Project/COCP/Verilog/src/bupt_riscv/icache.v:12]
INFO: [Synth 8-226] default block is never used [D:/CodeProject/Verilog_Project/COCP/Verilog/src/bupt_riscv/icache.v:89]
INFO: [Synth 8-6155] done synthesizing module 'icache' (0#1) [D:/CodeProject/Verilog_Project/COCP/Verilog/src/bupt_riscv/icache.v:12]
INFO: [Synth 8-6157] synthesizing module 'bram_ram' [D:/CodeProject/Verilog_Project/COCP/Verilog/src/bupt_riscv/bram_ram.v:3]
	Parameter ADDR_WIDTH bound to: 10 - type: integer 
INFO: [Synth 8-6155] done synthesizing module 'bram_ram' (0#1) [D:/CodeProject/Verilog_Project/COCP/Verilog/src/bupt_riscv/bram_ram.v:3]
INFO: [Synth 8-6157] synthesizing module 'gpio_mmio' [D:/CodeProject/Verilog_Project/COCP/Verilog/src/bupt_riscv/gpio_mmio.v:3]
INFO: [Synth 8-6155] done synthesizing module 'gpio_mmio' (0#1) [D:/CodeProject/Verilog_Project/COCP/Verilog/src/bupt_riscv/gpio_mmio.v:3]
INFO: [Synth 8-6157] synthesizing module 'uart_mmio' [D:/CodeProject/Verilog_Project/COCP/Verilog/src/bupt_riscv/uart_mmio.v:3]
	Parameter CLKS_PER_BIT bound to: 868 - type: integer 
INFO: [Synth 8-6157] synthesizing module 'uart_tx' [D:/CodeProject/Verilog_Project/COCP/Verilog/src/common/uart_tx.v:3]
	Parameter CLKS_PER_BIT bound to: 868 - type: integer 
INFO: [Synth 8-226] default block is never used [D:/CodeProject/Verilog_Project/COCP/Verilog/src/common/uart_tx.v:33]
INFO: [Synth 8-6155] done synthesizing module 'uart_tx' (0#1) [D:/CodeProject/Verilog_Project/COCP/Verilog/src/common/uart_tx.v:3]
INFO: [Synth 8-6157] synthesizing module 'uart_rx' [D:/CodeProject/Verilog_Project/COCP/Verilog/src/common/uart_rx.v:3]
	Parameter CLKS_PER_BIT bound to: 868 - type: integer 
INFO: [Synth 8-226] default block is never used [D:/CodeProject/Verilog_Project/COCP/Verilog/src/common/uart_rx.v:46]
INFO: [Synth 8-6155] done synthesizing module 'uart_rx' (0#1) [D:/CodeProject/Verilog_Project/COCP/Verilog/src/common/uart_rx.v:3]
INFO: [Synth 8-6155] done synthesizing module 'uart_mmio' (0#1) [D:/CodeProject/Verilog_Project/COCP/Verilog/src/bupt_riscv/uart_mmio.v:3]
INFO: [Synth 8-6157] synthesizing module 'timer_mmio' [D:/CodeProject/Verilog_Project/COCP/Verilog/src/bupt_riscv/timer_mmio.v:3]
	Parameter DEFAULT_COMPARE bound to: 1000000 - type: integer 
INFO: [Synth 8-226] default block is never used [D:/CodeProject/Verilog_Project/COCP/Verilog/src/bupt_riscv/timer_mmio.v:49]
INFO: [Synth 8-226] default block is never used [D:/CodeProject/Verilog_Project/COCP/Verilog/src/bupt_riscv/timer_mmio.v:71]
INFO: [Synth 8-6155] done synthesizing module 'timer_mmio' (0#1) [D:/CodeProject/Verilog_Project/COCP/Verilog/src/bupt_riscv/timer_mmio.v:3]
INFO: [Synth 8-6157] synthesizing module 'irq_controller' [D:/CodeProject/Verilog_Project/COCP/Verilog/src/bupt_riscv/irq_controller.v:3]
INFO: [Synth 8-6155] done synthesizing module 'irq_controller' (0#1) [D:/CodeProject/Verilog_Project/COCP/Verilog/src/bupt_riscv/irq_controller.v:3]
INFO: [Synth 8-6157] synthesizing module 'perf_mmio' [D:/CodeProject/Verilog_Project/COCP/Verilog/src/bupt_riscv/perf_mmio.v:3]
INFO: [Synth 8-6155] done synthesizing module 'perf_mmio' (0#1) [D:/CodeProject/Verilog_Project/COCP/Verilog/src/bupt_riscv/perf_mmio.v:3]
INFO: [Synth 8-6157] synthesizing module 'acceptance_mmio' [D:/CodeProject/Verilog_Project/COCP/Verilog/src/bupt_riscv/acceptance_mmio.v:3]
INFO: [Synth 8-6155] done synthesizing module 'acceptance_mmio' (0#1) [D:/CodeProject/Verilog_Project/COCP/Verilog/src/bupt_riscv/acceptance_mmio.v:3]
INFO: [Synth 8-6157] synthesizing module 'fp_mmio' [D:/CodeProject/Verilog_Project/COCP/Verilog/src/bupt_riscv/fp_mmio.v:3]
INFO: [Synth 8-6157] synthesizing module 'fp32_add_pos' [D:/CodeProject/Verilog_Project/COCP/Verilog/src/bupt_riscv/fp_mmio.v:81]
INFO: [Synth 8-6155] done synthesizing module 'fp32_add_pos' (0#1) [D:/CodeProject/Verilog_Project/COCP/Verilog/src/bupt_riscv/fp_mmio.v:81]
INFO: [Synth 8-6157] synthesizing module 'fp32_mul_pos' [D:/CodeProject/Verilog_Project/COCP/Verilog/src/bupt_riscv/fp_mmio.v:129]
INFO: [Synth 8-6155] done synthesizing module 'fp32_mul_pos' (0#1) [D:/CodeProject/Verilog_Project/COCP/Verilog/src/bupt_riscv/fp_mmio.v:129]
INFO: [Synth 8-6155] done synthesizing module 'fp_mmio' (0#1) [D:/CodeProject/Verilog_Project/COCP/Verilog/src/bupt_riscv/fp_mmio.v:3]
INFO: [Synth 8-6157] synthesizing module 'dcache_2way_lru' [D:/CodeProject/Verilog_Project/COCP/Verilog/src/bupt_riscv/dcache_2way_lru.v:3]
INFO: [Synth 8-6155] done synthesizing module 'dcache_2way_lru' (0#1) [D:/CodeProject/Verilog_Project/COCP/Verilog/src/bupt_riscv/dcache_2way_lru.v:3]
INFO: [Synth 8-6157] synthesizing module 'ddr_bridge' [D:/CodeProject/Verilog_Project/COCP/Verilog/src/bupt_riscv/ddr_bridge.v:3]
INFO: [Synth 8-226] default block is never used [D:/CodeProject/Verilog_Project/COCP/Verilog/src/bupt_riscv/ddr_bridge.v:61]
INFO: [Synth 8-6155] done synthesizing module 'ddr_bridge' (0#1) [D:/CodeProject/Verilog_Project/COCP/Verilog/src/bupt_riscv/ddr_bridge.v:3]
INFO: [Synth 8-6155] done synthesizing module 'simple_bus' (0#1) [D:/CodeProject/Verilog_Project/COCP/Verilog/src/bupt_riscv/simple_bus.v:3]
INFO: [Synth 8-6155] done synthesizing module 'soc' (0#1) [D:/CodeProject/Verilog_Project/COCP/Verilog/src/bupt_riscv/soc.v:3]
INFO: [Synth 8-6157] synthesizing module 'pipeline_demo_panel' [D:/CodeProject/Verilog_Project/COCP/Verilog/src/bupt_riscv/pipeline_demo_panel.v:3]
INFO: [Synth 8-6155] done synthesizing module 'pipeline_demo_panel' (0#1) [D:/CodeProject/Verilog_Project/COCP/Verilog/src/bupt_riscv/pipeline_demo_panel.v:3]
INFO: [Synth 8-6157] synthesizing module 'hex_display' [D:/CodeProject/Verilog_Project/COCP/Verilog/src/bupt_riscv/hex_display.v:3]
INFO: [Synth 8-6155] done synthesizing module 'hex_display' (0#1) [D:/CodeProject/Verilog_Project/COCP/Verilog/src/bupt_riscv/hex_display.v:3]
INFO: [Synth 8-6157] synthesizing module 'ddr_backend_cdc' [D:/CodeProject/Verilog_Project/COCP/Verilog/src/bupt_riscv/ddr_backend_cdc.v:3]
INFO: [Synth 8-6155] done synthesizing module 'ddr_backend_cdc' (0#1) [D:/CodeProject/Verilog_Project/COCP/Verilog/src/bupt_riscv/ddr_backend_cdc.v:3]
INFO: [Synth 8-6157] synthesizing module 'mig_axi_adapter' [D:/CodeProject/Verilog_Project/COCP/Verilog/src/bupt_riscv/mig_axi_adapter.v:3]
INFO: [Synth 8-226] default block is never used [D:/CodeProject/Verilog_Project/COCP/Verilog/src/bupt_riscv/mig_axi_adapter.v:110]
INFO: [Synth 8-6155] done synthesizing module 'mig_axi_adapter' (0#1) [D:/CodeProject/Verilog_Project/COCP/Verilog/src/bupt_riscv/mig_axi_adapter.v:3]
INFO: [Synth 8-6157] synthesizing module 'bupt_riscv_mig' [D:/CodeProject/Verilog_Project/COCP/Verilog/build/bupt_riscv_vivado_acceptance_final/bupt_riscv.runs/synth_1/.Xil/Vivado-10536-QIAN/realtime/bupt_riscv_mig_stub.v:6]
INFO: [Synth 8-6155] done synthesizing module 'bupt_riscv_mig' (0#1) [D:/CodeProject/Verilog_Project/COCP/Verilog/build/bupt_riscv_vivado_acceptance_final/bupt_riscv.runs/synth_1/.Xil/Vivado-10536-QIAN/realtime/bupt_riscv_mig_stub.v:6]
INFO: [Synth 8-6155] done synthesizing module 'top' (0#1) [D:/CodeProject/Verilog_Project/COCP/Verilog/src/bupt_riscv/top.v:3]
WARNING: [Synth 8-7137] Register r_idx_reg in module icache has both Set and reset with same priority. This may cause simulation mismatches. Consider rewriting code  [D:/CodeProject/Verilog_Project/COCP/Verilog/src/bupt_riscv/icache.v:98]
WARNING: [Synth 8-7137] Register r_tag_reg in module icache has both Set and reset with same priority. This may cause simulation mismatches. Consider rewriting code  [D:/CodeProject/Verilog_Project/COCP/Verilog/src/bupt_riscv/icache.v:99]
WARNING: [Synth 8-7137] Register r_buf_reg[0] in module icache has both Set and reset with same priority. This may cause simulation mismatches. Consider rewriting code  [D:/CodeProject/Verilog_Project/COCP/Verilog/src/bupt_riscv/icache.v:114]
WARNING: [Synth 8-7137] Register r_buf_reg[1] in module icache has both Set and reset with same priority. This may cause simulation mismatches. Consider rewriting code  [D:/CodeProject/Verilog_Project/COCP/Verilog/src/bupt_riscv/icache.v:114]
WARNING: [Synth 8-7137] Register r_buf_reg[2] in module icache has both Set and reset with same priority. This may cause simulation mismatches. Consider rewriting code  [D:/CodeProject/Verilog_Project/COCP/Verilog/src/bupt_riscv/icache.v:114]
WARNING: [Synth 8-7137] Register r_buf_reg[3] in module icache has both Set and reset with same priority. This may cause simulation mismatches. Consider rewriting code  [D:/CodeProject/Verilog_Project/COCP/Verilog/src/bupt_riscv/icache.v:114]
WARNING: [Synth 8-7137] Register data_reg[0][0] in module icache has both Set and reset with same priority. This may cause simulation mismatches. Consider rewriting code  [D:/CodeProject/Verilog_Project/COCP/Verilog/src/bupt_riscv/icache.v:68]
WARNING: [Synth 8-7137] Register data_reg[0][1] in module icache has both Set and reset with same priority. This may cause simulation mismatches. Consider rewriting code  [D:/CodeProject/Verilog_Project/COCP/Verilog/src/bupt_riscv/icache.v:68]
WARNING: [Synth 8-7137] Register data_reg[0][2] in module icache has both Set and reset with same priority. This may cause simulation mismatches. Consider rewriting code  [D:/CodeProject/Verilog_Project/COCP/Verilog/src/bupt_riscv/icache.v:68]
WARNING: [Synth 8-7137] Register data_reg[0][3] in module icache has both Set and reset with same priority. This may cause simulation mismatches. Consider rewriting code  [D:/CodeProject/Verilog_Project/COCP/Verilog/src/bupt_riscv/icache.v:68]
WARNING: [Synth 8-7137] Register data_reg[1][0] in module icache has both Set and reset with same priority. This may cause simulation mismatches. Consider rewriting code  [D:/CodeProject/Verilog_Project/COCP/Verilog/src/bupt_riscv/icache.v:68]
WARNING: [Synth 8-7137] Register data_reg[1][1] in module icache has both Set and reset with same priority. This may cause simulation mismatches. Consider rewriting code  [D:/CodeProject/Verilog_Project/COCP/Verilog/src/bupt_riscv/icache.v:68]
WARNING: [Synth 8-7137] Register data_reg[1][2] in module icache has both Set and reset with same priority. This may cause simulation mismatches. Consider rewriting code  [D:/CodeProject/Verilog_Project/COCP/Verilog/src/bupt_riscv/icache.v:68]
WARNING: [Synth 8-7137] Register data_reg[1][3] in module icache has both Set and reset with same priority. This may cause simulation mismatches. Consider rewriting code  [D:/CodeProject/Verilog_Project/COCP/Verilog/src/bupt_riscv/icache.v:68]
WARNING: [Synth 8-7137] Register data_reg[2][0] in module icache has both Set and reset with same priority. This may cause simulation mismatches. Consider rewriting code  [D:/CodeProject/Verilog_Project/COCP/Verilog/src/bupt_riscv/icache.v:68]
WARNING: [Synth 8-7137] Register data_reg[2][1] in module icache has both Set and reset with same priority. This may cause simulation mismatches. Consider rewriting code  [D:/CodeProject/Verilog_Project/COCP/Verilog/src/bupt_riscv/icache.v:68]
WARNING: [Synth 8-7137] Register data_reg[2][2] in module icache has both Set and reset with same priority. This may cause simulation mismatches. Consider rewriting code  [D:/CodeProject/Verilog_Project/COCP/Verilog/src/bupt_riscv/icache.v:68]
WARNING: [Synth 8-7137] Register data_reg[2][3] in module icache has both Set and reset with same priority. This may cause simulation mismatches. Consider rewriting code  [D:/CodeProject/Verilog_Project/COCP/Verilog/src/bupt_riscv/icache.v:68]
WARNING: [Synth 8-7137] Register data_reg[3][0] in module icache has both Set and reset with same priority. This may cause simulation mismatches. Consider rewriting code  [D:/CodeProject/Verilog_Project/COCP/Verilog/src/bupt_riscv/icache.v:68]
WARNING: [Synth 8-7137] Register data_reg[3][1] in module icache has both Set and reset with same priority. This may cause simulation mismatches. Consider rewriting code  [D:/CodeProject/Verilog_Project/COCP/Verilog/src/bupt_riscv/icache.v:68]
WARNING: [Synth 8-7137] Register data_reg[3][2] in module icache has both Set and reset with same priority. This may cause simulation mismatches. Consider rewriting code  [D:/CodeProject/Verilog_Project/COCP/Verilog/src/bupt_riscv/icache.v:68]
WARNING: [Synth 8-7137] Register data_reg[3][3] in module icache has both Set and reset with same priority. This may cause simulation mismatches. Consider rewriting code  [D:/CodeProject/Verilog_Project/COCP/Verilog/src/bupt_riscv/icache.v:68]
WARNING: [Synth 8-7137] Register data_reg[4][0] in module icache has both Set and reset with same priority. This may cause simulation mismatches. Consider rewriting code  [D:/CodeProject/Verilog_Project/COCP/Verilog/src/bupt_riscv/icache.v:68]
WARNING: [Synth 8-7137] Register data_reg[4][1] in module icache has both Set and reset with same priority. This may cause simulation mismatches. Consider rewriting code  [D:/CodeProject/Verilog_Project/COCP/Verilog/src/bupt_riscv/icache.v:68]
WARNING: [Synth 8-7137] Register data_reg[4][2] in module icache has both Set and reset with same priority. This may cause simulation mismatches. Consider rewriting code  [D:/CodeProject/Verilog_Project/COCP/Verilog/src/bupt_riscv/icache.v:68]
WARNING: [Synth 8-7137] Register data_reg[4][3] in module icache has both Set and reset with same priority. This may cause simulation mismatches. Consider rewriting code  [D:/CodeProject/Verilog_Project/COCP/Verilog/src/bupt_riscv/icache.v:68]
WARNING: [Synth 8-7137] Register data_reg[5][0] in module icache has both Set and reset with same priority. This may cause simulation mismatches. Consider rewriting code  [D:/CodeProject/Verilog_Project/COCP/Verilog/src/bupt_riscv/icache.v:68]
WARNING: [Synth 8-7137] Register data_reg[5][1] in module icache has both Set and reset with same priority. This may cause simulation mismatches. Consider rewriting code  [D:/CodeProject/Verilog_Project/COCP/Verilog/src/bupt_riscv/icache.v:68]
WARNING: [Synth 8-7137] Register data_reg[5][2] in module icache has both Set and reset with same priority. This may cause simulation mismatches. Consider rewriting code  [D:/CodeProject/Verilog_Project/COCP/Verilog/src/bupt_riscv/icache.v:68]
WARNING: [Synth 8-7137] Register data_reg[5][3] in module icache has both Set and reset with same priority. This may cause simulation mismatches. Consider rewriting code  [D:/CodeProject/Verilog_Project/COCP/Verilog/src/bupt_riscv/icache.v:68]
WARNING: [Synth 8-7137] Register data_reg[6][0] in module icache has both Set and reset with same priority. This may cause simulation mismatches. Consider rewriting code  [D:/CodeProject/Verilog_Project/COCP/Verilog/src/bupt_riscv/icache.v:68]
WARNING: [Synth 8-7137] Register data_reg[6][1] in module icache has both Set and reset with same priority. This may cause simulation mismatches. Consider rewriting code  [D:/CodeProject/Verilog_Project/COCP/Verilog/src/bupt_riscv/icache.v:68]
WARNING: [Synth 8-7137] Register data_reg[6][2] in module icache has both Set and reset with same priority. This may cause simulation mismatches. Consider rewriting code  [D:/CodeProject/Verilog_Project/COCP/Verilog/src/bupt_riscv/icache.v:68]
WARNING: [Synth 8-7137] Register data_reg[6][3] in module icache has both Set and reset with same priority. This may cause simulation mismatches. Consider rewriting code  [D:/CodeProject/Verilog_Project/COCP/Verilog/src/bupt_riscv/icache.v:68]
WARNING: [Synth 8-7137] Register data_reg[7][0] in module icache has both Set and reset with same priority. This may cause simulation mismatches. Consider rewriting code  [D:/CodeProject/Verilog_Project/COCP/Verilog/src/bupt_riscv/icache.v:68]
WARNING: [Synth 8-7137] Register data_reg[7][1] in module icache has both Set and reset with same priority. This may cause simulation mismatches. Consider rewriting code  [D:/CodeProject/Verilog_Project/COCP/Verilog/src/bupt_riscv/icache.v:68]
WARNING: [Synth 8-7137] Register data_reg[7][2] in module icache has both Set and reset with same priority. This may cause simulation mismatches. Consider rewriting code  [D:/CodeProject/Verilog_Project/COCP/Verilog/src/bupt_riscv/icache.v:68]
WARNING: [Synth 8-7137] Register data_reg[7][3] in module icache has both Set and reset with same priority. This may cause simulation mismatches. Consider rewriting code  [D:/CodeProject/Verilog_Project/COCP/Verilog/src/bupt_riscv/icache.v:68]
WARNING: [Synth 8-7137] Register data_reg[8][0] in module icache has both Set and reset with same priority. This may cause simulation mismatches. Consider rewriting code  [D:/CodeProject/Verilog_Project/COCP/Verilog/src/bupt_riscv/icache.v:68]
WARNING: [Synth 8-7137] Register data_reg[8][1] in module icache has both Set and reset with same priority. This may cause simulation mismatches. Consider rewriting code  [D:/CodeProject/Verilog_Project/COCP/Verilog/src/bupt_riscv/icache.v:68]
WARNING: [Synth 8-7137] Register data_reg[8][2] in module icache has both Set and reset with same priority. This may cause simulation mismatches. Consider rewriting code  [D:/CodeProject/Verilog_Project/COCP/Verilog/src/bupt_riscv/icache.v:68]
WARNING: [Synth 8-7137] Register data_reg[8][3] in module icache has both Set and reset with same priority. This may cause simulation mismatches. Consider rewriting code  [D:/CodeProject/Verilog_Project/COCP/Verilog/src/bupt_riscv/icache.v:68]
WARNING: [Synth 8-7137] Register data_reg[9][0] in module icache has both Set and reset with same priority. This may cause simulation mismatches. Consider rewriting code  [D:/CodeProject/Verilog_Project/COCP/Verilog/src/bupt_riscv/icache.v:68]
WARNING: [Synth 8-7137] Register data_reg[9][1] in module icache has both Set and reset with same priority. This may cause simulation mismatches. Consider rewriting code  [D:/CodeProject/Verilog_Project/COCP/Verilog/src/bupt_riscv/icache.v:68]
WARNING: [Synth 8-7137] Register data_reg[9][2] in module icache has both Set and reset with same priority. This may cause simulation mismatches. Consider rewriting code  [D:/CodeProject/Verilog_Project/COCP/Verilog/src/bupt_riscv/icache.v:68]
WARNING: [Synth 8-7137] Register data_reg[9][3] in module icache has both Set and reset with same priority. This may cause simulation mismatches. Consider rewriting code  [D:/CodeProject/Verilog_Project/COCP/Verilog/src/bupt_riscv/icache.v:68]
WARNING: [Synth 8-7137] Register data_reg[10][0] in module icache has both Set and reset with same priority. This may cause simulation mismatches. Consider rewriting code  [D:/CodeProject/Verilog_Project/COCP/Verilog/src/bupt_riscv/icache.v:68]
WARNING: [Synth 8-7137] Register data_reg[10][1] in module icache has both Set and reset with same priority. This may cause simulation mismatches. Consider rewriting code  [D:/CodeProject/Verilog_Project/COCP/Verilog/src/bupt_riscv/icache.v:68]
WARNING: [Synth 8-7137] Register data_reg[10][2] in module icache has both Set and reset with same priority. This may cause simulation mismatches. Consider rewriting code  [D:/CodeProject/Verilog_Project/COCP/Verilog/src/bupt_riscv/icache.v:68]
WARNING: [Synth 8-7137] Register data_reg[10][3] in module icache has both Set and reset with same priority. This may cause simulation mismatches. Consider rewriting code  [D:/CodeProject/Verilog_Project/COCP/Verilog/src/bupt_riscv/icache.v:68]
WARNING: [Synth 8-7137] Register data_reg[11][0] in module icache has both Set and reset with same priority. This may cause simulation mismatches. Consider rewriting code  [D:/CodeProject/Verilog_Project/COCP/Verilog/src/bupt_riscv/icache.v:68]
WARNING: [Synth 8-7137] Register data_reg[11][1] in module icache has both Set and reset with same priority. This may cause simulation mismatches. Consider rewriting code  [D:/CodeProject/Verilog_Project/COCP/Verilog/src/bupt_riscv/icache.v:68]
WARNING: [Synth 8-7137] Register data_reg[11][2] in module icache has both Set and reset with same priority. This may cause simulation mismatches. Consider rewriting code  [D:/CodeProject/Verilog_Project/COCP/Verilog/src/bupt_riscv/icache.v:68]
WARNING: [Synth 8-7137] Register data_reg[11][3] in module icache has both Set and reset with same priority. This may cause simulation mismatches. Consider rewriting code  [D:/CodeProject/Verilog_Project/COCP/Verilog/src/bupt_riscv/icache.v:68]
WARNING: [Synth 8-7137] Register data_reg[12][0] in module icache has both Set and reset with same priority. This may cause simulation mismatches. Consider rewriting code  [D:/CodeProject/Verilog_Project/COCP/Verilog/src/bupt_riscv/icache.v:68]
WARNING: [Synth 8-7137] Register data_reg[12][1] in module icache has both Set and reset with same priority. This may cause simulation mismatches. Consider rewriting code  [D:/CodeProject/Verilog_Project/COCP/Verilog/src/bupt_riscv/icache.v:68]
WARNING: [Synth 8-7137] Register data_reg[12][2] in module icache has both Set and reset with same priority. This may cause simulation mismatches. Consider rewriting code  [D:/CodeProject/Verilog_Project/COCP/Verilog/src/bupt_riscv/icache.v:68]
WARNING: [Synth 8-7137] Register data_reg[12][3] in module icache has both Set and reset with same priority. This may cause simulation mismatches. Consider rewriting code  [D:/CodeProject/Verilog_Project/COCP/Verilog/src/bupt_riscv/icache.v:68]
WARNING: [Synth 8-7137] Register data_reg[13][0] in module icache has both Set and reset with same priority. This may cause simulation mismatches. Consider rewriting code  [D:/CodeProject/Verilog_Project/COCP/Verilog/src/bupt_riscv/icache.v:68]
WARNING: [Synth 8-7137] Register data_reg[13][1] in module icache has both Set and reset with same priority. This may cause simulation mismatches. Consider rewriting code  [D:/CodeProject/Verilog_Project/COCP/Verilog/src/bupt_riscv/icache.v:68]
WARNING: [Synth 8-7137] Register data_reg[13][2] in module icache has both Set and reset with same priority. This may cause simulation mismatches. Consider rewriting code  [D:/CodeProject/Verilog_Project/COCP/Verilog/src/bupt_riscv/icache.v:68]
WARNING: [Synth 8-7137] Register data_reg[13][3] in module icache has both Set and reset with same priority. This may cause simulation mismatches. Consider rewriting code  [D:/CodeProject/Verilog_Project/COCP/Verilog/src/bupt_riscv/icache.v:68]
WARNING: [Synth 8-7137] Register data_reg[14][0] in module icache has both Set and reset with same priority. This may cause simulation mismatches. Consider rewriting code  [D:/CodeProject/Verilog_Project/COCP/Verilog/src/bupt_riscv/icache.v:68]
WARNING: [Synth 8-7137] Register data_reg[14][1] in module icache has both Set and reset with same priority. This may cause simulation mismatches. Consider rewriting code  [D:/CodeProject/Verilog_Project/COCP/Verilog/src/bupt_riscv/icache.v:68]
WARNING: [Synth 8-7137] Register data_reg[14][2] in module icache has both Set and reset with same priority. This may cause simulation mismatches. Consider rewriting code  [D:/CodeProject/Verilog_Project/COCP/Verilog/src/bupt_riscv/icache.v:68]
WARNING: [Synth 8-7137] Register data_reg[14][3] in module icache has both Set and reset with same priority. This may cause simulation mismatches. Consider rewriting code  [D:/CodeProject/Verilog_Project/COCP/Verilog/src/bupt_riscv/icache.v:68]
WARNING: [Synth 8-7137] Register data_reg[15][0] in module icache has both Set and reset with same priority. This may cause simulation mismatches. Consider rewriting code  [D:/CodeProject/Verilog_Project/COCP/Verilog/src/bupt_riscv/icache.v:68]
WARNING: [Synth 8-7137] Register data_reg[15][1] in module icache has both Set and reset with same priority. This may cause simulation mismatches. Consider rewriting code  [D:/CodeProject/Verilog_Project/COCP/Verilog/src/bupt_riscv/icache.v:68]
WARNING: [Synth 8-7137] Register data_reg[15][2] in module icache has both Set and reset with same priority. This may cause simulation mismatches. Consider rewriting code  [D:/CodeProject/Verilog_Project/COCP/Verilog/src/bupt_riscv/icache.v:68]
WARNING: [Synth 8-7137] Register data_reg[15][3] in module icache has both Set and reset with same priority. This may cause simulation mismatches. Consider rewriting code  [D:/CodeProject/Verilog_Project/COCP/Verilog/src/bupt_riscv/icache.v:68]
WARNING: [Synth 8-7137] Register data_reg[16][0] in module icache has both Set and reset with same priority. This may cause simulation mismatches. Consider rewriting code  [D:/CodeProject/Verilog_Project/COCP/Verilog/src/bupt_riscv/icache.v:68]
WARNING: [Synth 8-7137] Register data_reg[16][1] in module icache has both Set and reset with same priority. This may cause simulation mismatches. Consider rewriting code  [D:/CodeProject/Verilog_Project/COCP/Verilog/src/bupt_riscv/icache.v:68]
WARNING: [Synth 8-7137] Register data_reg[16][2] in module icache has both Set and reset with same priority. This may cause simulation mismatches. Consider rewriting code  [D:/CodeProject/Verilog_Project/COCP/Verilog/src/bupt_riscv/icache.v:68]
WARNING: [Synth 8-7137] Register data_reg[16][3] in module icache has both Set and reset with same priority. This may cause simulation mismatches. Consider rewriting code  [D:/CodeProject/Verilog_Project/COCP/Verilog/src/bupt_riscv/icache.v:68]
WARNING: [Synth 8-7137] Register data_reg[17][0] in module icache has both Set and reset with same priority. This may cause simulation mismatches. Consider rewriting code  [D:/CodeProject/Verilog_Project/COCP/Verilog/src/bupt_riscv/icache.v:68]
WARNING: [Synth 8-7137] Register data_reg[17][1] in module icache has both Set and reset with same priority. This may cause simulation mismatches. Consider rewriting code  [D:/CodeProject/Verilog_Project/COCP/Verilog/src/bupt_riscv/icache.v:68]
WARNING: [Synth 8-7137] Register data_reg[17][2] in module icache has both Set and reset with same priority. This may cause simulation mismatches. Consider rewriting code  [D:/CodeProject/Verilog_Project/COCP/Verilog/src/bupt_riscv/icache.v:68]
WARNING: [Synth 8-7137] Register data_reg[17][3] in module icache has both Set and reset with same priority. This may cause simulation mismatches. Consider rewriting code  [D:/CodeProject/Verilog_Project/COCP/Verilog/src/bupt_riscv/icache.v:68]
WARNING: [Synth 8-7137] Register data_reg[18][0] in module icache has both Set and reset with same priority. This may cause simulation mismatches. Consider rewriting code  [D:/CodeProject/Verilog_Project/COCP/Verilog/src/bupt_riscv/icache.v:68]
WARNING: [Synth 8-7137] Register data_reg[18][1] in module icache has both Set and reset with same priority. This may cause simulation mismatches. Consider rewriting code  [D:/CodeProject/Verilog_Project/COCP/Verilog/src/bupt_riscv/icache.v:68]
WARNING: [Synth 8-7137] Register data_reg[18][2] in module icache has both Set and reset with same priority. This may cause simulation mismatches. Consider rewriting code  [D:/CodeProject/Verilog_Project/COCP/Verilog/src/bupt_riscv/icache.v:68]
WARNING: [Synth 8-7137] Register data_reg[18][3] in module icache has both Set and reset with same priority. This may cause simulation mismatches. Consider rewriting code  [D:/CodeProject/Verilog_Project/COCP/Verilog/src/bupt_riscv/icache.v:68]
WARNING: [Synth 8-7137] Register data_reg[19][0] in module icache has both Set and reset with same priority. This may cause simulation mismatches. Consider rewriting code  [D:/CodeProject/Verilog_Project/COCP/Verilog/src/bupt_riscv/icache.v:68]
WARNING: [Synth 8-7137] Register data_reg[19][1] in module icache has both Set and reset with same priority. This may cause simulation mismatches. Consider rewriting code  [D:/CodeProject/Verilog_Project/COCP/Verilog/src/bupt_riscv/icache.v:68]
WARNING: [Synth 8-7137] Register data_reg[19][2] in module icache has both Set and reset with same priority. This may cause simulation mismatches. Consider rewriting code  [D:/CodeProject/Verilog_Project/COCP/Verilog/src/bupt_riscv/icache.v:68]
WARNING: [Synth 8-7137] Register data_reg[19][3] in module icache has both Set and reset with same priority. This may cause simulation mismatches. Consider rewriting code  [D:/CodeProject/Verilog_Project/COCP/Verilog/src/bupt_riscv/icache.v:68]
WARNING: [Synth 8-7137] Register data_reg[20][0] in module icache has both Set and reset with same priority. This may cause simulation mismatches. Consider rewriting code  [D:/CodeProject/Verilog_Project/COCP/Verilog/src/bupt_riscv/icache.v:68]
WARNING: [Synth 8-7137] Register data_reg[20][1] in module icache has both Set and reset with same priority. This may cause simulation mismatches. Consider rewriting code  [D:/CodeProject/Verilog_Project/COCP/Verilog/src/bupt_riscv/icache.v:68]
WARNING: [Synth 8-7137] Register data_reg[20][2] in module icache has both Set and reset with same priority. This may cause simulation mismatches. Consider rewriting code  [D:/CodeProject/Verilog_Project/COCP/Verilog/src/bupt_riscv/icache.v:68]
WARNING: [Synth 8-7137] Register data_reg[20][3] in module icache has both Set and reset with same priority. This may cause simulation mismatches. Consider rewriting code  [D:/CodeProject/Verilog_Project/COCP/Verilog/src/bupt_riscv/icache.v:68]
WARNING: [Synth 8-7137] Register data_reg[21][0] in module icache has both Set and reset with same priority. This may cause simulation mismatches. Consider rewriting code  [D:/CodeProject/Verilog_Project/COCP/Verilog/src/bupt_riscv/icache.v:68]
WARNING: [Synth 8-7137] Register data_reg[21][1] in module icache has both Set and reset with same priority. This may cause simulation mismatches. Consider rewriting code  [D:/CodeProject/Verilog_Project/COCP/Verilog/src/bupt_riscv/icache.v:68]
WARNING: [Synth 8-7137] Register data_reg[21][2] in module icache has both Set and reset with same priority. This may cause simulation mismatches. Consider rewriting code  [D:/CodeProject/Verilog_Project/COCP/Verilog/src/bupt_riscv/icache.v:68]
WARNING: [Synth 8-7137] Register data_reg[21][3] in module icache has both Set and reset with same priority. This may cause simulation mismatches. Consider rewriting code  [D:/CodeProject/Verilog_Project/COCP/Verilog/src/bupt_riscv/icache.v:68]
WARNING: [Synth 8-7137] Register data_reg[22][0] in module icache has both Set and reset with same priority. This may cause simulation mismatches. Consider rewriting code  [D:/CodeProject/Verilog_Project/COCP/Verilog/src/bupt_riscv/icache.v:68]
WARNING: [Synth 8-7137] Register data_reg[22][1] in module icache has both Set and reset with same priority. This may cause simulation mismatches. Consider rewriting code  [D:/CodeProject/Verilog_Project/COCP/Verilog/src/bupt_riscv/icache.v:68]
WARNING: [Synth 8-7137] Register data_reg[22][2] in module icache has both Set and reset with same priority. This may cause simulation mismatches. Consider rewriting code  [D:/CodeProject/Verilog_Project/COCP/Verilog/src/bupt_riscv/icache.v:68]
WARNING: [Synth 8-7137] Register data_reg[22][3] in module icache has both Set and reset with same priority. This may cause simulation mismatches. Consider rewriting code  [D:/CodeProject/Verilog_Project/COCP/Verilog/src/bupt_riscv/icache.v:68]
WARNING: [Synth 8-7137] Register data_reg[23][0] in module icache has both Set and reset with same priority. This may cause simulation mismatches. Consider rewriting code  [D:/CodeProject/Verilog_Project/COCP/Verilog/src/bupt_riscv/icache.v:68]
WARNING: [Synth 8-7137] Register data_reg[23][1] in module icache has both Set and reset with same priority. This may cause simulation mismatches. Consider rewriting code  [D:/CodeProject/Verilog_Project/COCP/Verilog/src/bupt_riscv/icache.v:68]
INFO: [Common 17-14] Message 'Synth 8-7137' appears 100 times and further instances of the messages will be disabled. Use the Tcl command set_msg_config to change the current settings.
WARNING: [Synth 8-4767] Trying to implement RAM 'tagv_reg' in registers. Block RAM or DRAM implementation is not possible; see log for reasons.
Reason is one or more of the following :
	1: RAM is sensitive to asynchronous reset signal. this RTL style is not supported. 
RAM "tagv_reg" dissolved into registers
WARNING: [Synth 8-7129] Port backend_addr[1] in module mig_axi_adapter is either unconnected or has no load
WARNING: [Synth 8-7129] Port backend_addr[0] in module mig_axi_adapter is either unconnected or has no load
WARNING: [Synth 8-7129] Port s_axi_bid[0] in module mig_axi_adapter is either unconnected or has no load
WARNING: [Synth 8-7129] Port s_axi_bresp[1] in module mig_axi_adapter is either unconnected or has no load
WARNING: [Synth 8-7129] Port s_axi_bresp[0] in module mig_axi_adapter is either unconnected or has no load
WARNING: [Synth 8-7129] Port s_axi_rid[0] in module mig_axi_adapter is either unconnected or has no load
WARNING: [Synth 8-7129] Port s_axi_rresp[1] in module mig_axi_adapter is either unconnected or has no load
WARNING: [Synth 8-7129] Port s_axi_rresp[0] in module mig_axi_adapter is either unconnected or has no load
WARNING: [Synth 8-7129] Port s_axi_rlast in module mig_axi_adapter is either unconnected or has no load
WARNING: [Synth 8-7129] Port cpu_addr[31] in module ddr_bridge is either unconnected or has no load
WARNING: [Synth 8-7129] Port cpu_addr[30] in module ddr_bridge is either unconnected or has no load
WARNING: [Synth 8-7129] Port cpu_addr[29] in module ddr_bridge is either unconnected or has no load
WARNING: [Synth 8-7129] Port cpu_addr[28] in module ddr_bridge is either unconnected or has no load
WARNING: [Synth 8-7129] Port cpu_addr[27] in module ddr_bridge is either unconnected or has no load
WARNING: [Synth 8-7129] Port a[31] in module fp32_mul_pos is either unconnected or has no load
WARNING: [Synth 8-7129] Port b[31] in module fp32_mul_pos is either unconnected or has no load
WARNING: [Synth 8-7129] Port re in module acceptance_mmio is either unconnected or has no load
WARNING: [Synth 8-7129] Port re in module perf_mmio is either unconnected or has no load
WARNING: [Synth 8-7129] Port wdata[31] in module perf_mmio is either unconnected or has no load
WARNING: [Synth 8-7129] Port wdata[30] in module perf_mmio is either unconnected or has no load
WARNING: [Synth 8-7129] Port wdata[29] in module perf_mmio is either unconnected or has no load
WARNING: [Synth 8-7129] Port wdata[28] in module perf_mmio is either unconnected or has no load
WARNING: [Synth 8-7129] Port wdata[27] in module perf_mmio is either unconnected or has no load
WARNING: [Synth 8-7129] Port wdata[26] in module perf_mmio is either unconnected or has no load
WARNING: [Synth 8-7129] Port wdata[25] in module perf_mmio is either unconnected or has no load
WARNING: [Synth 8-7129] Port wdata[24] in module perf_mmio is either unconnected or has no load
WARNING: [Synth 8-7129] Port wdata[23] in module perf_mmio is either unconnected or has no load
WARNING: [Synth 8-7129] Port wdata[22] in module perf_mmio is either unconnected or has no load
WARNING: [Synth 8-7129] Port wdata[21] in module perf_mmio is either unconnected or has no load
WARNING: [Synth 8-7129] Port wdata[20] in module perf_mmio is either unconnected or has no load
WARNING: [Synth 8-7129] Port wdata[19] in module perf_mmio is either unconnected or has no load
WARNING: [Synth 8-7129] Port wdata[18] in module perf_mmio is either unconnected or has no load
WARNING: [Synth 8-7129] Port wdata[17] in module perf_mmio is either unconnected or has no load
WARNING: [Synth 8-7129] Port wdata[16] in module perf_mmio is either unconnected or has no load
WARNING: [Synth 8-7129] Port wdata[15] in module perf_mmio is either unconnected or has no load
WARNING: [Synth 8-7129] Port wdata[14] in module perf_mmio is either unconnected or has no load
WARNING: [Synth 8-7129] Port wdata[13] in module perf_mmio is either unconnected or has no load
WARNING: [Synth 8-7129] Port wdata[12] in module perf_mmio is either unconnected or has no load
WARNING: [Synth 8-7129] Port wdata[11] in module perf_mmio is either unconnected or has no load
WARNING: [Synth 8-7129] Port wdata[10] in module perf_mmio is either unconnected or has no load
WARNING: [Synth 8-7129] Port wdata[9] in module perf_mmio is either unconnected or has no load
WARNING: [Synth 8-7129] Port wdata[8] in module perf_mmio is either unconnected or has no load
WARNING: [Synth 8-7129] Port wdata[7] in module perf_mmio is either unconnected or has no load
WARNING: [Synth 8-7129] Port wdata[6] in module perf_mmio is either unconnected or has no load
WARNING: [Synth 8-7129] Port wdata[5] in module perf_mmio is either unconnected or has no load
WARNING: [Synth 8-7129] Port wdata[4] in module perf_mmio is either unconnected or has no load
WARNING: [Synth 8-7129] Port wdata[3] in module perf_mmio is either unconnected or has no load
WARNING: [Synth 8-7129] Port wdata[2] in module perf_mmio is either unconnected or has no load
WARNING: [Synth 8-7129] Port wdata[1] in module perf_mmio is either unconnected or has no load
WARNING: [Synth 8-7129] Port re in module irq_controller is either unconnected or has no load
WARNING: [Synth 8-7129] Port addr[1] in module irq_controller is either unconnected or has no load
WARNING: [Synth 8-7129] Port addr[0] in module irq_controller is either unconnected or has no load
WARNING: [Synth 8-7129] Port wdata[31] in module irq_controller is either unconnected or has no load
WARNING: [Synth 8-7129] Port wdata[30] in module irq_controller is either unconnected or has no load
WARNING: [Synth 8-7129] Port wdata[29] in module irq_controller is either unconnected or has no load
WARNING: [Synth 8-7129] Port wdata[28] in module irq_controller is either unconnected or has no load
WARNING: [Synth 8-7129] Port wdata[27] in module irq_controller is either unconnected or has no load
WARNING: [Synth 8-7129] Port wdata[26] in module irq_controller is either unconnected or has no load
WARNING: [Synth 8-7129] Port wdata[25] in module irq_controller is either unconnected or has no load
WARNING: [Synth 8-7129] Port wdata[24] in module irq_controller is either unconnected or has no load
WARNING: [Synth 8-7129] Port wdata[23] in module irq_controller is either unconnected or has no load
WARNING: [Synth 8-7129] Port wdata[22] in module irq_controller is either unconnected or has no load
WARNING: [Synth 8-7129] Port wdata[21] in module irq_controller is either unconnected or has no load
WARNING: [Synth 8-7129] Port wdata[20] in module irq_controller is either unconnected or has no load
WARNING: [Synth 8-7129] Port wdata[19] in module irq_controller is either unconnected or has no load
WARNING: [Synth 8-7129] Port wdata[18] in module irq_controller is either unconnected or has no load
WARNING: [Synth 8-7129] Port wdata[17] in module irq_controller is either unconnected or has no load
WARNING: [Synth 8-7129] Port wdata[16] in module irq_controller is either unconnected or has no load
WARNING: [Synth 8-7129] Port wdata[15] in module irq_controller is either unconnected or has no load
WARNING: [Synth 8-7129] Port wdata[14] in module irq_controller is either unconnected or has no load
WARNING: [Synth 8-7129] Port wdata[13] in module irq_controller is either unconnected or has no load
WARNING: [Synth 8-7129] Port wdata[12] in module irq_controller is either unconnected or has no load
WARNING: [Synth 8-7129] Port wdata[11] in module irq_controller is either unconnected or has no load
WARNING: [Synth 8-7129] Port wdata[10] in module irq_controller is either unconnected or has no load
WARNING: [Synth 8-7129] Port wdata[9] in module irq_controller is either unconnected or has no load
WARNING: [Synth 8-7129] Port wdata[8] in module irq_controller is either unconnected or has no load
WARNING: [Synth 8-7129] Port re in module timer_mmio is either unconnected or has no load
WARNING: [Synth 8-7129] Port addr[1] in module timer_mmio is either unconnected or has no load
WARNING: [Synth 8-7129] Port addr[0] in module timer_mmio is either unconnected or has no load
WARNING: [Synth 8-7129] Port wstrb[3] in module uart_mmio is either unconnected or has no load
WARNING: [Synth 8-7129] Port wstrb[2] in module uart_mmio is either unconnected or has no load
WARNING: [Synth 8-7129] Port wstrb[1] in module uart_mmio is either unconnected or has no load
WARNING: [Synth 8-7129] Port addr[1] in module uart_mmio is either unconnected or has no load
WARNING: [Synth 8-7129] Port addr[0] in module uart_mmio is either unconnected or has no load
WARNING: [Synth 8-7129] Port wdata[31] in module uart_mmio is either unconnected or has no load
WARNING: [Synth 8-7129] Port wdata[30] in module uart_mmio is either unconnected or has no load
WARNING: [Synth 8-7129] Port wdata[29] in module uart_mmio is either unconnected or has no load
WARNING: [Synth 8-7129] Port wdata[28] in module uart_mmio is either unconnected or has no load
WARNING: [Synth 8-7129] Port wdata[27] in module uart_mmio is either unconnected or has no load
WARNING: [Synth 8-7129] Port wdata[26] in module uart_mmio is either unconnected or has no load
WARNING: [Synth 8-7129] Port wdata[25] in module uart_mmio is either unconnected or has no load
WARNING: [Synth 8-7129] Port wdata[24] in module uart_mmio is either unconnected or has no load
WARNING: [Synth 8-7129] Port wdata[23] in module uart_mmio is either unconnected or has no load
WARNING: [Synth 8-7129] Port wdata[22] in module uart_mmio is either unconnected or has no load
WARNING: [Synth 8-7129] Port wdata[21] in module uart_mmio is either unconnected or has no load
WARNING: [Synth 8-7129] Port wdata[20] in module uart_mmio is either unconnected or has no load
WARNING: [Synth 8-7129] Port wdata[19] in module uart_mmio is either unconnected or has no load
WARNING: [Synth 8-7129] Port wdata[18] in module uart_mmio is either unconnected or has no load
WARNING: [Synth 8-7129] Port wdata[17] in module uart_mmio is either unconnected or has no load
WARNING: [Synth 8-7129] Port wdata[16] in module uart_mmio is either unconnected or has no load
INFO: [Common 17-14] Message 'Synth 8-7129' appears 100 times and further instances of the messages will be disabled. Use the Tcl command set_msg_config to change the current settings.
---------------------------------------------------------------------------------
Finished RTL Elaboration : Time (s): cpu = 00:00:08 ; elapsed = 00:00:09 . Memory (MB): peak = 1696.684 ; gain = 769.602
---------------------------------------------------------------------------------
---------------------------------------------------------------------------------
Start Handling Custom Attributes
---------------------------------------------------------------------------------
---------------------------------------------------------------------------------
Finished Handling Custom Attributes : Time (s): cpu = 00:00:09 ; elapsed = 00:00:10 . Memory (MB): peak = 1696.684 ; gain = 769.602
---------------------------------------------------------------------------------
---------------------------------------------------------------------------------
Finished RTL Optimization Phase 1 : Time (s): cpu = 00:00:09 ; elapsed = 00:00:10 . Memory (MB): peak = 1696.684 ; gain = 769.602
---------------------------------------------------------------------------------
Netlist sorting complete. Time (s): cpu = 00:00:00 ; elapsed = 00:00:00.220 . Memory (MB): peak = 1696.684 ; gain = 0.000
WARNING: [Netlist 29-345] The value of SIM_DEVICE on instance 'demo_clk_ctrl/soc_clk_bufg' of type 'BUFGCE' is 'ULTRASCALE'; it is being changed to match the current FPGA architecture, '7SERIES'. For functional simulation to match hardware behavior, the value of SIM_DEVICE should be changed in the source netlist. 
INFO: [Netlist 29-17] Analyzing 2 Unisim elements for replacement
INFO: [Netlist 29-28] Unisim Transformation completed in 0 CPU seconds
INFO: [Project 1-570] Preparing netlist for logic optimization

Processing XDC Constraints
Initializing timing engine
Parsing XDC File [d:/CodeProject/Verilog_Project/COCP/Verilog/build/bupt_riscv_vivado_acceptance_final/bupt_riscv.gen/sources_1/ip/bupt_riscv_mig/bupt_riscv_mig/bupt_riscv_mig_in_context.xdc] for cell 'u_bupt_riscv_mig'
Finished Parsing XDC File [d:/CodeProject/Verilog_Project/COCP/Verilog/build/bupt_riscv_vivado_acceptance_final/bupt_riscv.gen/sources_1/ip/bupt_riscv_mig/bupt_riscv_mig/bupt_riscv_mig_in_context.xdc] for cell 'u_bupt_riscv_mig'
Parsing XDC File [D:/CodeProject/Verilog_Project/COCP/Verilog/constr/nexys4ddr_bupt_riscv.xdc]
WARNING: [Designutils 20-1567] Use of 'set_multicycle_path' with '-hold' is not supported by synthesis. The constraint will not be passed to synthesis. [D:/CodeProject/Verilog_Project/COCP/Verilog/constr/nexys4ddr_bupt_riscv.xdc:22]
Finished Parsing XDC File [D:/CodeProject/Verilog_Project/COCP/Verilog/constr/nexys4ddr_bupt_riscv.xdc]
WARNING: [Project 1-498] One or more constraints failed evaluation while reading constraint file [D:/CodeProject/Verilog_Project/COCP/Verilog/constr/nexys4ddr_bupt_riscv.xdc] and the design contains unresolved black boxes. These constraints will be read post-synthesis (as long as their source constraint file is marked as used_in_implementation) and should be applied correctly then. You should review the constraints listed in the file [.Xil/top_propImpl.xdc] and check the run log file to verify that these constraints were correctly applied.
INFO: [Project 1-236] Implementation specific constraints were found while reading constraint file [D:/CodeProject/Verilog_Project/COCP/Verilog/constr/nexys4ddr_bupt_riscv.xdc]. These constraints will be ignored for synthesis but will be used in implementation. Impacted constraints are listed in the file [.Xil/top_propImpl.xdc].
Resolution: To avoid this warning, move constraints listed in [.Xil/top_propImpl.xdc] to another XDC file and exclude this new file from synthesis with the used_in_synthesis property (File Properties dialog in GUI) and re-run elaboration/synthesis.
Completed Processing XDC Constraints

Netlist sorting complete. Time (s): cpu = 00:00:00 ; elapsed = 00:00:00.004 . Memory (MB): peak = 1818.422 ; gain = 0.000
INFO: [Project 1-111] Unisim Transformation Summary:
  A total of 2 instances were transformed.
  BUFGCE => BUFGCTRL: 1 instance 
  MMCME2_BASE => MMCME2_ADV: 1 instance 

The system cannot find the path specified.
Constraint Validation Runtime : Time (s): cpu = 00:00:00 ; elapsed = 00:00:00.100 . Memory (MB): peak = 1818.422 ; gain = 0.000
---------------------------------------------------------------------------------
Finished Constraint Validation : Time (s): cpu = 00:00:18 ; elapsed = 00:00:20 . Memory (MB): peak = 1818.422 ; gain = 891.340
---------------------------------------------------------------------------------
---------------------------------------------------------------------------------
Start Loading Part and Timing Information
---------------------------------------------------------------------------------
Loading part: xc7a100tcsg324-1
---------------------------------------------------------------------------------
Finished Loading Part and Timing Information : Time (s): cpu = 00:00:18 ; elapsed = 00:00:20 . Memory (MB): peak = 1818.422 ; gain = 891.340
---------------------------------------------------------------------------------
---------------------------------------------------------------------------------
Start Applying 'set_property' XDC Constraints
---------------------------------------------------------------------------------
Applied set_property IO_BUFFER_TYPE = NONE for ddr2_addr[0]. (constraint file  d:/CodeProject/Verilog_Project/COCP/Verilog/build/bupt_riscv_vivado_acceptance_final/bupt_riscv.gen/sources_1/ip/bupt_riscv_mig/bupt_riscv_mig/bupt_riscv_mig_in_context.xdc, line 7).
Applied set_property CLOCK_BUFFER_TYPE = NONE for ddr2_addr[0]. (constraint file  d:/CodeProject/Verilog_Project/COCP/Verilog/build/bupt_riscv_vivado_acceptance_final/bupt_riscv.gen/sources_1/ip/bupt_riscv_mig/bupt_riscv_mig/bupt_riscv_mig_in_context.xdc, line 8).
Applied set_property IO_BUFFER_TYPE = NONE for ddr2_addr[10]. (constraint file  d:/CodeProject/Verilog_Project/COCP/Verilog/build/bupt_riscv_vivado_acceptance_final/bupt_riscv.gen/sources_1/ip/bupt_riscv_mig/bupt_riscv_mig/bupt_riscv_mig_in_context.xdc, line 9).
Applied set_property CLOCK_BUFFER_TYPE = NONE for ddr2_addr[10]. (constraint file  d:/CodeProject/Verilog_Project/COCP/Verilog/build/bupt_riscv_vivado_acceptance_final/bupt_riscv.gen/sources_1/ip/bupt_riscv_mig/bupt_riscv_mig/bupt_riscv_mig_in_context.xdc, line 10).
Applied set_property IO_BUFFER_TYPE = NONE for ddr2_addr[11]. (constraint file  d:/CodeProject/Verilog_Project/COCP/Verilog/build/bupt_riscv_vivado_acceptance_final/bupt_riscv.gen/sources_1/ip/bupt_riscv_mig/bupt_riscv_mig/bupt_riscv_mig_in_context.xdc, line 11).
Applied set_property CLOCK_BUFFER_TYPE = NONE for ddr2_addr[11]. (constraint file  d:/CodeProject/Verilog_Project/COCP/Verilog/build/bupt_riscv_vivado_acceptance_final/bupt_riscv.gen/sources_1/ip/bupt_riscv_mig/bupt_riscv_mig/bupt_riscv_mig_in_context.xdc, line 12).
Applied set_property IO_BUFFER_TYPE = NONE for ddr2_addr[12]. (constraint file  d:/CodeProject/Verilog_Project/COCP/Verilog/build/bupt_riscv_vivado_acceptance_final/bupt_riscv.gen/sources_1/ip/bupt_riscv_mig/bupt_riscv_mig/bupt_riscv_mig_in_context.xdc, line 13).
Applied set_property CLOCK_BUFFER_TYPE = NONE for ddr2_addr[12]. (constraint file  d:/CodeProject/Verilog_Project/COCP/Verilog/build/bupt_riscv_vivado_acceptance_final/bupt_riscv.gen/sources_1/ip/bupt_riscv_mig/bupt_riscv_mig/bupt_riscv_mig_in_context.xdc, line 14).
Applied set_property IO_BUFFER_TYPE = NONE for ddr2_addr[1]. (constraint file  d:/CodeProject/Verilog_Project/COCP/Verilog/build/bupt_riscv_vivado_acceptance_final/bupt_riscv.gen/sources_1/ip/bupt_riscv_mig/bupt_riscv_mig/bupt_riscv_mig_in_context.xdc, line 15).
Applied set_property CLOCK_BUFFER_TYPE = NONE for ddr2_addr[1]. (constraint file  d:/CodeProject/Verilog_Project/COCP/Verilog/build/bupt_riscv_vivado_acceptance_final/bupt_riscv.gen/sources_1/ip/bupt_riscv_mig/bupt_riscv_mig/bupt_riscv_mig_in_context.xdc, line 16).
Applied set_property IO_BUFFER_TYPE = NONE for ddr2_addr[2]. (constraint file  d:/CodeProject/Verilog_Project/COCP/Verilog/build/bupt_riscv_vivado_acceptance_final/bupt_riscv.gen/sources_1/ip/bupt_riscv_mig/bupt_riscv_mig/bupt_riscv_mig_in_context.xdc, line 17).
Applied set_property CLOCK_BUFFER_TYPE = NONE for ddr2_addr[2]. (constraint file  d:/CodeProject/Verilog_Project/COCP/Verilog/build/bupt_riscv_vivado_acceptance_final/bupt_riscv.gen/sources_1/ip/bupt_riscv_mig/bupt_riscv_mig/bupt_riscv_mig_in_context.xdc, line 18).
Applied set_property IO_BUFFER_TYPE = NONE for ddr2_addr[3]. (constraint file  d:/CodeProject/Verilog_Project/COCP/Verilog/build/bupt_riscv_vivado_acceptance_final/bupt_riscv.gen/sources_1/ip/bupt_riscv_mig/bupt_riscv_mig/bupt_riscv_mig_in_context.xdc, line 19).
Applied set_property CLOCK_BUFFER_TYPE = NONE for ddr2_addr[3]. (constraint file  d:/CodeProject/Verilog_Project/COCP/Verilog/build/bupt_riscv_vivado_acceptance_final/bupt_riscv.gen/sources_1/ip/bupt_riscv_mig/bupt_riscv_mig/bupt_riscv_mig_in_context.xdc, line 20).
Applied set_property IO_BUFFER_TYPE = NONE for ddr2_addr[4]. (constraint file  d:/CodeProject/Verilog_Project/COCP/Verilog/build/bupt_riscv_vivado_acceptance_final/bupt_riscv.gen/sources_1/ip/bupt_riscv_mig/bupt_riscv_mig/bupt_riscv_mig_in_context.xdc, line 21).
Applied set_property CLOCK_BUFFER_TYPE = NONE for ddr2_addr[4]. (constraint file  d:/CodeProject/Verilog_Project/COCP/Verilog/build/bupt_riscv_vivado_acceptance_final/bupt_riscv.gen/sources_1/ip/bupt_riscv_mig/bupt_riscv_mig/bupt_riscv_mig_in_context.xdc, line 22).
Applied set_property IO_BUFFER_TYPE = NONE for ddr2_addr[5]. (constraint file  d:/CodeProject/Verilog_Project/COCP/Verilog/build/bupt_riscv_vivado_acceptance_final/bupt_riscv.gen/sources_1/ip/bupt_riscv_mig/bupt_riscv_mig/bupt_riscv_mig_in_context.xdc, line 23).
Applied set_property CLOCK_BUFFER_TYPE = NONE for ddr2_addr[5]. (constraint file  d:/CodeProject/Verilog_Project/COCP/Verilog/build/bupt_riscv_vivado_acceptance_final/bupt_riscv.gen/sources_1/ip/bupt_riscv_mig/bupt_riscv_mig/bupt_riscv_mig_in_context.xdc, line 24).
Applied set_property IO_BUFFER_TYPE = NONE for ddr2_addr[6]. (constraint file  d:/CodeProject/Verilog_Project/COCP/Verilog/build/bupt_riscv_vivado_acceptance_final/bupt_riscv.gen/sources_1/ip/bupt_riscv_mig/bupt_riscv_mig/bupt_riscv_mig_in_context.xdc, line 25).
Applied set_property CLOCK_BUFFER_TYPE = NONE for ddr2_addr[6]. (constraint file  d:/CodeProject/Verilog_Project/COCP/Verilog/build/bupt_riscv_vivado_acceptance_final/bupt_riscv.gen/sources_1/ip/bupt_riscv_mig/bupt_riscv_mig/bupt_riscv_mig_in_context.xdc, line 26).
Applied set_property IO_BUFFER_TYPE = NONE for ddr2_addr[7]. (constraint file  d:/CodeProject/Verilog_Project/COCP/Verilog/build/bupt_riscv_vivado_acceptance_final/bupt_riscv.gen/sources_1/ip/bupt_riscv_mig/bupt_riscv_mig/bupt_riscv_mig_in_context.xdc, line 27).
Applied set_property CLOCK_BUFFER_TYPE = NONE for ddr2_addr[7]. (constraint file  d:/CodeProject/Verilog_Project/COCP/Verilog/build/bupt_riscv_vivado_acceptance_final/bupt_riscv.gen/sources_1/ip/bupt_riscv_mig/bupt_riscv_mig/bupt_riscv_mig_in_context.xdc, line 28).
Applied set_property IO_BUFFER_TYPE = NONE for ddr2_addr[8]. (constraint file  d:/CodeProject/Verilog_Project/COCP/Verilog/build/bupt_riscv_vivado_acceptance_final/bupt_riscv.gen/sources_1/ip/bupt_riscv_mig/bupt_riscv_mig/bupt_riscv_mig_in_context.xdc, line 29).
Applied set_property CLOCK_BUFFER_TYPE = NONE for ddr2_addr[8]. (constraint file  d:/CodeProject/Verilog_Project/COCP/Verilog/build/bupt_riscv_vivado_acceptance_final/bupt_riscv.gen/sources_1/ip/bupt_riscv_mig/bupt_riscv_mig/bupt_riscv_mig_in_context.xdc, line 30).
Applied set_property IO_BUFFER_TYPE = NONE for ddr2_addr[9]. (constraint file  d:/CodeProject/Verilog_Project/COCP/Verilog/build/bupt_riscv_vivado_acceptance_final/bupt_riscv.gen/sources_1/ip/bupt_riscv_mig/bupt_riscv_mig/bupt_riscv_mig_in_context.xdc, line 31).
Applied set_property CLOCK_BUFFER_TYPE = NONE for ddr2_addr[9]. (constraint file  d:/CodeProject/Verilog_Project/COCP/Verilog/build/bupt_riscv_vivado_acceptance_final/bupt_riscv.gen/sources_1/ip/bupt_riscv_mig/bupt_riscv_mig/bupt_riscv_mig_in_context.xdc, line 32).
Applied set_property IO_BUFFER_TYPE = NONE for ddr2_ba[0]. (constraint file  d:/CodeProject/Verilog_Project/COCP/Verilog/build/bupt_riscv_vivado_acceptance_final/bupt_riscv.gen/sources_1/ip/bupt_riscv_mig/bupt_riscv_mig/bupt_riscv_mig_in_context.xdc, line 33).
Applied set_property CLOCK_BUFFER_TYPE = NONE for ddr2_ba[0]. (constraint file  d:/CodeProject/Verilog_Project/COCP/Verilog/build/bupt_riscv_vivado_acceptance_final/bupt_riscv.gen/sources_1/ip/bupt_riscv_mig/bupt_riscv_mig/bupt_riscv_mig_in_context.xdc, line 34).
Applied set_property IO_BUFFER_TYPE = NONE for ddr2_ba[1]. (constraint file  d:/CodeProject/Verilog_Project/COCP/Verilog/build/bupt_riscv_vivado_acceptance_final/bupt_riscv.gen/sources_1/ip/bupt_riscv_mig/bupt_riscv_mig/bupt_riscv_mig_in_context.xdc, line 35).
Applied set_property CLOCK_BUFFER_TYPE = NONE for ddr2_ba[1]. (constraint file  d:/CodeProject/Verilog_Project/COCP/Verilog/build/bupt_riscv_vivado_acceptance_final/bupt_riscv.gen/sources_1/ip/bupt_riscv_mig/bupt_riscv_mig/bupt_riscv_mig_in_context.xdc, line 36).
Applied set_property IO_BUFFER_TYPE = NONE for ddr2_ba[2]. (constraint file  d:/CodeProject/Verilog_Project/COCP/Verilog/build/bupt_riscv_vivado_acceptance_final/bupt_riscv.gen/sources_1/ip/bupt_riscv_mig/bupt_riscv_mig/bupt_riscv_mig_in_context.xdc, line 37).
Applied set_property CLOCK_BUFFER_TYPE = NONE for ddr2_ba[2]. (constraint file  d:/CodeProject/Verilog_Project/COCP/Verilog/build/bupt_riscv_vivado_acceptance_final/bupt_riscv.gen/sources_1/ip/bupt_riscv_mig/bupt_riscv_mig/bupt_riscv_mig_in_context.xdc, line 38).
Applied set_property IO_BUFFER_TYPE = NONE for ddr2_cas_n. (constraint file  d:/CodeProject/Verilog_Project/COCP/Verilog/build/bupt_riscv_vivado_acceptance_final/bupt_riscv.gen/sources_1/ip/bupt_riscv_mig/bupt_riscv_mig/bupt_riscv_mig_in_context.xdc, line 39).
Applied set_property CLOCK_BUFFER_TYPE = NONE for ddr2_cas_n. (constraint file  d:/CodeProject/Verilog_Project/COCP/Verilog/build/bupt_riscv_vivado_acceptance_final/bupt_riscv.gen/sources_1/ip/bupt_riscv_mig/bupt_riscv_mig/bupt_riscv_mig_in_context.xdc, line 40).
Applied set_property IO_BUFFER_TYPE = NONE for ddr2_ck_n[0]. (constraint file  d:/CodeProject/Verilog_Project/COCP/Verilog/build/bupt_riscv_vivado_acceptance_final/bupt_riscv.gen/sources_1/ip/bupt_riscv_mig/bupt_riscv_mig/bupt_riscv_mig_in_context.xdc, line 41).
Applied set_property CLOCK_BUFFER_TYPE = NONE for ddr2_ck_n[0]. (constraint file  d:/CodeProject/Verilog_Project/COCP/Verilog/build/bupt_riscv_vivado_acceptance_final/bupt_riscv.gen/sources_1/ip/bupt_riscv_mig/bupt_riscv_mig/bupt_riscv_mig_in_context.xdc, line 42).
Applied set_property IO_BUFFER_TYPE = NONE for ddr2_ck_p[0]. (constraint file  d:/CodeProject/Verilog_Project/COCP/Verilog/build/bupt_riscv_vivado_acceptance_final/bupt_riscv.gen/sources_1/ip/bupt_riscv_mig/bupt_riscv_mig/bupt_riscv_mig_in_context.xdc, line 43).
Applied set_property CLOCK_BUFFER_TYPE = NONE for ddr2_ck_p[0]. (constraint file  d:/CodeProject/Verilog_Project/COCP/Verilog/build/bupt_riscv_vivado_acceptance_final/bupt_riscv.gen/sources_1/ip/bupt_riscv_mig/bupt_riscv_mig/bupt_riscv_mig_in_context.xdc, line 44).
Applied set_property IO_BUFFER_TYPE = NONE for ddr2_cke[0]. (constraint file  d:/CodeProject/Verilog_Project/COCP/Verilog/build/bupt_riscv_vivado_acceptance_final/bupt_riscv.gen/sources_1/ip/bupt_riscv_mig/bupt_riscv_mig/bupt_riscv_mig_in_context.xdc, line 45).
Applied set_property CLOCK_BUFFER_TYPE = NONE for ddr2_cke[0]. (constraint file  d:/CodeProject/Verilog_Project/COCP/Verilog/build/bupt_riscv_vivado_acceptance_final/bupt_riscv.gen/sources_1/ip/bupt_riscv_mig/bupt_riscv_mig/bupt_riscv_mig_in_context.xdc, line 46).
Applied set_property IO_BUFFER_TYPE = NONE for ddr2_cs_n[0]. (constraint file  d:/CodeProject/Verilog_Project/COCP/Verilog/build/bupt_riscv_vivado_acceptance_final/bupt_riscv.gen/sources_1/ip/bupt_riscv_mig/bupt_riscv_mig/bupt_riscv_mig_in_context.xdc, line 47).
Applied set_property CLOCK_BUFFER_TYPE = NONE for ddr2_cs_n[0]. (constraint file  d:/CodeProject/Verilog_Project/COCP/Verilog/build/bupt_riscv_vivado_acceptance_final/bupt_riscv.gen/sources_1/ip/bupt_riscv_mig/bupt_riscv_mig/bupt_riscv_mig_in_context.xdc, line 48).
Applied set_property IO_BUFFER_TYPE = NONE for ddr2_dm[0]. (constraint file  d:/CodeProject/Verilog_Project/COCP/Verilog/build/bupt_riscv_vivado_acceptance_final/bupt_riscv.gen/sources_1/ip/bupt_riscv_mig/bupt_riscv_mig/bupt_riscv_mig_in_context.xdc, line 49).
Applied set_property CLOCK_BUFFER_TYPE = NONE for ddr2_dm[0]. (constraint file  d:/CodeProject/Verilog_Project/COCP/Verilog/build/bupt_riscv_vivado_acceptance_final/bupt_riscv.gen/sources_1/ip/bupt_riscv_mig/bupt_riscv_mig/bupt_riscv_mig_in_context.xdc, line 50).
Applied set_property IO_BUFFER_TYPE = NONE for ddr2_dm[1]. (constraint file  d:/CodeProject/Verilog_Project/COCP/Verilog/build/bupt_riscv_vivado_acceptance_final/bupt_riscv.gen/sources_1/ip/bupt_riscv_mig/bupt_riscv_mig/bupt_riscv_mig_in_context.xdc, line 51).
Applied set_property CLOCK_BUFFER_TYPE = NONE for ddr2_dm[1]. (constraint file  d:/CodeProject/Verilog_Project/COCP/Verilog/build/bupt_riscv_vivado_acceptance_final/bupt_riscv.gen/sources_1/ip/bupt_riscv_mig/bupt_riscv_mig/bupt_riscv_mig_in_context.xdc, line 52).
Applied set_property IO_BUFFER_TYPE = NONE for ddr2_dq[0]. (constraint file  d:/CodeProject/Verilog_Project/COCP/Verilog/build/bupt_riscv_vivado_acceptance_final/bupt_riscv.gen/sources_1/ip/bupt_riscv_mig/bupt_riscv_mig/bupt_riscv_mig_in_context.xdc, line 53).
Applied set_property CLOCK_BUFFER_TYPE = NONE for ddr2_dq[0]. (constraint file  d:/CodeProject/Verilog_Project/COCP/Verilog/build/bupt_riscv_vivado_acceptance_final/bupt_riscv.gen/sources_1/ip/bupt_riscv_mig/bupt_riscv_mig/bupt_riscv_mig_in_context.xdc, line 54).
Applied set_property IO_BUFFER_TYPE = NONE for ddr2_dq[10]. (constraint file  d:/CodeProject/Verilog_Project/COCP/Verilog/build/bupt_riscv_vivado_acceptance_final/bupt_riscv.gen/sources_1/ip/bupt_riscv_mig/bupt_riscv_mig/bupt_riscv_mig_in_context.xdc, line 55).
Applied set_property CLOCK_BUFFER_TYPE = NONE for ddr2_dq[10]. (constraint file  d:/CodeProject/Verilog_Project/COCP/Verilog/build/bupt_riscv_vivado_acceptance_final/bupt_riscv.gen/sources_1/ip/bupt_riscv_mig/bupt_riscv_mig/bupt_riscv_mig_in_context.xdc, line 56).
Applied set_property IO_BUFFER_TYPE = NONE for ddr2_dq[11]. (constraint file  d:/CodeProject/Verilog_Project/COCP/Verilog/build/bupt_riscv_vivado_acceptance_final/bupt_riscv.gen/sources_1/ip/bupt_riscv_mig/bupt_riscv_mig/bupt_riscv_mig_in_context.xdc, line 57).
Applied set_property CLOCK_BUFFER_TYPE = NONE for ddr2_dq[11]. (constraint file  d:/CodeProject/Verilog_Project/COCP/Verilog/build/bupt_riscv_vivado_acceptance_final/bupt_riscv.gen/sources_1/ip/bupt_riscv_mig/bupt_riscv_mig/bupt_riscv_mig_in_context.xdc, line 58).
Applied set_property IO_BUFFER_TYPE = NONE for ddr2_dq[12]. (constraint file  d:/CodeProject/Verilog_Project/COCP/Verilog/build/bupt_riscv_vivado_acceptance_final/bupt_riscv.gen/sources_1/ip/bupt_riscv_mig/bupt_riscv_mig/bupt_riscv_mig_in_context.xdc, line 59).
Applied set_property CLOCK_BUFFER_TYPE = NONE for ddr2_dq[12]. (constraint file  d:/CodeProject/Verilog_Project/COCP/Verilog/build/bupt_riscv_vivado_acceptance_final/bupt_riscv.gen/sources_1/ip/bupt_riscv_mig/bupt_riscv_mig/bupt_riscv_mig_in_context.xdc, line 60).
Applied set_property IO_BUFFER_TYPE = NONE for ddr2_dq[13]. (constraint file  d:/CodeProject/Verilog_Project/COCP/Verilog/build/bupt_riscv_vivado_acceptance_final/bupt_riscv.gen/sources_1/ip/bupt_riscv_mig/bupt_riscv_mig/bupt_riscv_mig_in_context.xdc, line 61).
Applied set_property CLOCK_BUFFER_TYPE = NONE for ddr2_dq[13]. (constraint file  d:/CodeProject/Verilog_Project/COCP/Verilog/build/bupt_riscv_vivado_acceptance_final/bupt_riscv.gen/sources_1/ip/bupt_riscv_mig/bupt_riscv_mig/bupt_riscv_mig_in_context.xdc, line 62).
Applied set_property IO_BUFFER_TYPE = NONE for ddr2_dq[14]. (constraint file  d:/CodeProject/Verilog_Project/COCP/Verilog/build/bupt_riscv_vivado_acceptance_final/bupt_riscv.gen/sources_1/ip/bupt_riscv_mig/bupt_riscv_mig/bupt_riscv_mig_in_context.xdc, line 63).
Applied set_property CLOCK_BUFFER_TYPE = NONE for ddr2_dq[14]. (constraint file  d:/CodeProject/Verilog_Project/COCP/Verilog/build/bupt_riscv_vivado_acceptance_final/bupt_riscv.gen/sources_1/ip/bupt_riscv_mig/bupt_riscv_mig/bupt_riscv_mig_in_context.xdc, line 64).
Applied set_property IO_BUFFER_TYPE = NONE for ddr2_dq[15]. (constraint file  d:/CodeProject/Verilog_Project/COCP/Verilog/build/bupt_riscv_vivado_acceptance_final/bupt_riscv.gen/sources_1/ip/bupt_riscv_mig/bupt_riscv_mig/bupt_riscv_mig_in_context.xdc, line 65).
Applied set_property CLOCK_BUFFER_TYPE = NONE for ddr2_dq[15]. (constraint file  d:/CodeProject/Verilog_Project/COCP/Verilog/build/bupt_riscv_vivado_acceptance_final/bupt_riscv.gen/sources_1/ip/bupt_riscv_mig/bupt_riscv_mig/bupt_riscv_mig_in_context.xdc, line 66).
Applied set_property IO_BUFFER_TYPE = NONE for ddr2_dq[1]. (constraint file  d:/CodeProject/Verilog_Project/COCP/Verilog/build/bupt_riscv_vivado_acceptance_final/bupt_riscv.gen/sources_1/ip/bupt_riscv_mig/bupt_riscv_mig/bupt_riscv_mig_in_context.xdc, line 67).
Applied set_property CLOCK_BUFFER_TYPE = NONE for ddr2_dq[1]. (constraint file  d:/CodeProject/Verilog_Project/COCP/Verilog/build/bupt_riscv_vivado_acceptance_final/bupt_riscv.gen/sources_1/ip/bupt_riscv_mig/bupt_riscv_mig/bupt_riscv_mig_in_context.xdc, line 68).
Applied set_property IO_BUFFER_TYPE = NONE for ddr2_dq[2]. (constraint file  d:/CodeProject/Verilog_Project/COCP/Verilog/build/bupt_riscv_vivado_acceptance_final/bupt_riscv.gen/sources_1/ip/bupt_riscv_mig/bupt_riscv_mig/bupt_riscv_mig_in_context.xdc, line 69).
Applied set_property CLOCK_BUFFER_TYPE = NONE for ddr2_dq[2]. (constraint file  d:/CodeProject/Verilog_Project/COCP/Verilog/build/bupt_riscv_vivado_acceptance_final/bupt_riscv.gen/sources_1/ip/bupt_riscv_mig/bupt_riscv_mig/bupt_riscv_mig_in_context.xdc, line 70).
Applied set_property IO_BUFFER_TYPE = NONE for ddr2_dq[3]. (constraint file  d:/CodeProject/Verilog_Project/COCP/Verilog/build/bupt_riscv_vivado_acceptance_final/bupt_riscv.gen/sources_1/ip/bupt_riscv_mig/bupt_riscv_mig/bupt_riscv_mig_in_context.xdc, line 71).
Applied set_property CLOCK_BUFFER_TYPE = NONE for ddr2_dq[3]. (constraint file  d:/CodeProject/Verilog_Project/COCP/Verilog/build/bupt_riscv_vivado_acceptance_final/bupt_riscv.gen/sources_1/ip/bupt_riscv_mig/bupt_riscv_mig/bupt_riscv_mig_in_context.xdc, line 72).
Applied set_property IO_BUFFER_TYPE = NONE for ddr2_dq[4]. (constraint file  d:/CodeProject/Verilog_Project/COCP/Verilog/build/bupt_riscv_vivado_acceptance_final/bupt_riscv.gen/sources_1/ip/bupt_riscv_mig/bupt_riscv_mig/bupt_riscv_mig_in_context.xdc, line 73).
Applied set_property CLOCK_BUFFER_TYPE = NONE for ddr2_dq[4]. (constraint file  d:/CodeProject/Verilog_Project/COCP/Verilog/build/bupt_riscv_vivado_acceptance_final/bupt_riscv.gen/sources_1/ip/bupt_riscv_mig/bupt_riscv_mig/bupt_riscv_mig_in_context.xdc, line 74).
Applied set_property IO_BUFFER_TYPE = NONE for ddr2_dq[5]. (constraint file  d:/CodeProject/Verilog_Project/COCP/Verilog/build/bupt_riscv_vivado_acceptance_final/bupt_riscv.gen/sources_1/ip/bupt_riscv_mig/bupt_riscv_mig/bupt_riscv_mig_in_context.xdc, line 75).
Applied set_property CLOCK_BUFFER_TYPE = NONE for ddr2_dq[5]. (constraint file  d:/CodeProject/Verilog_Project/COCP/Verilog/build/bupt_riscv_vivado_acceptance_final/bupt_riscv.gen/sources_1/ip/bupt_riscv_mig/bupt_riscv_mig/bupt_riscv_mig_in_context.xdc, line 76).
Applied set_property IO_BUFFER_TYPE = NONE for ddr2_dq[6]. (constraint file  d:/CodeProject/Verilog_Project/COCP/Verilog/build/bupt_riscv_vivado_acceptance_final/bupt_riscv.gen/sources_1/ip/bupt_riscv_mig/bupt_riscv_mig/bupt_riscv_mig_in_context.xdc, line 77).
Applied set_property CLOCK_BUFFER_TYPE = NONE for ddr2_dq[6]. (constraint file  d:/CodeProject/Verilog_Project/COCP/Verilog/build/bupt_riscv_vivado_acceptance_final/bupt_riscv.gen/sources_1/ip/bupt_riscv_mig/bupt_riscv_mig/bupt_riscv_mig_in_context.xdc, line 78).
Applied set_property IO_BUFFER_TYPE = NONE for ddr2_dq[7]. (constraint file  d:/CodeProject/Verilog_Project/COCP/Verilog/build/bupt_riscv_vivado_acceptance_final/bupt_riscv.gen/sources_1/ip/bupt_riscv_mig/bupt_riscv_mig/bupt_riscv_mig_in_context.xdc, line 79).
Applied set_property CLOCK_BUFFER_TYPE = NONE for ddr2_dq[7]. (constraint file  d:/CodeProject/Verilog_Project/COCP/Verilog/build/bupt_riscv_vivado_acceptance_final/bupt_riscv.gen/sources_1/ip/bupt_riscv_mig/bupt_riscv_mig/bupt_riscv_mig_in_context.xdc, line 80).
Applied set_property IO_BUFFER_TYPE = NONE for ddr2_dq[8]. (constraint file  d:/CodeProject/Verilog_Project/COCP/Verilog/build/bupt_riscv_vivado_acceptance_final/bupt_riscv.gen/sources_1/ip/bupt_riscv_mig/bupt_riscv_mig/bupt_riscv_mig_in_context.xdc, line 81).
Applied set_property CLOCK_BUFFER_TYPE = NONE for ddr2_dq[8]. (constraint file  d:/CodeProject/Verilog_Project/COCP/Verilog/build/bupt_riscv_vivado_acceptance_final/bupt_riscv.gen/sources_1/ip/bupt_riscv_mig/bupt_riscv_mig/bupt_riscv_mig_in_context.xdc, line 82).
Applied set_property IO_BUFFER_TYPE = NONE for ddr2_dq[9]. (constraint file  d:/CodeProject/Verilog_Project/COCP/Verilog/build/bupt_riscv_vivado_acceptance_final/bupt_riscv.gen/sources_1/ip/bupt_riscv_mig/bupt_riscv_mig/bupt_riscv_mig_in_context.xdc, line 83).
Applied set_property CLOCK_BUFFER_TYPE = NONE for ddr2_dq[9]. (constraint file  d:/CodeProject/Verilog_Project/COCP/Verilog/build/bupt_riscv_vivado_acceptance_final/bupt_riscv.gen/sources_1/ip/bupt_riscv_mig/bupt_riscv_mig/bupt_riscv_mig_in_context.xdc, line 84).
Applied set_property IO_BUFFER_TYPE = NONE for ddr2_dqs_n[0]. (constraint file  d:/CodeProject/Verilog_Project/COCP/Verilog/build/bupt_riscv_vivado_acceptance_final/bupt_riscv.gen/sources_1/ip/bupt_riscv_mig/bupt_riscv_mig/bupt_riscv_mig_in_context.xdc, line 85).
Applied set_property CLOCK_BUFFER_TYPE = NONE for ddr2_dqs_n[0]. (constraint file  d:/CodeProject/Verilog_Project/COCP/Verilog/build/bupt_riscv_vivado_acceptance_final/bupt_riscv.gen/sources_1/ip/bupt_riscv_mig/bupt_riscv_mig/bupt_riscv_mig_in_context.xdc, line 86).
Applied set_property IO_BUFFER_TYPE = NONE for ddr2_dqs_n[1]. (constraint file  d:/CodeProject/Verilog_Project/COCP/Verilog/build/bupt_riscv_vivado_acceptance_final/bupt_riscv.gen/sources_1/ip/bupt_riscv_mig/bupt_riscv_mig/bupt_riscv_mig_in_context.xdc, line 87).
Applied set_property CLOCK_BUFFER_TYPE = NONE for ddr2_dqs_n[1]. (constraint file  d:/CodeProject/Verilog_Project/COCP/Verilog/build/bupt_riscv_vivado_acceptance_final/bupt_riscv.gen/sources_1/ip/bupt_riscv_mig/bupt_riscv_mig/bupt_riscv_mig_in_context.xdc, line 88).
Applied set_property IO_BUFFER_TYPE = NONE for ddr2_dqs_p[0]. (constraint file  d:/CodeProject/Verilog_Project/COCP/Verilog/build/bupt_riscv_vivado_acceptance_final/bupt_riscv.gen/sources_1/ip/bupt_riscv_mig/bupt_riscv_mig/bupt_riscv_mig_in_context.xdc, line 89).
Applied set_property CLOCK_BUFFER_TYPE = NONE for ddr2_dqs_p[0]. (constraint file  d:/CodeProject/Verilog_Project/COCP/Verilog/build/bupt_riscv_vivado_acceptance_final/bupt_riscv.gen/sources_1/ip/bupt_riscv_mig/bupt_riscv_mig/bupt_riscv_mig_in_context.xdc, line 90).
Applied set_property IO_BUFFER_TYPE = NONE for ddr2_dqs_p[1]. (constraint file  d:/CodeProject/Verilog_Project/COCP/Verilog/build/bupt_riscv_vivado_acceptance_final/bupt_riscv.gen/sources_1/ip/bupt_riscv_mig/bupt_riscv_mig/bupt_riscv_mig_in_context.xdc, line 91).
Applied set_property CLOCK_BUFFER_TYPE = NONE for ddr2_dqs_p[1]. (constraint file  d:/CodeProject/Verilog_Project/COCP/Verilog/build/bupt_riscv_vivado_acceptance_final/bupt_riscv.gen/sources_1/ip/bupt_riscv_mig/bupt_riscv_mig/bupt_riscv_mig_in_context.xdc, line 92).
Applied set_property IO_BUFFER_TYPE = NONE for ddr2_odt[0]. (constraint file  d:/CodeProject/Verilog_Project/COCP/Verilog/build/bupt_riscv_vivado_acceptance_final/bupt_riscv.gen/sources_1/ip/bupt_riscv_mig/bupt_riscv_mig/bupt_riscv_mig_in_context.xdc, line 93).
Applied set_property CLOCK_BUFFER_TYPE = NONE for ddr2_odt[0]. (constraint file  d:/CodeProject/Verilog_Project/COCP/Verilog/build/bupt_riscv_vivado_acceptance_final/bupt_riscv.gen/sources_1/ip/bupt_riscv_mig/bupt_riscv_mig/bupt_riscv_mig_in_context.xdc, line 94).
Applied set_property IO_BUFFER_TYPE = NONE for ddr2_ras_n. (constraint file  d:/CodeProject/Verilog_Project/COCP/Verilog/build/bupt_riscv_vivado_acceptance_final/bupt_riscv.gen/sources_1/ip/bupt_riscv_mig/bupt_riscv_mig/bupt_riscv_mig_in_context.xdc, line 95).
Applied set_property CLOCK_BUFFER_TYPE = NONE for ddr2_ras_n. (constraint file  d:/CodeProject/Verilog_Project/COCP/Verilog/build/bupt_riscv_vivado_acceptance_final/bupt_riscv.gen/sources_1/ip/bupt_riscv_mig/bupt_riscv_mig/bupt_riscv_mig_in_context.xdc, line 96).
Applied set_property IO_BUFFER_TYPE = NONE for ddr2_we_n. (constraint file  d:/CodeProject/Verilog_Project/COCP/Verilog/build/bupt_riscv_vivado_acceptance_final/bupt_riscv.gen/sources_1/ip/bupt_riscv_mig/bupt_riscv_mig/bupt_riscv_mig_in_context.xdc, line 97).
Applied set_property CLOCK_BUFFER_TYPE = NONE for ddr2_we_n. (constraint file  d:/CodeProject/Verilog_Project/COCP/Verilog/build/bupt_riscv_vivado_acceptance_final/bupt_riscv.gen/sources_1/ip/bupt_riscv_mig/bupt_riscv_mig/bupt_riscv_mig_in_context.xdc, line 98).
Applied set_property KEEP_HIERARCHY = SOFT for u_bupt_riscv_mig. (constraint file  auto generated constraint).
---------------------------------------------------------------------------------
Finished applying 'set_property' XDC Constraints : Time (s): cpu = 00:00:18 ; elapsed = 00:00:20 . Memory (MB): peak = 1818.422 ; gain = 891.340
---------------------------------------------------------------------------------
INFO: [Synth 8-802] inferred FSM for state register 'state_reg' in module 'icache'
INFO: [Synth 8-802] inferred FSM for state register 'state_reg' in module 'uart_tx'
INFO: [Synth 8-802] inferred FSM for state register 'state_reg' in module 'uart_rx'
INFO: [Synth 8-802] inferred FSM for state register 'state_reg' in module 'dcache_2way_lru'
INFO: [Synth 8-802] inferred FSM for state register 'state_reg' in module 'ddr_bridge'
INFO: [Synth 8-802] inferred FSM for state register 'state_reg' in module 'mig_axi_adapter'
---------------------------------------------------------------------------------------------------
                   State |                     New Encoding |                Previous Encoding 
---------------------------------------------------------------------------------------------------
                  S_IDLE |                             0001 |                               00
                 S_ISSUE |                             0010 |                               01
               S_CAPTURE |                             0100 |                               10
                S_COMMIT |                             1000 |                               11
---------------------------------------------------------------------------------------------------
INFO: [Synth 8-3354] encoded FSM with state register 'state_reg' using encoding 'one-hot' in module 'icache'
---------------------------------------------------------------------------------------------------
                   State |                     New Encoding |                Previous Encoding 
---------------------------------------------------------------------------------------------------
                  S_IDLE |                               00 |                               00
                 S_START |                               01 |                               01
                  S_DATA |                               10 |                               10
                  S_STOP |                               11 |                               11
---------------------------------------------------------------------------------------------------
INFO: [Synth 8-3354] encoded FSM with state register 'state_reg' using encoding 'sequential' in module 'uart_tx'
---------------------------------------------------------------------------------------------------
                   State |                     New Encoding |                Previous Encoding 
---------------------------------------------------------------------------------------------------
                  S_IDLE |                               00 |                               00
                 S_START |                               01 |                               01
                  S_DATA |                               10 |                               10
                  S_STOP |                               11 |                               11
---------------------------------------------------------------------------------------------------
INFO: [Synth 8-3354] encoded FSM with state register 'state_reg' using encoding 'sequential' in module 'uart_rx'
---------------------------------------------------------------------------------------------------
                   State |                     New Encoding |                Previous Encoding 
---------------------------------------------------------------------------------------------------
                  S_IDLE |                              000 |                              000
            S_WRITE_WAIT |                              001 |                              001
          S_REFILL_ISSUE |                              010 |                              010
           S_REFILL_WAIT |                              011 |                              011
                  S_DONE |                              100 |                              100
---------------------------------------------------------------------------------------------------
INFO: [Synth 8-3354] encoded FSM with state register 'state_reg' using encoding 'sequential' in module 'dcache_2way_lru'
---------------------------------------------------------------------------------------------------
                   State |                     New Encoding |                Previous Encoding 
---------------------------------------------------------------------------------------------------
                  S_IDLE |                               00 |                               00
                 S_ISSUE |                               01 |                               01
                  S_WAIT |                               10 |                               10
                  S_DONE |                               11 |                               11
---------------------------------------------------------------------------------------------------
INFO: [Synth 8-3354] encoded FSM with state register 'state_reg' using encoding 'sequential' in module 'ddr_bridge'
---------------------------------------------------------------------------------------------------
                   State |                     New Encoding |                Previous Encoding 
---------------------------------------------------------------------------------------------------
                  S_IDLE |                               00 |                               00
                 S_WRITE |                               01 |                               01
                  S_READ |                               10 |                               10
                  S_RESP |                               11 |                               11
---------------------------------------------------------------------------------------------------
INFO: [Synth 8-3354] encoded FSM with state register 'state_reg' using encoding 'sequential' in module 'mig_axi_adapter'
---------------------------------------------------------------------------------
Finished RTL Optimization Phase 2 : Time (s): cpu = 00:00:24 ; elapsed = 00:00:26 . Memory (MB): peak = 1818.422 ; gain = 891.340
---------------------------------------------------------------------------------
INFO: [Synth 8-223] decloning instance 'soc/cpu/idex_rs1' (flopenrc__parameterized1) to 'soc/cpu/idex_zimm'
INFO: [Synth 8-223] decloning instance 'soc/cpu/idex_funct3' (flopenrc__parameterized2) to 'soc/cpu/idex_loadfunct'
INFO: [Synth 8-223] decloning instance 'soc/cpu/idex_funct3' (flopenrc__parameterized2) to 'soc/cpu/idex_storefunct'
---------------------------------------------------------------------------------
Start RTL Component Statistics 
---------------------------------------------------------------------------------
Detailed RTL Component Info : 
+---Adders : 
	   2 Input   64 Bit       Adders := 2     
	   2 Input   32 Bit       Adders := 24    
	   3 Input   32 Bit       Adders := 2     
	   2 Input   25 Bit       Adders := 2     
	   2 Input   19 Bit       Adders := 4     
	   3 Input    8 Bit       Adders := 3     
	   2 Input    8 Bit       Adders := 2     
	   2 Input    6 Bit       Adders := 2     
	   2 Input    3 Bit       Adders := 2     
	   2 Input    2 Bit       Adders := 4     
+---XORs : 
	   2 Input     32 Bit         XORs := 1     
	   2 Input      1 Bit         XORs := 2     
+---Registers : 
	               64 Bit    Registers := 2     
	               32 Bit    Registers := 618   
	               27 Bit    Registers := 5     
	               25 Bit    Registers := 1     
	               24 Bit    Registers := 33    
	               23 Bit    Registers := 128   
	               22 Bit    Registers := 65    
	               19 Bit    Registers := 4     
	               16 Bit    Registers := 2     
	               12 Bit    Registers := 1     
	                8 Bit    Registers := 24    
	                6 Bit    Registers := 3     
	                5 Bit    Registers := 6     
	                4 Bit    Registers := 13    
	                3 Bit    Registers := 6     
	                2 Bit    Registers := 144   
	                1 Bit    Registers := 334   
+---RAMs : 
	              32K Bit	(1024 X 32 bit)          RAMs := 1     
	             1024 Bit	(32 X 32 bit)          RAMs := 1     
+---ROMs : 
	                    ROMs := 2     
+---Muxes : 
	   3 Input   64 Bit        Muxes := 1     
	   2 Input   64 Bit        Muxes := 4     
	   2 Input   32 Bit        Muxes := 101   
	   4 Input   32 Bit        Muxes := 12    
	   5 Input   32 Bit        Muxes := 18    
	   6 Input   32 Bit        Muxes := 1     
	   3 Input   32 Bit        Muxes := 4     
	   9 Input   32 Bit        Muxes := 1     
	   7 Input   32 Bit        Muxes := 1     
	   2 Input   31 Bit        Muxes := 1     
	   2 Input   25 Bit        Muxes := 3     
	   2 Input   24 Bit        Muxes := 3     
	   2 Input   23 Bit        Muxes := 2     
	   2 Input   19 Bit        Muxes := 8     
	   2 Input   16 Bit        Muxes := 3     
	   2 Input    8 Bit        Muxes := 16    
	   4 Input    8 Bit        Muxes := 3     
	   3 Input    8 Bit        Muxes := 1     
	   8 Input    8 Bit        Muxes := 1     
	   9 Input    8 Bit        Muxes := 1     
	  17 Input    7 Bit        Muxes := 1     
	   2 Input    7 Bit        Muxes := 2     
	   8 Input    5 Bit        Muxes := 1     
	   2 Input    5 Bit        Muxes := 2     
	  11 Input    5 Bit        Muxes := 1     
	   4 Input    4 Bit        Muxes := 1     
	   2 Input    4 Bit        Muxes := 4     
	   5 Input    4 Bit        Muxes := 2     
	   8 Input    4 Bit        Muxes := 2     
	   5 Input    3 Bit        Muxes := 2     
	   2 Input    3 Bit        Muxes := 8     
	   4 Input    3 Bit        Muxes := 2     
	   6 Input    3 Bit        Muxes := 1     
	   7 Input    3 Bit        Muxes := 1     
	  11 Input    3 Bit        Muxes := 1     
	   2 Input    2 Bit        Muxes := 13    
	   4 Input    2 Bit        Muxes := 5     
	   5 Input    2 Bit        Muxes := 1     
	  11 Input    2 Bit        Muxes := 2     
	   2 Input    1 Bit        Muxes := 1134  
	   4 Input    1 Bit        Muxes := 178   
	   5 Input    1 Bit        Muxes := 308   
	   3 Input    1 Bit        Muxes := 2     
	   9 Input    1 Bit        Muxes := 1     
	   6 Input    1 Bit        Muxes := 4     
	  11 Input    1 Bit        Muxes := 13    
	   8 Input    1 Bit        Muxes := 1     
---------------------------------------------------------------------------------
Finished RTL Component Statistics 
---------------------------------------------------------------------------------
---------------------------------------------------------------------------------
Start Part Resource Summary
---------------------------------------------------------------------------------
Part Resources:
DSPs: 240 (col length:80)
BRAMs: 270 (col length: RAMB18 80 RAMB36 40)
---------------------------------------------------------------------------------
Finished Part Resource Summary
---------------------------------------------------------------------------------
---------------------------------------------------------------------------------
Start Cross Boundary and Area Optimization
---------------------------------------------------------------------------------
WARNING: [Synth 8-7080] Parallel synthesis criteria is not met
DSP Report: Generating DSP fp/mul_unit/exp_y1, operation Mode is: A*B2.
DSP Report: register fp/mul_unit/exp_y1 is absorbed into DSP fp/mul_unit/exp_y1.
DSP Report: operator fp/mul_unit/exp_y1 is absorbed into DSP fp/mul_unit/exp_y1.
DSP Report: operator fp/mul_unit/exp_y1 is absorbed into DSP fp/mul_unit/exp_y1.
DSP Report: Generating DSP fp/mul_unit/exp_y1, operation Mode is: (PCIN>>17)+A*B.
DSP Report: operator fp/mul_unit/exp_y1 is absorbed into DSP fp/mul_unit/exp_y1.
DSP Report: operator fp/mul_unit/exp_y1 is absorbed into DSP fp/mul_unit/exp_y1.
---------------------------------------------------------------------------------
Finished Cross Boundary and Area Optimization : Time (s): cpu = 00:01:23 ; elapsed = 00:01:29 . Memory (MB): peak = 1850.348 ; gain = 923.266
---------------------------------------------------------------------------------
 Sort Area is simple_bus__GB0 fp/mul_unit/exp_y1_0 : 0 0 : 3464 4778 : Used 1 time 0
 Sort Area is simple_bus__GB0 fp/mul_unit/exp_y1_0 : 0 1 : 1314 4778 : Used 1 time 0
---------------------------------------------------------------------------------
Start ROM, RAM, DSP, Shift Register and Retiming Reporting
---------------------------------------------------------------------------------

ROM: Preliminary Mapping Report
+------------+---------------+---------------+----------------+
|Module Name | RTL Object    | Depth x Width | Implemented As | 
+------------+---------------+---------------+----------------+
|top         | iboot/spo_reg | 4096x32       | Block RAM      | 
|top         | dboot/spo_reg | 4096x32       | Block RAM      | 
+------------+---------------+---------------+----------------+


Block RAM: Preliminary Mapping Report (see note below)
+------------+-------------+------------------------+---+---+------------------------+---+---+------------------+--------+--------+
|Module Name | RTL Object  | PORT A (Depth x Width) | W | R | PORT B (Depth x Width) | W | R | Ports driving FF | RAMB18 | RAMB36 | 
+------------+-------------+------------------------+---+---+------------------------+---+---+------------------+--------+--------+
|top         | ram/ram_reg | 1 K x 32(READ_FIRST)   | W |   | 1 K x 32(WRITE_FIRST)  |   | R | Port A and B     | 0      | 1      | 
+------------+-------------+------------------------+---+---+------------------------+---+---+------------------+--------+--------+

Note: The table above is a preliminary report that shows the Block RAMs at the current stage of the synthesis flow. Some Block RAMs may be reimplemented as non Block RAM primitives later in the synthesis flow. Multiple instantiated Block RAMs are reported only once. 

Distributed RAM: Preliminary Mapping Report (see note below)
+--------------+------------+-----------+----------------------+--------------+
|Module Name   | RTL Object | Inference | Size (Depth x Width) | Primitives   | 
+--------------+------------+-----------+----------------------+--------------+
|soci_4/cpu/rf | rf_reg     | Implied   | 32 x 32              | RAM32M x 12  | 
+--------------+------------+-----------+----------------------+--------------+

Note: The table above is a preliminary report that shows the Distributed RAMs at the current stage of the synthesis flow. Some Distributed RAMs may be reimplemented as non Distributed RAM primitives later in the synthesis flow. Multiple instantiated RAMs are reported only once.

DSP: Preliminary Mapping Report (see note below. The ' indicates corresponding REG is set)
+-------------+----------------+--------+--------+--------+--------+--------+------+------+------+------+-------+------+------+
|Module Name  | DSP Mapping    | A Size | B Size | C Size | D Size | P Size | AREG | BREG | CREG | DREG | ADREG | MREG | PREG | 
+-------------+----------------+--------+--------+--------+--------+--------+------+------+------+------+-------+------+------+
|top          | A*B2           | 25     | 18     | -      | -      | 48     | 0    | 1    | -    | -    | -     | 0    | 0    | 
|fp32_mul_pos | (PCIN>>17)+A*B | 25     | 8      | -      | -      | 31     | 0    | 0    | -    | -    | -     | 0    | 0    | 
+-------------+----------------+--------+--------+--------+--------+--------+------+------+------+------+-------+------+------+

Note: The table above is a preliminary report that shows the DSPs inferred at the current stage of the synthesis flow. Some DSP may be reimplemented as non DSP primitives later in the synthesis flow. Multiple instantiated DSPs are reported only once.
---------------------------------------------------------------------------------
Finished ROM, RAM, DSP, Shift Register and Retiming Reporting
---------------------------------------------------------------------------------
---------------------------------------------------------------------------------
Start Applying XDC Timing Constraints
---------------------------------------------------------------------------------
---------------------------------------------------------------------------------
Finished Applying XDC Timing Constraints : Time (s): cpu = 00:01:30 ; elapsed = 00:01:36 . Memory (MB): peak = 1850.348 ; gain = 923.266
---------------------------------------------------------------------------------
---------------------------------------------------------------------------------
Start Timing Optimization
---------------------------------------------------------------------------------
---------------------------------------------------------------------------------
Finished Timing Optimization : Time (s): cpu = 00:01:34 ; elapsed = 00:01:40 . Memory (MB): peak = 1850.348 ; gain = 923.266
---------------------------------------------------------------------------------
---------------------------------------------------------------------------------
Start ROM, RAM, DSP, Shift Register and Retiming Reporting
---------------------------------------------------------------------------------

Block RAM: Final Mapping Report
+------------+-------------+------------------------+---+---+------------------------+---+---+------------------+--------+--------+
|Module Name | RTL Object  | PORT A (Depth x Width) | W | R | PORT B (Depth x Width) | W | R | Ports driving FF | RAMB18 | RAMB36 | 
+------------+-------------+------------------------+---+---+------------------------+---+---+------------------+--------+--------+
|top         | ram/ram_reg | 1 K x 32(READ_FIRST)   | W |   | 1 K x 32(WRITE_FIRST)  |   | R | Port A and B     | 0      | 1      | 
+------------+-------------+------------------------+---+---+------------------------+---+---+------------------+--------+--------+


Distributed RAM: Final Mapping Report
+--------------+------------+-----------+----------------------+--------------+
|Module Name   | RTL Object | Inference | Size (Depth x Width) | Primitives   | 
+--------------+------------+-----------+----------------------+--------------+
|soci_4/cpu/rf | rf_reg     | Implied   | 32 x 32              | RAM32M x 12  | 
+--------------+------------+-----------+----------------------+--------------+

---------------------------------------------------------------------------------
Finished ROM, RAM, DSP, Shift Register and Retiming Reporting
---------------------------------------------------------------------------------
---------------------------------------------------------------------------------
Start Technology Mapping
---------------------------------------------------------------------------------
INFO: [Synth 8-7052] The timing for the instance soc/bus/ram/ram_reg (implemented as a Block RAM) might be sub-optimal as no optional output register could be merged into the ram block. Providing additional output register may help in improving timing.
INFO: [Synth 8-7052] The timing for the instance soc/bus/iboot/spo_reg_0 (implemented as a Block RAM) might be sub-optimal as no optional output register could be merged into the ram block. Providing additional output register may help in improving timing.
INFO: [Synth 8-7052] The timing for the instance soc/bus/iboot/spo_reg_0 (implemented as a Block RAM) might be sub-optimal as no optional output register could be merged into the ram block. Providing additional output register may help in improving timing.
INFO: [Synth 8-7052] The timing for the instance soc/bus/iboot/spo_reg_1 (implemented as a Block RAM) might be sub-optimal as no optional output register could be merged into the ram block. Providing additional output register may help in improving timing.
INFO: [Synth 8-7052] The timing for the instance soc/bus/iboot/spo_reg_1 (implemented as a Block RAM) might be sub-optimal as no optional output register could be merged into the ram block. Providing additional output register may help in improving timing.
INFO: [Synth 8-7052] The timing for the instance soc/bus/iboot/spo_reg_2 (implemented as a Block RAM) might be sub-optimal as no optional output register could be merged into the ram block. Providing additional output register may help in improving timing.
INFO: [Synth 8-7052] The timing for the instance soc/bus/iboot/spo_reg_2 (implemented as a Block RAM) might be sub-optimal as no optional output register could be merged into the ram block. Providing additional output register may help in improving timing.
INFO: [Synth 8-7052] The timing for the instance soc/bus/iboot/spo_reg_3 (implemented as a Block RAM) might be sub-optimal as no optional output register could be merged into the ram block. Providing additional output register may help in improving timing.
INFO: [Synth 8-7052] The timing for the instance soc/bus/iboot/spo_reg_3 (implemented as a Block RAM) might be sub-optimal as no optional output register could be merged into the ram block. Providing additional output register may help in improving timing.
---------------------------------------------------------------------------------
Finished Technology Mapping : Time (s): cpu = 00:01:43 ; elapsed = 00:01:50 . Memory (MB): peak = 1884.801 ; gain = 957.719
---------------------------------------------------------------------------------
---------------------------------------------------------------------------------
Start IO Insertion
---------------------------------------------------------------------------------
---------------------------------------------------------------------------------
Start Flattening Before IO Insertion
---------------------------------------------------------------------------------
---------------------------------------------------------------------------------
Finished Flattening Before IO Insertion
---------------------------------------------------------------------------------
---------------------------------------------------------------------------------
Start Final Netlist Cleanup
---------------------------------------------------------------------------------
---------------------------------------------------------------------------------
Finished Final Netlist Cleanup
---------------------------------------------------------------------------------
---------------------------------------------------------------------------------
Finished IO Insertion : Time (s): cpu = 00:01:48 ; elapsed = 00:01:55 . Memory (MB): peak = 1886.805 ; gain = 959.723
---------------------------------------------------------------------------------
---------------------------------------------------------------------------------
Start Renaming Generated Instances
---------------------------------------------------------------------------------
---------------------------------------------------------------------------------
Finished Renaming Generated Instances : Time (s): cpu = 00:01:48 ; elapsed = 00:01:55 . Memory (MB): peak = 1886.805 ; gain = 959.723
---------------------------------------------------------------------------------
---------------------------------------------------------------------------------
Start Rebuilding User Hierarchy
---------------------------------------------------------------------------------
---------------------------------------------------------------------------------
Finished Rebuilding User Hierarchy : Time (s): cpu = 00:01:51 ; elapsed = 00:01:58 . Memory (MB): peak = 1886.805 ; gain = 959.723
---------------------------------------------------------------------------------
---------------------------------------------------------------------------------
Start Renaming Generated Ports
---------------------------------------------------------------------------------
---------------------------------------------------------------------------------
Finished Renaming Generated Ports : Time (s): cpu = 00:01:51 ; elapsed = 00:01:58 . Memory (MB): peak = 1886.805 ; gain = 959.723
---------------------------------------------------------------------------------
---------------------------------------------------------------------------------
Start Handling Custom Attributes
---------------------------------------------------------------------------------
---------------------------------------------------------------------------------
Finished Handling Custom Attributes : Time (s): cpu = 00:01:51 ; elapsed = 00:01:58 . Memory (MB): peak = 1886.805 ; gain = 959.723
---------------------------------------------------------------------------------
---------------------------------------------------------------------------------
Start Renaming Generated Nets
---------------------------------------------------------------------------------
---------------------------------------------------------------------------------
Finished Renaming Generated Nets : Time (s): cpu = 00:01:51 ; elapsed = 00:01:58 . Memory (MB): peak = 1886.805 ; gain = 959.723
---------------------------------------------------------------------------------
---------------------------------------------------------------------------------
Start Writing Synthesis Report
---------------------------------------------------------------------------------

DSP Final Report (the ' indicates corresponding REG is set)
+-------------+--------------+--------+--------+--------+--------+--------+------+------+------+------+-------+------+------+
|Module Name  | DSP Mapping  | A Size | B Size | C Size | D Size | P Size | AREG | BREG | CREG | DREG | ADREG | MREG | PREG | 
+-------------+--------------+--------+--------+--------+--------+--------+------+------+------+------+-------+------+------+
|top          | A*B'         | 24     | 17     | -      | -      | 48     | 0    | 1    | -    | -    | -     | 0    | 0    | 
|fp32_mul_pos | PCIN>>17+A*B | 24     | 7      | -      | -      | 31     | 0    | 0    | -    | -    | -     | 0    | 0    | 
+-------------+--------------+--------+--------+--------+--------+--------+------+------+------+------+-------+------+------+


Report BlackBoxes: 
+------+---------------+----------+
|      |BlackBox name  |Instances |
+------+---------------+----------+
|1     |bupt_riscv_mig |         1|
+------+---------------+----------+

Report Cell Usage: 
+------+---------------+------+
|      |Cell           |Count |
+------+---------------+------+
|1     |bupt_riscv_mig |     1|
|2     |BUFG           |     4|
|3     |BUFGCE         |     1|
|4     |CARRY4         |   449|
|5     |DSP48E1        |     2|
|7     |LUT1           |   250|
|8     |LUT2           |  1055|
|9     |LUT3           |   856|
|10    |LUT4           |   769|
|11    |LUT5           |   990|
|12    |LUT6           | 10039|
|13    |MMCME2_BASE    |     1|
|14    |MUXF7          |  3319|
|15    |MUXF8          |  1581|
|16    |RAM32M         |    10|
|17    |RAM32X1D       |     4|
|18    |RAMB36E1       |     5|
|23    |FDCE           |  1494|
|24    |FDPE           |    20|
|25    |FDRE           | 24982|
|26    |FDSE           |   128|
|27    |IBUF           |    23|
|28    |OBUF           |    33|
+------+---------------+------+
---------------------------------------------------------------------------------
Finished Writing Synthesis Report : Time (s): cpu = 00:01:51 ; elapsed = 00:01:59 . Memory (MB): peak = 1886.805 ; gain = 959.723
---------------------------------------------------------------------------------
Synthesis finished with 0 errors, 0 critical warnings and 1 warnings.
Synthesis Optimization Runtime : Time (s): cpu = 00:01:39 ; elapsed = 00:01:54 . Memory (MB): peak = 1886.805 ; gain = 837.984
Synthesis Optimization Complete : Time (s): cpu = 00:01:52 ; elapsed = 00:01:59 . Memory (MB): peak = 1886.805 ; gain = 959.723
INFO: [Project 1-571] Translating synthesized netlist
Netlist sorting complete. Time (s): cpu = 00:00:00 ; elapsed = 00:00:00.295 . Memory (MB): peak = 1891.039 ; gain = 0.000
WARNING: [Netlist 29-345] The value of SIM_DEVICE on instance 'demo_clk_ctrl/soc_clk_bufg' of type 'BUFGCE' is 'ULTRASCALE'; it is being changed to match the current FPGA architecture, '7SERIES'. For functional simulation to match hardware behavior, the value of SIM_DEVICE should be changed in the source netlist. 
INFO: [Netlist 29-17] Analyzing 5372 Unisim elements for replacement
INFO: [Netlist 29-28] Unisim Transformation completed in 0 CPU seconds
INFO: [Project 1-570] Preparing netlist for logic optimization
INFO: [Opt 31-138] Pushed 1 inverter(s) to 14 load pin(s).
Netlist sorting complete. Time (s): cpu = 00:00:00 ; elapsed = 00:00:00.006 . Memory (MB): peak = 1899.746 ; gain = 0.000
INFO: [Project 1-111] Unisim Transformation Summary:
  A total of 16 instances were transformed.
  BUFGCE => BUFGCTRL: 1 instance 
  MMCME2_BASE => MMCME2_ADV: 1 instance 
  RAM32M => RAM32M (inverted pins: WCLK) (RAMD32(x6), RAMS32(x2)): 10 instances
  RAM32X1D => RAM32X1D (inverted pins: WCLK) (RAMD32(x2)): 4 instances

The system cannot find the path specified.
Synth Design complete | Checksum: 80312f13
INFO: [Common 17-83] Releasing license: Synthesis
156 Infos, 206 Warnings, 0 Critical Warnings and 0 Errors encountered.
synth_design completed successfully
synth_design: Time (s): cpu = 00:01:58 ; elapsed = 00:02:07 . Memory (MB): peak = 1899.746 ; gain = 1374.664
Write ShapeDB Complete: Time (s): cpu = 00:00:00 ; elapsed = 00:00:00.036 . Memory (MB): peak = 1899.746 ; gain = 0.000
INFO: [Common 17-1381] The checkpoint 'D:/CodeProject/Verilog_Project/COCP/Verilog/build/bupt_riscv_vivado_acceptance_final/bupt_riscv.runs/synth_1/top.dcp' has been generated.
INFO: [runtcl-4] Executing : report_utilization -file top_utilization_synth.rpt -pb top_utilization_synth.pb
INFO: [Common 17-206] Exiting Vivado at Fri Jul 10 22:28:16 2026...
